[Licensing::Module] Trying to connect to existing licensing client channel...
Built from '6000.3/staging' branch; Version is '6000.3.2f1 (a9779f353c9b) revision 11106207'; Using compiler version '194234433'; Build Type 'Release'
[Licensing::IpcConnector] Successfully connected to: "LicenseClient-david" at "2026-01-20T11:15:19.4577484Z"
OS: 'Windows 11  (10.0.26200) 64bit Core' Language: 'en' Physical Memory: 8033 MB
BatchMode: 1, IsHumanControllingUs: 0, StartBugReporterOnCrash: 0, Is64bit: 1
Date: 2026-01-20T11:15:19Z

COMMAND LINE ARGUMENTS:
C:\Program Files\Unity\Hub\Editor\6000.3.2f1\Editor\Unity.exe
-adb2
-batchMode
-noUpm
-name
AssetImportWorker0
-projectPath
C:/Users/david/Documents/GitHub/PandPGame/Project Folder/Tower Defense Template
-logFile
Logs/AssetImportWorker0.log
-srvPort
61277
-job-worker-count
5
-background-job-worker-count
8
-gc-helper-count
1
-name
AssetImport
Successfully changed project path to: C:/Users/david/Documents/GitHub/PandPGame/Project Folder/Tower Defense Template
C:/Users/david/Documents/GitHub/PandPGame/Project Folder/Tower Defense Template
[UnityMemory] Configuration Parameters - Can be set up in boot.config
    "memorysetup-temp-allocator-size-nav-mesh-worker=65536"
    "memorysetup-temp-allocator-size-audio-worker=65536"
    "memorysetup-temp-allocator-size-gfx=262144"
    "memorysetup-allocator-temp-initial-block-size-main=262144"
    "memorysetup-allocator-temp-initial-block-size-worker=262144"
    "memorysetup-temp-allocator-size-background-worker=32768"
    "memorysetup-temp-allocator-size-job-worker=262144"
    "memorysetup-temp-allocator-size-preload-manager=33554432"
    "memorysetup-temp-allocator-size-gi-baking-worker=262144"
    "memorysetup-temp-allocator-size-gi-baking-worker=262144"
    "memorysetup-temp-allocator-size-gi-baking-worker=262144"
    "memorysetup-temp-allocator-size-gi-baking-worker=262144"
    "memorysetup-temp-allocator-size-gi-baking-worker=262144"
    "memorysetup-bucket-allocator-granularity=16"
    "memorysetup-bucket-allocator-bucket-count=8"
    "memorysetup-bucket-allocator-block-size=33554432"
    "memorysetup-bucket-allocator-block-count=8"
    "memorysetup-main-allocator-block-size=16777216"
    "memorysetup-thread-allocator-block-size=16777216"
    "memorysetup-gfx-main-allocator-block-size=16777216"
    "memorysetup-gfx-thread-allocator-block-size=16777216"
    "memorysetup-cache-allocator-block-size=4194304"
    "memorysetup-typetree-allocator-block-size=2097152"
    "memorysetup-profiler-bucket-allocator-granularity=16"
    "memorysetup-profiler-bucket-allocator-bucket-count=8"
    "memorysetup-profiler-bucket-allocator-block-size=33554432"
    "memorysetup-profiler-bucket-allocator-block-count=8"
    "memorysetup-profiler-allocator-block-size=16777216"
    "memorysetup-profiler-editor-allocator-block-size=1048576"
    "memorysetup-temp-allocator-size-main=16777216"
    "memorysetup-job-temp-allocator-block-size=2097152"
    "memorysetup-job-temp-allocator-block-size-background=1048576"
    "memorysetup-job-temp-allocator-reduction-small-platforms=262144"
    "memorysetup-temp-allocator-size-cloud-worker=32768"
Player connection [22828]  Target information:

Player connection [22828]  * "[IP] 192.168.1.77 [Port] 0 [Flags] 2 [Guid] 2367347821 [EditorId] 2367347821 [Version] 1048832 [Id] WindowsEditor(7,Qwerty) [Debug] 1 [PackageName] WindowsEditor [ProjectName] Editor" 

Player connection [22828]  * "[IP] 192.168.137.1 [Port] 0 [Flags] 2 [Guid] 2367347821 [EditorId] 2367347821 [Version] 1048832 [Id] WindowsEditor(7,Qwerty) [Debug] 1 [PackageName] WindowsEditor [ProjectName] Editor" 

Player connection [22828] Host joined multi-casting on [225.0.0.222:54997]...
Player connection [22828] Host joined alternative multi-casting on [225.0.0.222:34997]...
JobSystem: Creating JobQueue using job-worker-count value 5
Input System module state changed to: Initialized.
[Physics::Module] Initialized fallback backend.
[Physics::Module] Id: 0xdecafbad
Library Redirect Path: Library/
[Physics::Module] Selected backend.
[Physics::Module] Name: PhysX
[Physics::Module] Id: 0xf2b8ea05
[Physics::Module] SDK Version: 4.1.2
[Physics::Module] Integration Version: 1.0.0
[Physics::Module] Threading Mode: Multi-Threaded
Refreshing native plugins compatible for Editor in 0.00 ms, found 0 plugins.
Preloading 0 native plugins for Editor in 0.00 ms.
Initialize engine version: 6000.3.2f1 (a9779f353c9b)
[Subsystems] Discovering subsystems at path C:/Program Files/Unity/Hub/Editor/6000.3.2f1/Editor/Data/Resources/UnitySubsystems
[Subsystems] Discovering subsystems at path C:/Users/david/Documents/GitHub/PandPGame/Project Folder/Tower Defense Template/Assets
GfxDevice: creating device client; kGfxThreadingModeNonThreaded
Direct3D:
    Version:  Direct3D 11.0 [level 11.1]
    Renderer: NVIDIA GeForce RTX 3050 (ID=0x2507)
    Vendor:   NVIDIA
    VRAM:     8042 MB
    Driver:   32.0.15.6094
Initialize mono
Mono path[0] = 'C:/Program Files/Unity/Hub/Editor/6000.3.2f1/Editor/Data/Managed'
Mono path[1] = 'C:/Program Files/Unity/Hub/Editor/6000.3.2f1/Editor/Data/MonoBleedingEdge/lib/mono/unityjit-win32'
Mono config path = 'C:/Program Files/Unity/Hub/Editor/6000.3.2f1/Editor/Data/MonoBleedingEdge/etc'
Using monoOptions --debugger-agent=transport=dt_socket,embedding=1,server=y,suspend=n,address=127.0.0.1:56072
Begin MonoManager ReloadAssembly
Registering precompiled unity dll's ...
Register platform support module: C:/Program Files/Unity/Hub/Editor/6000.3.2f1/Editor/Data/PlaybackEngines/WindowsStandaloneSupport/UnityEditor.WindowsStandalone.Extensions.dll
Registered in 0.002267 seconds.
- Loaded All Assemblies, in  0.508 seconds
Native extension for WindowsStandalone target not found
Mono: successfully reloaded assembly
- Finished resetting the current domain, in  0.530 seconds
Domain Reload Profiling: 1036ms
	BeginReloadAssembly (198ms)
		ExecutionOrderSort (0ms)
		DisableScriptedObjects (0ms)
		BackupInstance (0ms)
		ReleaseScriptingObjects (0ms)
		CreateAndSetChildDomain (1ms)
	RebuildCommonClasses (43ms)
	RebuildNativeTypeToScriptingClass (12ms)
	initialDomainReloadingComplete (49ms)
	LoadAllAssembliesAndSetupDomain (204ms)
		LoadAssemblies (195ms)
		RebuildTransferFunctionScriptingTraits (0ms)
		AnalyzeDomain (201ms)
			TypeCache.Refresh (199ms)
				TypeCache.ScanAssembly (182ms)
			BuildScriptInfoCaches (0ms)
			ResolveRequiredComponents (1ms)
	FinalizeReload (531ms)
		ReleaseScriptCaches (0ms)
		RebuildScriptCaches (0ms)
		SetupLoadedEditorAssemblies (483ms)
			LogAssemblyErrors (0ms)
			InitializePlatformSupportModulesInManaged (57ms)
			SetLoadedEditorAssemblies (4ms)
			BeforeProcessingInitializeOnLoad (94ms)
			ProcessInitializeOnLoadAttributes (190ms)
			ProcessInitializeOnLoadMethodAttributes (138ms)
			AfterProcessingInitializeOnLoad (0ms)
			EditorAssembliesLoaded (0ms)
		ExecutionOrderSort2 (0ms)
		AwakeInstancesAfterBackupRestoration (0ms)
========================================================================
Worker process is ready to serve import requests
Import Worker Mode flag is 0x00
Begin MonoManager ReloadAssembly
[Licensing::Module] Licensing is not yet initialized.
[Licensing::Client] Handshaking with LicensingClient:
  Version:                 1.17.4+4293ba1
  Session Id:              2cc40e016b0343d99c731dbead71a7f4
  Correlation Id:          98b50fba5274dda1afe2897c7e8cac37
  External correlation Id: 117621944522677077
  Machine Id:              A6CeyOrsppipM6dAshma+TUbWa8=
[Licensing::Module] Successfully connected to LicensingClient on channel: "LicenseClient-david" (connect: 0.00s, validation: 0.01s, handshake: 2.20s)
[Licensing::IpcConnector] Successfully connected to: "LicenseClient-david-notifications" at "2026-01-20T11:15:21.6604138Z"
[Licensing::Module] Licensing Background thread has ended after 2.20s
[Licensing::Module] Licensing is initialized (took 0.48s).
[Licensing::Client] Successfully resolved entitlement details
[Licensing::Module] License group:
  Id: F4-ND5K-8W28-C636-FXKJ-XXXX
  Product: Unity Personal
  Type: ULF
  Expiration: Unlimited
[Licensing::Module] License group:
  Id: 20066303095614-UnityPersXXXX
  Product: Unity Personal
  Type: Assigned
  Expiration: Unlimited
- Loaded All Assemblies, in  0.784 seconds
Refreshing native plugins compatible for Editor in 0.00 ms, found 0 plugins.
Native extension for WindowsStandalone target not found
Mono: successfully reloaded assembly
- Finished resetting the current domain, in  0.363 seconds
Domain Reload Profiling: 1145ms
	BeginReloadAssembly (689ms)
		ExecutionOrderSort (0ms)
		DisableScriptedObjects (8ms)
		BackupInstance (0ms)
		ReleaseScriptingObjects (0ms)
		CreateAndSetChildDomain (37ms)
	RebuildCommonClasses (49ms)
	RebuildNativeTypeToScriptingClass (11ms)
	initialDomainReloadingComplete (18ms)
	LoadAllAssembliesAndSetupDomain (15ms)
		LoadAssemblies (120ms)
		RebuildTransferFunctionScriptingTraits (0ms)
		AnalyzeDomain (13ms)
			TypeCache.Refresh (8ms)
				TypeCache.ScanAssembly (2ms)
			BuildScriptInfoCaches (1ms)
			ResolveRequiredComponents (0ms)
	FinalizeReload (363ms)
		ReleaseScriptCaches (0ms)
		RebuildScriptCaches (0ms)
		SetupLoadedEditorAssemblies (260ms)
			LogAssemblyErrors (0ms)
			InitializePlatformSupportModulesInManaged (2ms)
			SetLoadedEditorAssemblies (3ms)
			BeforeProcessingInitializeOnLoad (95ms)
			ProcessInitializeOnLoadAttributes (124ms)
			ProcessInitializeOnLoadMethodAttributes (30ms)
			AfterProcessingInitializeOnLoad (6ms)
			EditorAssembliesLoaded (0ms)
		ExecutionOrderSort2 (0ms)
		AwakeInstancesAfterBackupRestoration (7ms)
Launched and connected shader compiler UnityShaderCompiler.exe after 0.01 seconds
Refreshing native plugins compatible for Editor in 0.00 ms, found 0 plugins.
Preloading 0 native plugins for Editor in 0.00 ms.
Unloading 4 Unused Serialized files (Serialized files now loaded: 0)
Unloading 322 unused Assets / (343.1 KB). Loaded Objects now: 931.
Memory consumption went from 68.9 MB to 68.5 MB.
Total: 7.594000 ms (FindLiveObjects: 0.127200 ms CreateObjectMapping: 0.031400 ms MarkObjects: 7.024500 ms  DeleteObjects: 0.407700 ms)

========================================================================
Received Import Request.
  Time since last request: 47785.112478 seconds.
  path: Assets/UnityTechnologies/TowerDefenseTemplate/Animations/MainMenu/CameraMove1.anim
  artifactKey: Guid(2647da23ed36648f69aeb99c23d7167a) Importer(2089858483,b0f066a214c2f5e87bad3c948f4d605d)
Start importing Assets/UnityTechnologies/TowerDefenseTemplate/Animations/MainMenu/CameraMove1.anim using Guid(2647da23ed36648f69aeb99c23d7167a) Importer(2089858483,b0f066a214c2f5e87bad3c948f4d605d) (ScriptedImporter) -> (artifact id: 'b1dcb459ba709857b87291c0c94961ca') in 0.1686873 seconds
Number of updated asset objects reloaded before import = 0Number of asset objects unloaded after import = 1

========================================================================
Received Import Request.
  Time since last request: 0.000024 seconds.
  path: Assets/UnityTechnologies/TowerDefenseTemplate/Audio/UI/TD Defeat .wav
  artifactKey: Guid(01e0e2d3367124c909e8666c4241940c) Importer(2089858483,b0f066a214c2f5e87bad3c948f4d605d)
Start importing Assets/UnityTechnologies/TowerDefenseTemplate/Audio/UI/TD Defeat .wav using Guid(01e0e2d3367124c909e8666c4241940c) Importer(2089858483,b0f066a214c2f5e87bad3c948f4d605d) (ScriptedImporter) -> (artifact id: '4990641ac7db1cc5732bf27c57a22f37') in 0.0734047 seconds
Number of updated asset objects reloaded before import = 0Number of asset objects unloaded after import = 1

========================================================================
Received Import Request.
  Time since last request: 0.000162 seconds.
  path: Assets/UnityTechnologies/TowerDefenseTemplate/Audio/UI/TD Currency.wav
  artifactKey: Guid(d8f524a468d2f43eeb30bf19d8a8337f) Importer(2089858483,b0f066a214c2f5e87bad3c948f4d605d)
Start importing Assets/UnityTechnologies/TowerDefenseTemplate/Audio/UI/TD Currency.wav using Guid(d8f524a468d2f43eeb30bf19d8a8337f) Importer(2089858483,b0f066a214c2f5e87bad3c948f4d605d) (ScriptedImporter) -> (artifact id: 'c7509715246f0190de315c1d38cdb488') in 0.0600572 seconds
Number of updated asset objects reloaded before import = 0Number of asset objects unloaded after import = 1

========================================================================
Received Import Request.
  Time since last request: 0.000031 seconds.
  path: Assets/UnityTechnologies/TowerDefenseTemplate/UI/icon_health.png
  artifactKey: Guid(5b9fbf6723e204fb3b3694feab6a2cf3) Importer(2089858483,b0f066a214c2f5e87bad3c948f4d605d)
Start importing Assets/UnityTechnologies/TowerDefenseTemplate/UI/icon_health.png using Guid(5b9fbf6723e204fb3b3694feab6a2cf3) Importer(2089858483,b0f066a214c2f5e87bad3c948f4d605d) (ScriptedImporter) -> (artifact id: '471a15a465cfe561d40b9b9e45c198a2') in 0.0862253 seconds
Number of updated asset objects reloaded before import = 0Number of asset objects unloaded after import = 3

========================================================================
Received Import Request.
  Time since last request: 0.000025 seconds.
  path: Assets/UnityTechnologies/TowerDefenseTemplate/Data/Alignments/Enemy.asset
  artifactKey: Guid(9dc4735bf52f547d59ebe1007e9a0e7f) Importer(2089858483,b0f066a214c2f5e87bad3c948f4d605d)
Start importing Assets/UnityTechnologies/TowerDefenseTemplate/Data/Alignments/Enemy.asset using Guid(9dc4735bf52f547d59ebe1007e9a0e7f) Importer(2089858483,b0f066a214c2f5e87bad3c948f4d605d) (ScriptedImporter) -> (artifact id: '4b9b8016443b03cc4be4b1341ef63b77') in 0.0143904 seconds
Number of updated asset objects reloaded before import = 0Number of asset objects unloaded after import = 1

========================================================================
Received Import Request.
  Time since last request: 0.000036 seconds.
  path: Assets/UnityTechnologies/TowerDefenseTemplate/UI/icon_sell_white.png
  artifactKey: Guid(38c1bfd61d1d143019784cec5a19e6ad) Importer(2089858483,b0f066a214c2f5e87bad3c948f4d605d)
Start importing Assets/UnityTechnologies/TowerDefenseTemplate/UI/icon_sell_white.png using Guid(38c1bfd61d1d143019784cec5a19e6ad) Importer(2089858483,b0f066a214c2f5e87bad3c948f4d605d) (ScriptedImporter) -> (artifact id: '0aeb7bfc5de9fd3f3e0b73cff581d461') in 0.0212461 seconds
Number of updated asset objects reloaded before import = 0Number of asset objects unloaded after import = 3

========================================================================
Received Import Request.
  Time since last request: 0.000017 seconds.
  path: Assets/UnityTechnologies/TowerDefenseTemplate/Materials/Levels/Level01_Environment.mat
  artifactKey: Guid(7aec95210fbee42c4bdb81634224facf) Importer(2089858483,b0f066a214c2f5e87bad3c948f4d605d)
Start importing Assets/UnityTechnologies/TowerDefenseTemplate/Materials/Levels/Level01_Environment.mat using Guid(7aec95210fbee42c4bdb81634224facf) Importer(2089858483,b0f066a214c2f5e87bad3c948f4d605d) (ScriptedImporter) -> (artifact id: 'e30b664430cc72e22b3ba19c97e975c7') in 0.0672188 seconds
Number of updated asset objects reloaded before import = 0Number of asset objects unloaded after import = 1

========================================================================
Received Import Request.
  Time since last request: 0.000030 seconds.
  path: Assets/UnityTechnologies/TowerDefenseTemplate/Audio/Music/Menu Music.mp3
  artifactKey: Guid(1e8f5015922b04dd1b862cf76c53775a) Importer(2089858483,b0f066a214c2f5e87bad3c948f4d605d)
Start importing Assets/UnityTechnologies/TowerDefenseTemplate/Audio/Music/Menu Music.mp3 using Guid(1e8f5015922b04dd1b862cf76c53775a) Importer(2089858483,b0f066a214c2f5e87bad3c948f4d605d) (ScriptedImporter) -> (artifact id: 'a06730fe06c1dfc8b56e91575c636aaa') in 0.0297347 seconds
Number of updated asset objects reloaded before import = 0Number of asset objects unloaded after import = 1

========================================================================
Received Import Request.
  Time since last request: 0.000031 seconds.
  path: Assets/UnityTechnologies/TowerDefenseTemplate/Icon/Icon400.png
  artifactKey: Guid(da55ea351339347598f357c9e0490d9b) Importer(2089858483,b0f066a214c2f5e87bad3c948f4d605d)
Start importing Assets/UnityTechnologies/TowerDefenseTemplate/Icon/Icon400.png using Guid(da55ea351339347598f357c9e0490d9b) Importer(2089858483,b0f066a214c2f5e87bad3c948f4d605d) (ScriptedImporter) -> (artifact id: '3e7a3cd087a7d3b64234d813083e438e') in 0.0199941 seconds
Number of updated asset objects reloaded before import = 0Number of asset objects unloaded after import = 1

========================================================================
Received Import Request.
  Time since last request: 0.000042 seconds.
  path: Assets/UnityTechnologies/TowerDefenseTemplate/Data/Agents/Super Hoverbuggy.asset
  artifactKey: Guid(98b0a9cdbcd30464387e82fa5c2052a1) Importer(2089858483,b0f066a214c2f5e87bad3c948f4d605d)
Start importing Assets/UnityTechnologies/TowerDefenseTemplate/Data/Agents/Super Hoverbuggy.asset using Guid(98b0a9cdbcd30464387e82fa5c2052a1) Importer(2089858483,b0f066a214c2f5e87bad3c948f4d605d) (ScriptedImporter) -> (artifact id: '039de78010ff1ad900f947d4f235624f') in 0.0170445 seconds
Number of updated asset objects reloaded before import = 0Number of asset objects unloaded after import = 1

========================================================================
Received Import Request.
  Time since last request: 0.000018 seconds.
  path: Assets/UnityTechnologies/TowerDefenseTemplate/Data/Tower/Pylon2.asset
  artifactKey: Guid(b58078dcdcb8e4d68b99c9eb3fd322a8) Importer(2089858483,b0f066a214c2f5e87bad3c948f4d605d)
Start importing Assets/UnityTechnologies/TowerDefenseTemplate/Data/Tower/Pylon2.asset using Guid(b58078dcdcb8e4d68b99c9eb3fd322a8) Importer(2089858483,b0f066a214c2f5e87bad3c948f4d605d) (ScriptedImporter) -> (artifact id: 'be8e195756f8ea5e244f5d80d83cb4e7') in 0.0136977 seconds
Number of updated asset objects reloaded before import = 0Number of asset objects unloaded after import = 1

========================================================================
Received Import Request.
  Time since last request: 0.000019 seconds.
  path: Assets/UnityTechnologies/TowerDefenseTemplate/Materials/Levels/Level01_Road.mat
  artifactKey: Guid(96c827f63b5004e0583fe6ac7d168334) Importer(2089858483,b0f066a214c2f5e87bad3c948f4d605d)
Start importing Assets/UnityTechnologies/TowerDefenseTemplate/Materials/Levels/Level01_Road.mat using Guid(96c827f63b5004e0583fe6ac7d168334) Importer(2089858483,b0f066a214c2f5e87bad3c948f4d605d) (ScriptedImporter) -> (artifact id: 'a72c8b08d16cff7cef0939d783cf3283') in 0.0174689 seconds
Number of updated asset objects reloaded before import = 0Number of asset objects unloaded after import = 2

========================================================================
Received Import Request.
  Time since last request: 0.000016 seconds.
  path: Assets/UnityTechnologies/TowerDefenseTemplate/UI/icon_close.png
  artifactKey: Guid(7ed09e549e5c94af5b7f16ddfb122f43) Importer(2089858483,b0f066a214c2f5e87bad3c948f4d605d)
Start importing Assets/UnityTechnologies/TowerDefenseTemplate/UI/icon_close.png using Guid(7ed09e549e5c94af5b7f16ddfb122f43) Importer(2089858483,b0f066a214c2f5e87bad3c948f4d605d) (ScriptedImporter) -> (artifact id: 'b7a12fd4e0a3c555cc2c9236adda4988') in 0.0180915 seconds
Number of updated asset objects reloaded before import = 0Number of asset objects unloaded after import = 3

========================================================================
Received Import Request.
  Time since last request: 0.000027 seconds.
  path: Assets/UnityTechnologies/TowerDefenseTemplate/UI/build_sniper.png
  artifactKey: Guid(53652022b1d444a5c9e9630488e44e13) Importer(2089858483,b0f066a214c2f5e87bad3c948f4d605d)
Start importing Assets/UnityTechnologies/TowerDefenseTemplate/UI/build_sniper.png using Guid(53652022b1d444a5c9e9630488e44e13) Importer(2089858483,b0f066a214c2f5e87bad3c948f4d605d) (ScriptedImporter) -> (artifact id: '22f45708903c4cbe217dd99c62b1d7f0') in 0.0229297 seconds
Number of updated asset objects reloaded before import = 0Number of asset objects unloaded after import = 3

========================================================================
Received Import Request.
  Time since last request: 0.000015 seconds.
  path: Assets/UnityTechnologies/TowerDefenseTemplate/Animations/SlowFx.anim
  artifactKey: Guid(68e49a39c5e764c6c9f006b43150f29f) Importer(2089858483,b0f066a214c2f5e87bad3c948f4d605d)
Start importing Assets/UnityTechnologies/TowerDefenseTemplate/Animations/SlowFx.anim using Guid(68e49a39c5e764c6c9f006b43150f29f) Importer(2089858483,b0f066a214c2f5e87bad3c948f4d605d) (ScriptedImporter) -> (artifact id: 'd18bad7f03eb146137f78ac2214d7255') in 0.0127522 seconds
Number of updated asset objects reloaded before import = 0Number of asset objects unloaded after import = 1

========================================================================
Received Import Request.
  Time since last request: 0.000022 seconds.
  path: Assets/UnityTechnologies/TowerDefenseTemplate/Data/Tower/Laser1.asset
  artifactKey: Guid(1306a5e8c7496423787105957ebda899) Importer(2089858483,b0f066a214c2f5e87bad3c948f4d605d)
Start importing Assets/UnityTechnologies/TowerDefenseTemplate/Data/Tower/Laser1.asset using Guid(1306a5e8c7496423787105957ebda899) Importer(2089858483,b0f066a214c2f5e87bad3c948f4d605d) (ScriptedImporter) -> (artifact id: '1de32effb04139c05f744be6b40685a1') in 0.0132123 seconds
Number of updated asset objects reloaded before import = 0Number of asset objects unloaded after import = 1

========================================================================
Received Import Request.
  Time since last request: 0.000081 seconds.
  path: Assets/UnityTechnologies/TowerDefenseTemplate/Audio/GameMix.mixer
  artifactKey: Guid(c40bed98f23a748f89472abe9c1a6871) Importer(2089858483,b0f066a214c2f5e87bad3c948f4d605d)
Start importing Assets/UnityTechnologies/TowerDefenseTemplate/Audio/GameMix.mixer using Guid(c40bed98f23a748f89472abe9c1a6871) Importer(2089858483,b0f066a214c2f5e87bad3c948f4d605d) (ScriptedImporter)Refreshing native plugins compatible for Editor in 0.00 ms, found 0 plugins.
Preloading 0 native plugins for Editor in 0.00 ms.
 -> (artifact id: 'd8f69fd277643083e6f23ba1535ab432') in 0.029794 seconds
Number of updated asset objects reloaded before import = 0Number of asset objects unloaded after import = 51

========================================================================
Received Import Request.
  Time since last request: 0.000025 seconds.
  path: Assets/UnityTechnologies/TowerDefenseTemplate/UI/HomeBaseTargetZone.png
  artifactKey: Guid(7eac4c2ebcb084f8b9968be4f7984306) Importer(2089858483,b0f066a214c2f5e87bad3c948f4d605d)
Start importing Assets/UnityTechnologies/TowerDefenseTemplate/UI/HomeBaseTargetZone.png using Guid(7eac4c2ebcb084f8b9968be4f7984306) Importer(2089858483,b0f066a214c2f5e87bad3c948f4d605d) (ScriptedImporter) -> (artifact id: '8886032df7d6cb94cb25ddf57c42c338') in 0.017201 seconds
Number of updated asset objects reloaded before import = 0Number of asset objects unloaded after import = 1

========================================================================
Received Import Request.
  Time since last request: 0.000024 seconds.
  path: Assets/UnityTechnologies/TowerDefenseTemplate/Animations/HoverTankGlow.anim
  artifactKey: Guid(dfa8345d0505b480d9c59a30298ac258) Importer(2089858483,b0f066a214c2f5e87bad3c948f4d605d)
Start importing Assets/UnityTechnologies/TowerDefenseTemplate/Animations/HoverTankGlow.anim using Guid(dfa8345d0505b480d9c59a30298ac258) Importer(2089858483,b0f066a214c2f5e87bad3c948f4d605d) (ScriptedImporter) -> (artifact id: '7980bf0d98d734a29558901f0524fa40') in 0.0138668 seconds
Number of updated asset objects reloaded before import = 0Number of asset objects unloaded after import = 1

========================================================================
Received Import Request.
  Time since last request: 0.000035 seconds.
  path: Assets/UnityTechnologies/TowerDefenseTemplate/UI/star_big.png
  artifactKey: Guid(1361a7ad4c5a14db584c87ffddd81b29) Importer(2089858483,b0f066a214c2f5e87bad3c948f4d605d)
Start importing Assets/UnityTechnologies/TowerDefenseTemplate/UI/star_big.png using Guid(1361a7ad4c5a14db584c87ffddd81b29) Importer(2089858483,b0f066a214c2f5e87bad3c948f4d605d) (ScriptedImporter) -> (artifact id: 'f957a9fc2af123d6043763133ed59d36') in 0.0150337 seconds
Number of updated asset objects reloaded before import = 0Number of asset objects unloaded after import = 3

========================================================================
Received Import Request.
  Time since last request: 0.000033 seconds.
  path: Assets/UnityTechnologies/TowerDefenseTemplate/Audio/SFX/Enemy Fire.wav
  artifactKey: Guid(284169030cdb44ac5aeed3136719a521) Importer(2089858483,b0f066a214c2f5e87bad3c948f4d605d)
Start importing Assets/UnityTechnologies/TowerDefenseTemplate/Audio/SFX/Enemy Fire.wav using Guid(284169030cdb44ac5aeed3136719a521) Importer(2089858483,b0f066a214c2f5e87bad3c948f4d605d) (ScriptedImporter) -> (artifact id: '80d7d8fe34ec507bbd9563d3abc1a58a') in 0.0237809 seconds
Number of updated asset objects reloaded before import = 0Number of asset objects unloaded after import = 1

========================================================================
Received Import Request.
  Time since last request: 0.000020 seconds.
  path: Assets/UnityTechnologies/TowerDefenseTemplate/UI/box_white_bottomleft.png
  artifactKey: Guid(a0c0b78d3cfda4eb6acd5752a0eda707) Importer(2089858483,b0f066a214c2f5e87bad3c948f4d605d)
Start importing Assets/UnityTechnologies/TowerDefenseTemplate/UI/box_white_bottomleft.png using Guid(a0c0b78d3cfda4eb6acd5752a0eda707) Importer(2089858483,b0f066a214c2f5e87bad3c948f4d605d) (ScriptedImporter) -> (artifact id: 'ba9917b0b4aa1e17d7f2dc4643d3e20e') in 0.0160213 seconds
Number of updated asset objects reloaded before import = 0Number of asset objects unloaded after import = 3

========================================================================
Received Import Request.
  Time since last request: 0.000015 seconds.
  path: Assets/UnityTechnologies/TowerDefenseTemplate/UI/icon_confirm_no.png
  artifactKey: Guid(6c6d7da09ebcd4d65a8a34aab3e15da8) Importer(2089858483,b0f066a214c2f5e87bad3c948f4d605d)
Start importing Assets/UnityTechnologies/TowerDefenseTemplate/UI/icon_confirm_no.png using Guid(6c6d7da09ebcd4d65a8a34aab3e15da8) Importer(2089858483,b0f066a214c2f5e87bad3c948f4d605d) (ScriptedImporter) -> (artifact id: '1435bc7aa02668b0ba9e6a7c5611ce37') in 0.0155531 seconds
Number of updated asset objects reloaded before import = 0Number of asset objects unloaded after import = 3

========================================================================
Received Import Request.
  Time since last request: 0.000016 seconds.
  path: Assets/UnityTechnologies/TowerDefenseTemplate/Data/TowerLibrary/Level_4_TowerLibrary.asset
  artifactKey: Guid(97d14e672407141aaab5cb5098adb3ed) Importer(2089858483,b0f066a214c2f5e87bad3c948f4d605d)
Start importing Assets/UnityTechnologies/TowerDefenseTemplate/Data/TowerLibrary/Level_4_TowerLibrary.asset using Guid(97d14e672407141aaab5cb5098adb3ed) Importer(2089858483,b0f066a214c2f5e87bad3c948f4d605d) (ScriptedImporter) -> (artifact id: '85431ecc89b9e2cdb011b191636eb0c9') in 0.0166993 seconds
Number of updated asset objects reloaded before import = 0Number of asset objects unloaded after import = 1

========================================================================
Received Import Request.
  Time since last request: 0.000060 seconds.
  path: Assets/UnityTechnologies/TowerDefenseTemplate/Audio/Music/Game Music.mp3
  artifactKey: Guid(6ce6d7c4d4f6140f68d2c18955f02e8c) Importer(2089858483,b0f066a214c2f5e87bad3c948f4d605d)
Start importing Assets/UnityTechnologies/TowerDefenseTemplate/Audio/Music/Game Music.mp3 using Guid(6ce6d7c4d4f6140f68d2c18955f02e8c) Importer(2089858483,b0f066a214c2f5e87bad3c948f4d605d) (ScriptedImporter) -> (artifact id: 'b6aa18a5e8eed2a88a853af2ce89b6ce') in 0.033086 seconds
Number of updated asset objects reloaded before import = 0Number of asset objects unloaded after import = 1

========================================================================
Received Import Request.
  Time since last request: 0.000024 seconds.
  path: Assets/UnityTechnologies/TowerDefenseTemplate/UI/unity-logo-rgb.png
  artifactKey: Guid(eddbe997f7c8c4772b1323ff39217363) Importer(2089858483,b0f066a214c2f5e87bad3c948f4d605d)
Start importing Assets/UnityTechnologies/TowerDefenseTemplate/UI/unity-logo-rgb.png using Guid(eddbe997f7c8c4772b1323ff39217363) Importer(2089858483,b0f066a214c2f5e87bad3c948f4d605d) (ScriptedImporter) -> (artifact id: '6d361c166d2901a0fd6c85afe1edeebf') in 0.0189858 seconds
Number of updated asset objects reloaded before import = 0Number of asset objects unloaded after import = 3

========================================================================
Received Import Request.
  Time since last request: 0.000017 seconds.
  path: Assets/UnityTechnologies/TowerDefenseTemplate/UI/box_white_topleft.png
  artifactKey: Guid(8b55a8881f9db400eb8a844c0a7e0f77) Importer(2089858483,b0f066a214c2f5e87bad3c948f4d605d)
Start importing Assets/UnityTechnologies/TowerDefenseTemplate/UI/box_white_topleft.png using Guid(8b55a8881f9db400eb8a844c0a7e0f77) Importer(2089858483,b0f066a214c2f5e87bad3c948f4d605d) (ScriptedImporter) -> (artifact id: '9034e9ce12e056f2afa005335efc9903') in 0.0165636 seconds
Number of updated asset objects reloaded before import = 0Number of asset objects unloaded after import = 3

========================================================================
Received Import Request.
  Time since last request: 0.000027 seconds.
  path: Assets/UnityTechnologies/TowerDefenseTemplate/Data/Tower/Rocket2.asset
  artifactKey: Guid(dc22a3c6543944bc8a521b82ecf5c0db) Importer(2089858483,b0f066a214c2f5e87bad3c948f4d605d)
Start importing Assets/UnityTechnologies/TowerDefenseTemplate/Data/Tower/Rocket2.asset using Guid(dc22a3c6543944bc8a521b82ecf5c0db) Importer(2089858483,b0f066a214c2f5e87bad3c948f4d605d) (ScriptedImporter) -> (artifact id: 'a4baf29b9f4eb2d62390c324536de807') in 0.0114717 seconds
Number of updated asset objects reloaded before import = 0Number of asset objects unloaded after import = 1

========================================================================
Received Import Request.
  Time since last request: 0.000025 seconds.
  path: Assets/UnityTechnologies/TowerDefenseTemplate/Data/Tower/Pylon1.asset
  artifactKey: Guid(fb342e2af0ed54e17a3c8f79f38c6c2b) Importer(2089858483,b0f066a214c2f5e87bad3c948f4d605d)
Start importing Assets/UnityTechnologies/TowerDefenseTemplate/Data/Tower/Pylon1.asset using Guid(fb342e2af0ed54e17a3c8f79f38c6c2b) Importer(2089858483,b0f066a214c2f5e87bad3c948f4d605d) (ScriptedImporter) -> (artifact id: 'cde962761aee9ed1482c1395c2836502') in 0.0153866 seconds
Number of updated asset objects reloaded before import = 0Number of asset objects unloaded after import = 1

========================================================================
Received Import Request.
  Time since last request: 0.000042 seconds.
  path: Assets/UnityTechnologies/TowerDefenseTemplate/Third-Party Notices.txt
  artifactKey: Guid(e65c718ab23995b49bcf1218cc3e72ab) Importer(2089858483,b0f066a214c2f5e87bad3c948f4d605d)
Start importing Assets/UnityTechnologies/TowerDefenseTemplate/Third-Party Notices.txt using Guid(e65c718ab23995b49bcf1218cc3e72ab) Importer(2089858483,b0f066a214c2f5e87bad3c948f4d605d) (ScriptedImporter) -> (artifact id: '5599fdda60d9fd850255c2c2fcdb0573') in 0.0129131 seconds
Number of updated asset objects reloaded before import = 0Number of asset objects unloaded after import = 1

========================================================================
Received Import Request.
  Time since last request: 0.000029 seconds.
  path: Assets/UnityTechnologies/TowerDefenseTemplate/Data/HighQPostprocessing.asset
  artifactKey: Guid(557cba3a8a67841dfbd3c5d06bf4f2b2) Importer(2089858483,b0f066a214c2f5e87bad3c948f4d605d)
Start importing Assets/UnityTechnologies/TowerDefenseTemplate/Data/HighQPostprocessing.asset using Guid(557cba3a8a67841dfbd3c5d06bf4f2b2) Importer(2089858483,b0f066a214c2f5e87bad3c948f4d605d) (ScriptedImporter) -> (artifact id: '193dd2f27af99d1c8b350eadef4d0ace') in 0.012446 seconds
Number of updated asset objects reloaded before import = 0Number of asset objects unloaded after import = 1

========================================================================
Received Import Request.
  Time since last request: 0.000019 seconds.
  path: Assets/UnityTechnologies/TowerDefenseTemplate/UI/box_white_topright.png
  artifactKey: Guid(a4c612832912c4f7babb09fb717bb527) Importer(2089858483,b0f066a214c2f5e87bad3c948f4d605d)
Start importing Assets/UnityTechnologies/TowerDefenseTemplate/UI/box_white_topright.png using Guid(a4c612832912c4f7babb09fb717bb527) Importer(2089858483,b0f066a214c2f5e87bad3c948f4d605d) (ScriptedImporter) -> (artifact id: 'b3f0ca084a482c8f31e149fb4faf7405') in 0.0167722 seconds
Number of updated asset objects reloaded before import = 0Number of asset objects unloaded after import = 3

========================================================================
Received Import Request.
  Time since last request: 0.000020 seconds.
  path: Assets/UnityTechnologies/TowerDefenseTemplate/Animations/UI/Hide.anim
  artifactKey: Guid(4c621c5f062594ccfbdb2f77ef658bf0) Importer(2089858483,b0f066a214c2f5e87bad3c948f4d605d)
Start importing Assets/UnityTechnologies/TowerDefenseTemplate/Animations/UI/Hide.anim using Guid(4c621c5f062594ccfbdb2f77ef658bf0) Importer(2089858483,b0f066a214c2f5e87bad3c948f4d605d) (ScriptedImporter) -> (artifact id: 'b051bc13cc970296d22e3d7b3713de30') in 0.0135074 seconds
Number of updated asset objects reloaded before import = 0Number of asset objects unloaded after import = 1

========================================================================
Received Import Request.
  Time since last request: 0.000017 seconds.
  path: Assets/UnityTechnologies/TowerDefenseTemplate/Data/Tower/MachineGun2.asset
  artifactKey: Guid(15d47f5f935234d87a2eef876576efab) Importer(2089858483,b0f066a214c2f5e87bad3c948f4d605d)
Start importing Assets/UnityTechnologies/TowerDefenseTemplate/Data/Tower/MachineGun2.asset using Guid(15d47f5f935234d87a2eef876576efab) Importer(2089858483,b0f066a214c2f5e87bad3c948f4d605d) (ScriptedImporter) -> (artifact id: '2231f785959469c25c72791b74b80e7c') in 0.0123517 seconds
Number of updated asset objects reloaded before import = 0Number of asset objects unloaded after import = 1

========================================================================
Received Import Request.
  Time since last request: 0.000028 seconds.
  path: Assets/UnityTechnologies/TowerDefenseTemplate/Data/Agents/Hoverbuggy.asset
  artifactKey: Guid(194678e37891244b78d3ad8b21d3f878) Importer(2089858483,b0f066a214c2f5e87bad3c948f4d605d)
Start importing Assets/UnityTechnologies/TowerDefenseTemplate/Data/Agents/Hoverbuggy.asset using Guid(194678e37891244b78d3ad8b21d3f878) Importer(2089858483,b0f066a214c2f5e87bad3c948f4d605d) (ScriptedImporter) -> (artifact id: '5d5ff401ba0ae591557b4bb8515904d8') in 0.0107622 seconds
Number of updated asset objects reloaded before import = 0Number of asset objects unloaded after import = 1

========================================================================
Received Import Request.
  Time since last request: 0.202933 seconds.
  path: Assets/UnityTechnologies/TowerDefenseTemplate/Materials/Levels/Level03_Environment.mat
  artifactKey: Guid(12255f6709b004328a084b049551b342) Importer(2089858483,b0f066a214c2f5e87bad3c948f4d605d)
Start importing Assets/UnityTechnologies/TowerDefenseTemplate/Materials/Levels/Level03_Environment.mat using Guid(12255f6709b004328a084b049551b342) Importer(2089858483,b0f066a214c2f5e87bad3c948f4d605d) (ScriptedImporter) -> (artifact id: '6df4efcf56369ba947d5b8f4b2863225') in 0.0211381 seconds
Number of updated asset objects reloaded before import = 0Number of asset objects unloaded after import = 1

========================================================================
Received Import Request.
  Time since last request: 0.000021 seconds.
  path: Assets/UnityTechnologies/TowerDefenseTemplate/Materials/Particles/EnergyGainLightning.mat
  artifactKey: Guid(415bbc8731ed6497e8514203f3158c16) Importer(2089858483,b0f066a214c2f5e87bad3c948f4d605d)
Start importing Assets/UnityTechnologies/TowerDefenseTemplate/Materials/Particles/EnergyGainLightning.mat using Guid(415bbc8731ed6497e8514203f3158c16) Importer(2089858483,b0f066a214c2f5e87bad3c948f4d605d) (ScriptedImporter) -> (artifact id: '81b4b01a984b081d0f52898eddadb4c9') in 0.0192668 seconds
Number of updated asset objects reloaded before import = 0Number of asset objects unloaded after import = 2

========================================================================
Received Import Request.
  Time since last request: 0.000023 seconds.
  path: Assets/UnityTechnologies/TowerDefenseTemplate/Materials/Units/Helicopter_Orange_Albedo_V001.mat
  artifactKey: Guid(3338f664595ab4c84ba377f3c47e11d8) Importer(2089858483,b0f066a214c2f5e87bad3c948f4d605d)
Start importing Assets/UnityTechnologies/TowerDefenseTemplate/Materials/Units/Helicopter_Orange_Albedo_V001.mat using Guid(3338f664595ab4c84ba377f3c47e11d8) Importer(2089858483,b0f066a214c2f5e87bad3c948f4d605d) (ScriptedImporter) -> (artifact id: '9365721442c41f47bb8108e42a447e85') in 0.0237285 seconds
Number of updated asset objects reloaded before import = 0Number of asset objects unloaded after import = 2

========================================================================
Received Import Request.
  Time since last request: 0.000016 seconds.
  path: Assets/UnityTechnologies/TowerDefenseTemplate/Models/Levels/Enviro_Level_2_COL.fbx
  artifactKey: Guid(8fb585f7e9d4c49219e693a26a303efd) Importer(2089858483,b0f066a214c2f5e87bad3c948f4d605d)
Start importing Assets/UnityTechnologies/TowerDefenseTemplate/Models/Levels/Enviro_Level_2_COL.fbx using Guid(8fb585f7e9d4c49219e693a26a303efd) Importer(2089858483,b0f066a214c2f5e87bad3c948f4d605d) (ScriptedImporter) -> (artifact id: 'e8294e0ee52601279ff4a82a4b774233') in 0.0532219 seconds
Number of updated asset objects reloaded before import = 0Number of asset objects unloaded after import = 7

========================================================================
Received Import Request.
  Time since last request: 0.000013 seconds.
  path: Assets/UnityTechnologies/TowerDefenseTemplate/Models/Units/Buggy_Orange_Albedo_V001.tiff
  artifactKey: Guid(b86728f8eac124dc2a36d8e4dba69cb2) Importer(2089858483,b0f066a214c2f5e87bad3c948f4d605d)
Start importing Assets/UnityTechnologies/TowerDefenseTemplate/Models/Units/Buggy_Orange_Albedo_V001.tiff using Guid(b86728f8eac124dc2a36d8e4dba69cb2) Importer(2089858483,b0f066a214c2f5e87bad3c948f4d605d) (ScriptedImporter) -> (artifact id: '405c966caa595c57913b49826393dfd0') in 0.0184377 seconds
Number of updated asset objects reloaded before import = 0Number of asset objects unloaded after import = 1

========================================================================
Received Import Request.
  Time since last request: 0.000042 seconds.
  path: Assets/UnityTechnologies/TowerDefenseTemplate/Materials/Particles/Smoke.mat
  artifactKey: Guid(8eae55ad119bf43f0ace155a53fd2b29) Importer(2089858483,b0f066a214c2f5e87bad3c948f4d605d)
Start importing Assets/UnityTechnologies/TowerDefenseTemplate/Materials/Particles/Smoke.mat using Guid(8eae55ad119bf43f0ace155a53fd2b29) Importer(2089858483,b0f066a214c2f5e87bad3c948f4d605d) (ScriptedImporter) -> (artifact id: 'ca64c93457f1c0d3a4e17f43f432663d') in 0.0250242 seconds
Number of updated asset objects reloaded before import = 0Number of asset objects unloaded after import = 2

========================================================================
Received Import Request.
  Time since last request: 0.000021 seconds.
  path: Assets/UnityTechnologies/TowerDefenseTemplate/Models/Levels/Enviro_Level_2.fbx
  artifactKey: Guid(c0acb67cc67044ec792123c78a445c25) Importer(2089858483,b0f066a214c2f5e87bad3c948f4d605d)
Start importing Assets/UnityTechnologies/TowerDefenseTemplate/Models/Levels/Enviro_Level_2.fbx using Guid(c0acb67cc67044ec792123c78a445c25) Importer(2089858483,b0f066a214c2f5e87bad3c948f4d605d) (ScriptedImporter) -> (artifact id: '5296b8f0b97d979568313144608c284e') in 0.0357617 seconds
Number of updated asset objects reloaded before import = 0Number of asset objects unloaded after import = 44

========================================================================
Received Import Request.
  Time since last request: 0.000254 seconds.
  path: Assets/UnityTechnologies/TowerDefenseTemplate/Models/Units/Helicopter_Albedo_V002.tiff
  artifactKey: Guid(2a4e1d387d0f54096923078ee7d03dcd) Importer(2089858483,b0f066a214c2f5e87bad3c948f4d605d)
Start importing Assets/UnityTechnologies/TowerDefenseTemplate/Models/Units/Helicopter_Albedo_V002.tiff using Guid(2a4e1d387d0f54096923078ee7d03dcd) Importer(2089858483,b0f066a214c2f5e87bad3c948f4d605d) (ScriptedImporter) -> (artifact id: 'e5cc0c76dea7118000d3410897408b3a') in 0.0231344 seconds
Number of updated asset objects reloaded before import = 0Number of asset objects unloaded after import = 1

========================================================================
Received Import Request.
  Time since last request: 0.000048 seconds.
  path: Assets/UnityTechnologies/TowerDefenseTemplate/Materials/Particles/explosion_Smoke_3.mat
  artifactKey: Guid(35e327ac964fe4aff99b3209d04290fb) Importer(2089858483,b0f066a214c2f5e87bad3c948f4d605d)
Start importing Assets/UnityTechnologies/TowerDefenseTemplate/Materials/Particles/explosion_Smoke_3.mat using Guid(35e327ac964fe4aff99b3209d04290fb) Importer(2089858483,b0f066a214c2f5e87bad3c948f4d605d) (ScriptedImporter) -> (artifact id: 'af95bf0bf05001a57e784411e84e0e34') in 0.0176586 seconds
Number of updated asset objects reloaded before import = 0Number of asset objects unloaded after import = 2

========================================================================
Received Import Request.
  Time since last request: 0.000016 seconds.
  path: Assets/UnityTechnologies/TowerDefenseTemplate/Models/Levels/Enviro_Level_4.fbx
  artifactKey: Guid(87e47e3172ee14b53a135e99633fe791) Importer(2089858483,b0f066a214c2f5e87bad3c948f4d605d)
Start importing Assets/UnityTechnologies/TowerDefenseTemplate/Models/Levels/Enviro_Level_4.fbx using Guid(87e47e3172ee14b53a135e99633fe791) Importer(2089858483,b0f066a214c2f5e87bad3c948f4d605d) (ScriptedImporter) -> (artifact id: '769ecf986c104c1a51d3d65a9fea92ab') in 0.0406629 seconds
Number of updated asset objects reloaded before import = 0Number of asset objects unloaded after import = 89

========================================================================
Received Import Request.
  Time since last request: 0.000026 seconds.
  path: Assets/UnityTechnologies/TowerDefenseTemplate/Materials/Particles/explosion_Flame_2.mat
  artifactKey: Guid(f870bad7fe0264670a3e08374df02d4b) Importer(2089858483,b0f066a214c2f5e87bad3c948f4d605d)
Start importing Assets/UnityTechnologies/TowerDefenseTemplate/Materials/Particles/explosion_Flame_2.mat using Guid(f870bad7fe0264670a3e08374df02d4b) Importer(2089858483,b0f066a214c2f5e87bad3c948f4d605d) (ScriptedImporter) -> (artifact id: '56591102bf301f622836c07eb2ebf87c') in 0.0196787 seconds
Number of updated asset objects reloaded before import = 0Number of asset objects unloaded after import = 2

========================================================================
Received Import Request.
  Time since last request: 0.000017 seconds.
  path: Assets/UnityTechnologies/TowerDefenseTemplate/Materials/UI/SinglePlacementTileFilled.mat
  artifactKey: Guid(732c0de21fbcd4a2eaa23fe81f207c08) Importer(2089858483,b0f066a214c2f5e87bad3c948f4d605d)
Start importing Assets/UnityTechnologies/TowerDefenseTemplate/Materials/UI/SinglePlacementTileFilled.mat using Guid(732c0de21fbcd4a2eaa23fe81f207c08) Importer(2089858483,b0f066a214c2f5e87bad3c948f4d605d) (ScriptedImporter) -> (artifact id: '568126b94ee09ffc19a9f0cc55539d03') in 0.0464553 seconds
Number of updated asset objects reloaded before import = 0Number of asset objects unloaded after import = 2

========================================================================
Received Import Request.
  Time since last request: 0.000029 seconds.
  path: Assets/UnityTechnologies/TowerDefenseTemplate/Materials/Particles/BuggyHover_sprite.mat
  artifactKey: Guid(00317337bdfee49e29ab684e6af81a3b) Importer(2089858483,b0f066a214c2f5e87bad3c948f4d605d)
Start importing Assets/UnityTechnologies/TowerDefenseTemplate/Materials/Particles/BuggyHover_sprite.mat using Guid(00317337bdfee49e29ab684e6af81a3b) Importer(2089858483,b0f066a214c2f5e87bad3c948f4d605d) (ScriptedImporter) -> (artifact id: '890fc808a87d35e366b2074e6a9af2d8') in 0.0121602 seconds
Number of updated asset objects reloaded before import = 0Number of asset objects unloaded after import = 2

========================================================================
Received Import Request.
  Time since last request: 0.000043 seconds.
  path: Assets/UnityTechnologies/TowerDefenseTemplate/Materials/Units/TankBoss_Albedo_V001.mat
  artifactKey: Guid(38edcf9973f284b92a2cd360c60cae6e) Importer(2089858483,b0f066a214c2f5e87bad3c948f4d605d)
Start importing Assets/UnityTechnologies/TowerDefenseTemplate/Materials/Units/TankBoss_Albedo_V001.mat using Guid(38edcf9973f284b92a2cd360c60cae6e) Importer(2089858483,b0f066a214c2f5e87bad3c948f4d605d) (ScriptedImporter) -> (artifact id: 'dbecdd2209c6f2728f6858c498078101') in 0.0185531 seconds
Number of updated asset objects reloaded before import = 0Number of asset objects unloaded after import = 2

========================================================================
Received Import Request.
  Time since last request: 0.000036 seconds.
  path: Assets/UnityTechnologies/TowerDefenseTemplate/Materials/Levels/Level04_Environment.mat
  artifactKey: Guid(4a657ce0af6254431b1df620a2872e1e) Importer(2089858483,b0f066a214c2f5e87bad3c948f4d605d)
Start importing Assets/UnityTechnologies/TowerDefenseTemplate/Materials/Levels/Level04_Environment.mat using Guid(4a657ce0af6254431b1df620a2872e1e) Importer(2089858483,b0f066a214c2f5e87bad3c948f4d605d) (ScriptedImporter) -> (artifact id: 'b0387c1b71d7c50618da2a786aeb0067') in 0.0127255 seconds
Number of updated asset objects reloaded before import = 0Number of asset objects unloaded after import = 1

========================================================================
Received Import Request.
  Time since last request: 0.000032 seconds.
  path: Assets/UnityTechnologies/TowerDefenseTemplate/Models/Units/HoverTank_Base.fbx
  artifactKey: Guid(845f9df773be94e26aa80e92ad483534) Importer(2089858483,b0f066a214c2f5e87bad3c948f4d605d)
Start importing Assets/UnityTechnologies/TowerDefenseTemplate/Models/Units/HoverTank_Base.fbx using Guid(845f9df773be94e26aa80e92ad483534) Importer(2089858483,b0f066a214c2f5e87bad3c948f4d605d) (ScriptedImporter) -> (artifact id: 'a2102b35cb08f0a985aa87aa4f8e6902') in 0.0224883 seconds
Number of updated asset objects reloaded before import = 0Number of asset objects unloaded after import = 11

========================================================================
Received Import Request.
  Time since last request: 0.000041 seconds.
  path: Assets/UnityTechnologies/TowerDefenseTemplate/Models/Levels/Enviro_Level_3_COL.fbx
  artifactKey: Guid(3584259b38f3647699aa52084d205a3e) Importer(2089858483,b0f066a214c2f5e87bad3c948f4d605d)
Start importing Assets/UnityTechnologies/TowerDefenseTemplate/Models/Levels/Enviro_Level_3_COL.fbx using Guid(3584259b38f3647699aa52084d205a3e) Importer(2089858483,b0f066a214c2f5e87bad3c948f4d605d) (ScriptedImporter) -> (artifact id: '4f311c42631dcc7090299f88e81ad19a') in 0.0205627 seconds
Number of updated asset objects reloaded before import = 0Number of asset objects unloaded after import = 7

========================================================================
Received Import Request.
  Time since last request: 0.000030 seconds.
  path: Assets/UnityTechnologies/TowerDefenseTemplate/Materials/Levels/Skybox.mat
  artifactKey: Guid(d989217fb3c914fe3bcc1134909a6523) Importer(2089858483,b0f066a214c2f5e87bad3c948f4d605d)
Start importing Assets/UnityTechnologies/TowerDefenseTemplate/Materials/Levels/Skybox.mat using Guid(d989217fb3c914fe3bcc1134909a6523) Importer(2089858483,b0f066a214c2f5e87bad3c948f4d605d) (ScriptedImporter) -> (artifact id: '396a3627f38278426f3292f4d4287ce6') in 0.0560797 seconds
Number of updated asset objects reloaded before import = 0Number of asset objects unloaded after import = 2

========================================================================
Received Import Request.
  Time since last request: 0.000042 seconds.
  path: Assets/UnityTechnologies/TowerDefenseTemplate/Models/Units/BossTank_Turret.fbx
  artifactKey: Guid(617480999c0dc45179a0e237b678012d) Importer(2089858483,b0f066a214c2f5e87bad3c948f4d605d)
Start importing Assets/UnityTechnologies/TowerDefenseTemplate/Models/Units/BossTank_Turret.fbx using Guid(617480999c0dc45179a0e237b678012d) Importer(2089858483,b0f066a214c2f5e87bad3c948f4d605d) (ScriptedImporter) -> (artifact id: 'f608e4ad6227f26002f264db3f3c6077') in 0.0216281 seconds
Number of updated asset objects reloaded before import = 0Number of asset objects unloaded after import = 10

========================================================================
Received Import Request.
  Time since last request: 0.000033 seconds.
  path: Assets/UnityTechnologies/TowerDefenseTemplate/Materials/Units/Helicopter_Albedo_V001.mat
  artifactKey: Guid(c0a039e78e66a44f8b90ddafc2c87582) Importer(2089858483,b0f066a214c2f5e87bad3c948f4d605d)
Start importing Assets/UnityTechnologies/TowerDefenseTemplate/Materials/Units/Helicopter_Albedo_V001.mat using Guid(c0a039e78e66a44f8b90ddafc2c87582) Importer(2089858483,b0f066a214c2f5e87bad3c948f4d605d) (ScriptedImporter) -> (artifact id: '5bb14fd0afcd0ad28aa3861ef8cfda33') in 0.0160682 seconds
Number of updated asset objects reloaded before import = 0Number of asset objects unloaded after import = 2

========================================================================
Received Import Request.
  Time since last request: 0.000016 seconds.
  path: Assets/UnityTechnologies/TowerDefenseTemplate/Materials/Particles/RocketImpact.mat
  artifactKey: Guid(d689df2d6e67748129c4055bbcad44f0) Importer(2089858483,b0f066a214c2f5e87bad3c948f4d605d)
Start importing Assets/UnityTechnologies/TowerDefenseTemplate/Materials/Particles/RocketImpact.mat using Guid(d689df2d6e67748129c4055bbcad44f0) Importer(2089858483,b0f066a214c2f5e87bad3c948f4d605d) (ScriptedImporter) -> (artifact id: '25d2622a05a1b39834e8d13dd74b8ad7') in 0.0518379 seconds
Number of updated asset objects reloaded before import = 0Number of asset objects unloaded after import = 2

========================================================================
Received Import Request.
  Time since last request: 0.000035 seconds.
  path: Assets/UnityTechnologies/TowerDefenseTemplate/Materials/Particles/Tracer.mat
  artifactKey: Guid(797155fd5d32b4e2e86c57d06205110b) Importer(2089858483,b0f066a214c2f5e87bad3c948f4d605d)
Start importing Assets/UnityTechnologies/TowerDefenseTemplate/Materials/Particles/Tracer.mat using Guid(797155fd5d32b4e2e86c57d06205110b) Importer(2089858483,b0f066a214c2f5e87bad3c948f4d605d) (ScriptedImporter) -> (artifact id: 'a728b9beb6605ea4a137bb510bd6d3c8') in 0.0194332 seconds
Number of updated asset objects reloaded before import = 0Number of asset objects unloaded after import = 2

========================================================================
Received Import Request.
  Time since last request: 0.000041 seconds.
  path: Assets/UnityTechnologies/TowerDefenseTemplate/Models/Units/Helicopter_FX_Cones.fbx
  artifactKey: Guid(8e6e6f20a4c004c14882d03b06b6d349) Importer(2089858483,b0f066a214c2f5e87bad3c948f4d605d)
Start importing Assets/UnityTechnologies/TowerDefenseTemplate/Models/Units/Helicopter_FX_Cones.fbx using Guid(8e6e6f20a4c004c14882d03b06b6d349) Importer(2089858483,b0f066a214c2f5e87bad3c948f4d605d) (ScriptedImporter) -> (artifact id: '804e3c92c1a898dd1158ac1e197233f4') in 0.0248603 seconds
Number of updated asset objects reloaded before import = 0Number of asset objects unloaded after import = 9

========================================================================
Received Import Request.
  Time since last request: 0.000017 seconds.
  path: Assets/UnityTechnologies/TowerDefenseTemplate/Materials/UI/RadiusVisualiser.mat
  artifactKey: Guid(855893e92f3cf4555aad85c898c241d0) Importer(2089858483,b0f066a214c2f5e87bad3c948f4d605d)
Start importing Assets/UnityTechnologies/TowerDefenseTemplate/Materials/UI/RadiusVisualiser.mat using Guid(855893e92f3cf4555aad85c898c241d0) Importer(2089858483,b0f066a214c2f5e87bad3c948f4d605d) (ScriptedImporter) -> (artifact id: 'f3549445940191381a810e5ab74ee9ee') in 0.0186443 seconds
Number of updated asset objects reloaded before import = 0Number of asset objects unloaded after import = 2

========================================================================
Received Import Request.
  Time since last request: 0.000033 seconds.
  path: Assets/UnityTechnologies/TowerDefenseTemplate/Models/Units/Disk.fbx
  artifactKey: Guid(a9bce825525c74dfe815157e2c49f268) Importer(2089858483,b0f066a214c2f5e87bad3c948f4d605d)
Start importing Assets/UnityTechnologies/TowerDefenseTemplate/Models/Units/Disk.fbx using Guid(a9bce825525c74dfe815157e2c49f268) Importer(2089858483,b0f066a214c2f5e87bad3c948f4d605d) (ScriptedImporter) -> (artifact id: '8fcef1c806c4cb106214223d6c007135') in 0.0237166 seconds
Number of updated asset objects reloaded before import = 0Number of asset objects unloaded after import = 9

========================================================================
Received Import Request.
  Time since last request: 0.000049 seconds.
  path: Assets/UnityTechnologies/TowerDefenseTemplate/Models/Units/BossTank_Turret_Shadow.fbx
  artifactKey: Guid(cddcc00347bda495ca38d235fd7bce46) Importer(2089858483,b0f066a214c2f5e87bad3c948f4d605d)
Start importing Assets/UnityTechnologies/TowerDefenseTemplate/Models/Units/BossTank_Turret_Shadow.fbx using Guid(cddcc00347bda495ca38d235fd7bce46) Importer(2089858483,b0f066a214c2f5e87bad3c948f4d605d) (ScriptedImporter) -> (artifact id: '741f8f981e3ba375d99031c59fe0c0fc') in 0.0227233 seconds
Number of updated asset objects reloaded before import = 0Number of asset objects unloaded after import = 7

========================================================================
Received Import Request.
  Time since last request: 0.000025 seconds.
  path: Assets/UnityTechnologies/TowerDefenseTemplate/Models/Projectiles/Rocket_Projectile_Shadow.fbx
  artifactKey: Guid(a80ea39eabaf149638edf17de562b887) Importer(2089858483,b0f066a214c2f5e87bad3c948f4d605d)
Start importing Assets/UnityTechnologies/TowerDefenseTemplate/Models/Projectiles/Rocket_Projectile_Shadow.fbx using Guid(a80ea39eabaf149638edf17de562b887) Importer(2089858483,b0f066a214c2f5e87bad3c948f4d605d) (ScriptedImporter) -> (artifact id: 'c75cecf731c7a9c876e39bdb1b8b44b2') in 0.0195101 seconds
Number of updated asset objects reloaded before import = 0Number of asset objects unloaded after import = 7

========================================================================
Received Import Request.
  Time since last request: 0.000020 seconds.
  path: Assets/UnityTechnologies/TowerDefenseTemplate/Models/Units/Buggy_Albedo_V001.tiff
  artifactKey: Guid(973112698195146508777a0d8555d486) Importer(2089858483,b0f066a214c2f5e87bad3c948f4d605d)
Start importing Assets/UnityTechnologies/TowerDefenseTemplate/Models/Units/Buggy_Albedo_V001.tiff using Guid(973112698195146508777a0d8555d486) Importer(2089858483,b0f066a214c2f5e87bad3c948f4d605d) (ScriptedImporter) -> (artifact id: '4c5675d30d75cf12f784b5677160507a') in 0.0227836 seconds
Number of updated asset objects reloaded before import = 0Number of asset objects unloaded after import = 1

========================================================================
Received Import Request.
  Time since last request: 0.000033 seconds.
  path: Assets/UnityTechnologies/TowerDefenseTemplate/Materials/UI/PlacementArea.mat
  artifactKey: Guid(8ed331977508048a49204cf83142545c) Importer(2089858483,b0f066a214c2f5e87bad3c948f4d605d)
Start importing Assets/UnityTechnologies/TowerDefenseTemplate/Materials/UI/PlacementArea.mat using Guid(8ed331977508048a49204cf83142545c) Importer(2089858483,b0f066a214c2f5e87bad3c948f4d605d) (ScriptedImporter) -> (artifact id: 'ad1d4ee869fad5f85d3b7bc380e3bc2e') in 0.0177525 seconds
Number of updated asset objects reloaded before import = 0Number of asset objects unloaded after import = 2

========================================================================
Received Import Request.
  Time since last request: 0.000026 seconds.
  path: Assets/UnityTechnologies/TowerDefenseTemplate/Particles/Textures/explosion_Smoke_2.png
  artifactKey: Guid(b0fa4b47fee5047d6861a3412d3edf18) Importer(2089858483,b0f066a214c2f5e87bad3c948f4d605d)
Start importing Assets/UnityTechnologies/TowerDefenseTemplate/Particles/Textures/explosion_Smoke_2.png using Guid(b0fa4b47fee5047d6861a3412d3edf18) Importer(2089858483,b0f066a214c2f5e87bad3c948f4d605d) (ScriptedImporter) -> (artifact id: '901dd9afab6c19fe85a3ab646c2473b2') in 0.0177788 seconds
Number of updated asset objects reloaded before import = 0Number of asset objects unloaded after import = 1

========================================================================
Received Import Request.
  Time since last request: 0.000025 seconds.
  path: Assets/UnityTechnologies/TowerDefenseTemplate/PostProcessing/Editor/PostProcessingFactory.cs
  artifactKey: Guid(0dfcadb180d67014cb0a6e18d6b11f90) Importer(2089858483,b0f066a214c2f5e87bad3c948f4d605d)
Start importing Assets/UnityTechnologies/TowerDefenseTemplate/PostProcessing/Editor/PostProcessingFactory.cs using Guid(0dfcadb180d67014cb0a6e18d6b11f90) Importer(2089858483,b0f066a214c2f5e87bad3c948f4d605d) (ScriptedImporter) -> (artifact id: 'e1ea575fb962b78e0fb45109a83908fb') in 0.0173313 seconds
Number of updated asset objects reloaded before import = 0Number of asset objects unloaded after import = 0

========================================================================
Received Import Request.
  Time since last request: 0.000071 seconds.
  path: Assets/UnityTechnologies/TowerDefenseTemplate/Prefabs/Enemies/Hovercopter.prefab
  artifactKey: Guid(d9fd82344e2924351b3b1a1249acc412) Importer(2089858483,b0f066a214c2f5e87bad3c948f4d605d)
Start importing Assets/UnityTechnologies/TowerDefenseTemplate/Prefabs/Enemies/Hovercopter.prefab using Guid(d9fd82344e2924351b3b1a1249acc412) Importer(2089858483,b0f066a214c2f5e87bad3c948f4d605d) (ScriptedImporter) -> (artifact id: '4212053b4040c7c852b9e56438a1470f') in 0.0352825 seconds
Number of updated asset objects reloaded before import = 0Number of asset objects unloaded after import = 98

========================================================================
Received Import Request.
  Time since last request: 0.000020 seconds.
  path: Assets/UnityTechnologies/TowerDefenseTemplate/Prefabs/UI/HealthBarHomeBase.prefab
  artifactKey: Guid(d05a8c84bfd3348b19138106f4b525ca) Importer(2089858483,b0f066a214c2f5e87bad3c948f4d605d)
Start importing Assets/UnityTechnologies/TowerDefenseTemplate/Prefabs/UI/HealthBarHomeBase.prefab using Guid(d05a8c84bfd3348b19138106f4b525ca) Importer(2089858483,b0f066a214c2f5e87bad3c948f4d605d) (ScriptedImporter) -> (artifact id: '9332ecdb9abbfa8251d3a88e5e294f57') in 0.0158242 seconds
Number of updated asset objects reloaded before import = 0Number of asset objects unloaded after import = 19

========================================================================
Received Import Request.
  Time since last request: 0.000025 seconds.
  path: Assets/UnityTechnologies/TowerDefenseTemplate/Particles/Textures/Tracer.png
  artifactKey: Guid(6809b64b208a343588a4976e78668769) Importer(2089858483,b0f066a214c2f5e87bad3c948f4d605d)
Start importing Assets/UnityTechnologies/TowerDefenseTemplate/Particles/Textures/Tracer.png using Guid(6809b64b208a343588a4976e78668769) Importer(2089858483,b0f066a214c2f5e87bad3c948f4d605d) (ScriptedImporter) -> (artifact id: '9e4559631ecc17e2643942bcff0481c8') in 0.0204485 seconds
Number of updated asset objects reloaded before import = 0Number of asset objects unloaded after import = 1

========================================================================
Received Import Request.
  Time since last request: 0.000027 seconds.
  path: Assets/UnityTechnologies/TowerDefenseTemplate/Models/Towers/EnergyPylon/EnergyPylon_L03.fbx
  artifactKey: Guid(de71096fe1f7240cdbd41d7a05a18524) Importer(2089858483,b0f066a214c2f5e87bad3c948f4d605d)
Start importing Assets/UnityTechnologies/TowerDefenseTemplate/Models/Towers/EnergyPylon/EnergyPylon_L03.fbx using Guid(de71096fe1f7240cdbd41d7a05a18524) Importer(2089858483,b0f066a214c2f5e87bad3c948f4d605d) (ScriptedImporter) -> (artifact id: '2c87a0f2381ac48f5dbf09400f8cd0c0') in 0.0205277 seconds
Number of updated asset objects reloaded before import = 0Number of asset objects unloaded after import = 11

========================================================================
Received Import Request.
  Time since last request: 0.000026 seconds.
  path: Assets/UnityTechnologies/TowerDefenseTemplate/Materials/Towers/Laser/LaserTower_L03_Albedo_V001.mat
  artifactKey: Guid(5def8b427d86445b190c94dde26b0112) Importer(2089858483,b0f066a214c2f5e87bad3c948f4d605d)
Start importing Assets/UnityTechnologies/TowerDefenseTemplate/Materials/Towers/Laser/LaserTower_L03_Albedo_V001.mat using Guid(5def8b427d86445b190c94dde26b0112) Importer(2089858483,b0f066a214c2f5e87bad3c948f4d605d) (ScriptedImporter) -> (artifact id: '5111518d3cc0a851aaa6b207a36fdbcf') in 0.017945 seconds
Number of updated asset objects reloaded before import = 0Number of asset objects unloaded after import = 2

========================================================================
Received Import Request.
  Time since last request: 0.000054 seconds.
  path: Assets/UnityTechnologies/TowerDefenseTemplate/Particles/Textures/TankHover_sprite.png
  artifactKey: Guid(355eef21a2d5d465f85c17a020a2f278) Importer(2089858483,b0f066a214c2f5e87bad3c948f4d605d)
Start importing Assets/UnityTechnologies/TowerDefenseTemplate/Particles/Textures/TankHover_sprite.png using Guid(355eef21a2d5d465f85c17a020a2f278) Importer(2089858483,b0f066a214c2f5e87bad3c948f4d605d) (ScriptedImporter) -> (artifact id: '1801008873e6202ceb029b2902eaf7c9') in 0.0196144 seconds
Number of updated asset objects reloaded before import = 0Number of asset objects unloaded after import = 1

========================================================================
Received Import Request.
  Time since last request: 0.000030 seconds.
  path: Assets/UnityTechnologies/TowerDefenseTemplate/Particles/Textures/EnergyGainGlow.png
  artifactKey: Guid(038543adefb3c46ad8de9ba4238f40af) Importer(2089858483,b0f066a214c2f5e87bad3c948f4d605d)
Start importing Assets/UnityTechnologies/TowerDefenseTemplate/Particles/Textures/EnergyGainGlow.png using Guid(038543adefb3c46ad8de9ba4238f40af) Importer(2089858483,b0f066a214c2f5e87bad3c948f4d605d) (ScriptedImporter) -> (artifact id: '70e12c5f324c39ba090d3ce906dab1bf') in 0.0196849 seconds
Number of updated asset objects reloaded before import = 0Number of asset objects unloaded after import = 1

========================================================================
Received Import Request.
  Time since last request: 0.000015 seconds.
  path: Assets/UnityTechnologies/TowerDefenseTemplate/Models/Towers/Laser/LaserTower_TURRET_L02.fbx
  artifactKey: Guid(4feed95418adc4168a0dcdbc33177fe6) Importer(2089858483,b0f066a214c2f5e87bad3c948f4d605d)
Start importing Assets/UnityTechnologies/TowerDefenseTemplate/Models/Towers/Laser/LaserTower_TURRET_L02.fbx using Guid(4feed95418adc4168a0dcdbc33177fe6) Importer(2089858483,b0f066a214c2f5e87bad3c948f4d605d) (ScriptedImporter) -> (artifact id: 'ecf70feeb4b9ad8b416a60566396b288') in 0.0303776 seconds
Number of updated asset objects reloaded before import = 0Number of asset objects unloaded after import = 10

========================================================================
Received Import Request.
  Time since last request: 0.000033 seconds.
  path: Assets/UnityTechnologies/TowerDefenseTemplate/Particles/Textures/explosion_Flame.png
  artifactKey: Guid(9fcb8be040ce34b6099e8561eb9f94fa) Importer(2089858483,b0f066a214c2f5e87bad3c948f4d605d)
Start importing Assets/UnityTechnologies/TowerDefenseTemplate/Particles/Textures/explosion_Flame.png using Guid(9fcb8be040ce34b6099e8561eb9f94fa) Importer(2089858483,b0f066a214c2f5e87bad3c948f4d605d) (ScriptedImporter) -> (artifact id: '1ea4a7f56216396b34c0ed0525745c56') in 0.0193768 seconds
Number of updated asset objects reloaded before import = 0Number of asset objects unloaded after import = 1

========================================================================
Received Import Request.
  Time since last request: 0.000053 seconds.
  path: Assets/UnityTechnologies/TowerDefenseTemplate/Models/Towers/EMP Tower/EMP_Tower_level_1_Shadow.fbx
  artifactKey: Guid(779bf64d18fe54a7b9035172378af80c) Importer(2089858483,b0f066a214c2f5e87bad3c948f4d605d)
Start importing Assets/UnityTechnologies/TowerDefenseTemplate/Models/Towers/EMP Tower/EMP_Tower_level_1_Shadow.fbx using Guid(779bf64d18fe54a7b9035172378af80c) Importer(2089858483,b0f066a214c2f5e87bad3c948f4d605d) (ScriptedImporter) -> (artifact id: '454e6844645fa4fabce6e8c452825519') in 0.0217619 seconds
Number of updated asset objects reloaded before import = 0Number of asset objects unloaded after import = 7

========================================================================
Received Import Request.
  Time since last request: 0.000025 seconds.
  path: Assets/UnityTechnologies/TowerDefenseTemplate/Models/Towers/Laser/LaserTower_BASE_L01_Shadow.fbx
  artifactKey: Guid(44aee12985d2e445fbd29e104b9b2856) Importer(2089858483,b0f066a214c2f5e87bad3c948f4d605d)
Start importing Assets/UnityTechnologies/TowerDefenseTemplate/Models/Towers/Laser/LaserTower_BASE_L01_Shadow.fbx using Guid(44aee12985d2e445fbd29e104b9b2856) Importer(2089858483,b0f066a214c2f5e87bad3c948f4d605d) (ScriptedImporter) -> (artifact id: '1aa1818dc83e22afd1554120b5f125fe') in 0.018698 seconds
Number of updated asset objects reloaded before import = 0Number of asset objects unloaded after import = 7

========================================================================
Received Import Request.
  Time since last request: 0.000022 seconds.
  path: Assets/UnityTechnologies/TowerDefenseTemplate/Audio/SFX/Enemies Exploding/Enemies Exploding 5.wav
  artifactKey: Guid(68e681912bb2e4047a3ff9a20dac4cb6) Importer(2089858483,b0f066a214c2f5e87bad3c948f4d605d)
Start importing Assets/UnityTechnologies/TowerDefenseTemplate/Audio/SFX/Enemies Exploding/Enemies Exploding 5.wav using Guid(68e681912bb2e4047a3ff9a20dac4cb6) Importer(2089858483,b0f066a214c2f5e87bad3c948f4d605d) (ScriptedImporter) -> (artifact id: '2581b9639c598fd9be6766b322cfe055') in 0.0255971 seconds
Number of updated asset objects reloaded before import = 0Number of asset objects unloaded after import = 1

========================================================================
Received Import Request.
  Time since last request: 0.000022 seconds.
  path: Assets/UnityTechnologies/TowerDefenseTemplate/Models/Towers/Laser/LaserTower_L01_Albedo_V001.tiff
  artifactKey: Guid(5afc16a53649d4b94874501d8e6ee959) Importer(2089858483,b0f066a214c2f5e87bad3c948f4d605d)
Start importing Assets/UnityTechnologies/TowerDefenseTemplate/Models/Towers/Laser/LaserTower_L01_Albedo_V001.tiff using Guid(5afc16a53649d4b94874501d8e6ee959) Importer(2089858483,b0f066a214c2f5e87bad3c948f4d605d) (ScriptedImporter) -> (artifact id: '94003f66264d315b409524c38f8ddd7d') in 0.024234 seconds
Number of updated asset objects reloaded before import = 0Number of asset objects unloaded after import = 1

========================================================================
Received Import Request.
  Time since last request: 0.000030 seconds.
  path: Assets/UnityTechnologies/TowerDefenseTemplate/Prefabs/Player/HomeBase.prefab
  artifactKey: Guid(ee1a25f7149044c65bf04f6af6dae684) Importer(2089858483,b0f066a214c2f5e87bad3c948f4d605d)
Start importing Assets/UnityTechnologies/TowerDefenseTemplate/Prefabs/Player/HomeBase.prefab using Guid(ee1a25f7149044c65bf04f6af6dae684) Importer(2089858483,b0f066a214c2f5e87bad3c948f4d605d) (ScriptedImporter) -> (artifact id: '96bea25d9c570661db3b814b898c2a3d') in 0.014937 seconds
Number of updated asset objects reloaded before import = 0Number of asset objects unloaded after import = 8

========================================================================
Received Import Request.
  Time since last request: 0.000024 seconds.
  path: Assets/UnityTechnologies/TowerDefenseTemplate/Scenes/MainMenu/LightingData.asset
  artifactKey: Guid(8d48a37f4f6724d6492634d6dd27700a) Importer(2089858483,b0f066a214c2f5e87bad3c948f4d605d)
Start importing Assets/UnityTechnologies/TowerDefenseTemplate/Scenes/MainMenu/LightingData.asset using Guid(8d48a37f4f6724d6492634d6dd27700a) Importer(2089858483,b0f066a214c2f5e87bad3c948f4d605d) (ScriptedImporter) -> (artifact id: '9f2cd13595b6cd69763ff6cf11f0a8db') in 0.020906 seconds
Number of updated asset objects reloaded before import = 0Number of asset objects unloaded after import = 2

========================================================================
Received Import Request.
  Time since last request: 0.000027 seconds.
  path: Assets/UnityTechnologies/TowerDefenseTemplate/Models/Towers/EMP Tower/EMP_Tower_level_1.fbx
  artifactKey: Guid(b665f727f980d441bb9aefcd169f872f) Importer(2089858483,b0f066a214c2f5e87bad3c948f4d605d)
Start importing Assets/UnityTechnologies/TowerDefenseTemplate/Models/Towers/EMP Tower/EMP_Tower_level_1.fbx using Guid(b665f727f980d441bb9aefcd169f872f) Importer(2089858483,b0f066a214c2f5e87bad3c948f4d605d) (ScriptedImporter) -> (artifact id: '6920e419808cd030c32cfbe85f8e1d12') in 0.0151323 seconds
Number of updated asset objects reloaded before import = 0Number of asset objects unloaded after import = 8

========================================================================
Received Import Request.
  Time since last request: 0.000032 seconds.
  path: Assets/UnityTechnologies/TowerDefenseTemplate/Prefabs/Audio/LevelMusic.prefab
  artifactKey: Guid(7cc6ba37b727946cba4dd3a71b1a5cca) Importer(2089858483,b0f066a214c2f5e87bad3c948f4d605d)
Start importing Assets/UnityTechnologies/TowerDefenseTemplate/Prefabs/Audio/LevelMusic.prefab using Guid(7cc6ba37b727946cba4dd3a71b1a5cca) Importer(2089858483,b0f066a214c2f5e87bad3c948f4d605d) (ScriptedImporter) -> (artifact id: '3f3e4be7411d7a4bfb99c5c4a93ee317') in 0.0148518 seconds
Number of updated asset objects reloaded before import = 0Number of asset objects unloaded after import = 7

========================================================================
Received Import Request.
  Time since last request: 0.000020 seconds.
  path: Assets/UnityTechnologies/TowerDefenseTemplate/Prefabs/Health/TowerAudio.prefab
  artifactKey: Guid(7d8e931fd319b4985a52e88c5d1cceb4) Importer(2089858483,b0f066a214c2f5e87bad3c948f4d605d)
Start importing Assets/UnityTechnologies/TowerDefenseTemplate/Prefabs/Health/TowerAudio.prefab using Guid(7d8e931fd319b4985a52e88c5d1cceb4) Importer(2089858483,b0f066a214c2f5e87bad3c948f4d605d) (ScriptedImporter) -> (artifact id: '4633f980e2519acfa9baf88766396274') in 0.0154617 seconds
Number of updated asset objects reloaded before import = 0Number of asset objects unloaded after import = 4

========================================================================
Received Import Request.
  Time since last request: 0.000025 seconds.
  path: Assets/UnityTechnologies/TowerDefenseTemplate/Models/Towers/EnergyPylon/EnergyPylon_L03_Shadow.fbx
  artifactKey: Guid(d364d4a5494f9466b8d3596f900afd8c) Importer(2089858483,b0f066a214c2f5e87bad3c948f4d605d)
Start importing Assets/UnityTechnologies/TowerDefenseTemplate/Models/Towers/EnergyPylon/EnergyPylon_L03_Shadow.fbx using Guid(d364d4a5494f9466b8d3596f900afd8c) Importer(2089858483,b0f066a214c2f5e87bad3c948f4d605d) (ScriptedImporter) -> (artifact id: '3fb77a4c9f7dd3409dec68e1bd670ad2') in 0.0158055 seconds
Number of updated asset objects reloaded before import = 0Number of asset objects unloaded after import = 7

========================================================================
Received Import Request.
  Time since last request: 0.000015 seconds.
  path: Assets/UnityTechnologies/TowerDefenseTemplate/Prefabs/UI/SinglePlacementTile.prefab
  artifactKey: Guid(0789fdd77165244beb6bdbaeb2fb3258) Importer(2089858483,b0f066a214c2f5e87bad3c948f4d605d)
Start importing Assets/UnityTechnologies/TowerDefenseTemplate/Prefabs/UI/SinglePlacementTile.prefab using Guid(0789fdd77165244beb6bdbaeb2fb3258) Importer(2089858483,b0f066a214c2f5e87bad3c948f4d605d) (ScriptedImporter) -> (artifact id: 'd33b4bcc67bb126ef28a0287e23b9bcb') in 0.0121942 seconds
Number of updated asset objects reloaded before import = 0Number of asset objects unloaded after import = 9

========================================================================
Received Import Request.
  Time since last request: 0.000023 seconds.
  path: Assets/UnityTechnologies/TowerDefenseTemplate/Audio/SFX/Base Attack/zone_enter.wav
  artifactKey: Guid(b8c05e6303a8c4126b56d5f4a6a70862) Importer(2089858483,b0f066a214c2f5e87bad3c948f4d605d)
Start importing Assets/UnityTechnologies/TowerDefenseTemplate/Audio/SFX/Base Attack/zone_enter.wav using Guid(b8c05e6303a8c4126b56d5f4a6a70862) Importer(2089858483,b0f066a214c2f5e87bad3c948f4d605d) (ScriptedImporter) -> (artifact id: '7af4205df0fdda9b677aedcf0a4ce5c3') in 0.0307274 seconds
Number of updated asset objects reloaded before import = 0Number of asset objects unloaded after import = 1

========================================================================
Received Import Request.
  Time since last request: 0.000022 seconds.
  path: Assets/UnityTechnologies/TowerDefenseTemplate/Materials/Towers/Laser/LaserTower_L01_Albedo_V001.mat
  artifactKey: Guid(a7802b36d3aa74adea88c646f6982ca7) Importer(2089858483,b0f066a214c2f5e87bad3c948f4d605d)
Start importing Assets/UnityTechnologies/TowerDefenseTemplate/Materials/Towers/Laser/LaserTower_L01_Albedo_V001.mat using Guid(a7802b36d3aa74adea88c646f6982ca7) Importer(2089858483,b0f066a214c2f5e87bad3c948f4d605d) (ScriptedImporter) -> (artifact id: '7b08b8d62575edeea7140ac3604a5912') in 0.0209688 seconds
Number of updated asset objects reloaded before import = 0Number of asset objects unloaded after import = 2

========================================================================
Received Import Request.
  Time since last request: 0.000023 seconds.
  path: Assets/UnityTechnologies/TowerDefenseTemplate/Materials/Towers/EMP Tower/EMP_Tower_level_1_tex_v001.mat
  artifactKey: Guid(a946c0e0594604ba194f28022bbc3b9d) Importer(2089858483,b0f066a214c2f5e87bad3c948f4d605d)
Start importing Assets/UnityTechnologies/TowerDefenseTemplate/Materials/Towers/EMP Tower/EMP_Tower_level_1_tex_v001.mat using Guid(a946c0e0594604ba194f28022bbc3b9d) Importer(2089858483,b0f066a214c2f5e87bad3c948f4d605d) (ScriptedImporter) -> (artifact id: '94ca2bd4472318a738d1ed5a7756231c') in 0.0220828 seconds
Number of updated asset objects reloaded before import = 0Number of asset objects unloaded after import = 2

========================================================================
Received Import Request.
  Time since last request: 0.000019 seconds.
  path: Assets/UnityTechnologies/TowerDefenseTemplate/PostProcessing/Editor/PostProcessingInspector.cs
  artifactKey: Guid(27fa95984763d9d47bbad59e7fdb66fe) Importer(2089858483,b0f066a214c2f5e87bad3c948f4d605d)
Start importing Assets/UnityTechnologies/TowerDefenseTemplate/PostProcessing/Editor/PostProcessingInspector.cs using Guid(27fa95984763d9d47bbad59e7fdb66fe) Importer(2089858483,b0f066a214c2f5e87bad3c948f4d605d) (ScriptedImporter) -> (artifact id: 'fad5e1b49928f184fa00b92e2ae52364') in 0.0115557 seconds
Number of updated asset objects reloaded before import = 0Number of asset objects unloaded after import = 0

========================================================================
Received Import Request.
  Time since last request: 0.000071 seconds.
  path: Assets/UnityTechnologies/TowerDefenseTemplate/Particles/Textures/SlowFx.png
  artifactKey: Guid(aafdb491e8b4e405291199aab7b146ba) Importer(2089858483,b0f066a214c2f5e87bad3c948f4d605d)
Start importing Assets/UnityTechnologies/TowerDefenseTemplate/Particles/Textures/SlowFx.png using Guid(aafdb491e8b4e405291199aab7b146ba) Importer(2089858483,b0f066a214c2f5e87bad3c948f4d605d) (ScriptedImporter) -> (artifact id: 'f06110b03998ea62090520846a1f6e19') in 0.0184519 seconds
Number of updated asset objects reloaded before import = 0Number of asset objects unloaded after import = 1

========================================================================
Received Import Request.
  Time since last request: 0.000064 seconds.
  path: Assets/UnityTechnologies/TowerDefenseTemplate/Prefabs/Enemies/Super Hovercopter.prefab
  artifactKey: Guid(954b8b617492d4abfa445e19d2f70692) Importer(2089858483,b0f066a214c2f5e87bad3c948f4d605d)
Start importing Assets/UnityTechnologies/TowerDefenseTemplate/Prefabs/Enemies/Super Hovercopter.prefab using Guid(954b8b617492d4abfa445e19d2f70692) Importer(2089858483,b0f066a214c2f5e87bad3c948f4d605d) (ScriptedImporter) -> (artifact id: 'a4f556e28c34e8839b8da41bb9cbd068') in 0.0235999 seconds
Number of updated asset objects reloaded before import = 0Number of asset objects unloaded after import = 98

========================================================================
Received Import Request.
  Time since last request: 0.000026 seconds.
  path: Assets/UnityTechnologies/TowerDefenseTemplate/Materials/Towers/EnergyPylon/EnergyPylon_L03_Albedo_V001.mat
  artifactKey: Guid(9d544fb1ef2ef4e1b915677e4ec04cb6) Importer(2089858483,b0f066a214c2f5e87bad3c948f4d605d)
Start importing Assets/UnityTechnologies/TowerDefenseTemplate/Materials/Towers/EnergyPylon/EnergyPylon_L03_Albedo_V001.mat using Guid(9d544fb1ef2ef4e1b915677e4ec04cb6) Importer(2089858483,b0f066a214c2f5e87bad3c948f4d605d) (ScriptedImporter) -> (artifact id: 'aee51d0229486c470065470b643b5aec') in 0.0173067 seconds
Number of updated asset objects reloaded before import = 0Number of asset objects unloaded after import = 2

========================================================================
Received Import Request.
  Time since last request: 0.000042 seconds.
  path: Assets/UnityTechnologies/TowerDefenseTemplate/Particles/Textures/BossHover_sprite.png
  artifactKey: Guid(a168f3fb2c74046abbf9d283fffc73bd) Importer(2089858483,b0f066a214c2f5e87bad3c948f4d605d)
Start importing Assets/UnityTechnologies/TowerDefenseTemplate/Particles/Textures/BossHover_sprite.png using Guid(a168f3fb2c74046abbf9d283fffc73bd) Importer(2089858483,b0f066a214c2f5e87bad3c948f4d605d) (ScriptedImporter) -> (artifact id: '9e30059a448ce88a5ac1789fb008a8d5') in 0.0186618 seconds
Number of updated asset objects reloaded before import = 0Number of asset objects unloaded after import = 1

========================================================================
Received Import Request.
  Time since last request: 0.000036 seconds.
  path: Assets/UnityTechnologies/TowerDefenseTemplate/Materials/Towers/MachineGun/MachineGun_Level3_tex_v003.mat
  artifactKey: Guid(ad5cc5335413e43df84ae6caa151caf6) Importer(2089858483,b0f066a214c2f5e87bad3c948f4d605d)
Start importing Assets/UnityTechnologies/TowerDefenseTemplate/Materials/Towers/MachineGun/MachineGun_Level3_tex_v003.mat using Guid(ad5cc5335413e43df84ae6caa151caf6) Importer(2089858483,b0f066a214c2f5e87bad3c948f4d605d) (ScriptedImporter) -> (artifact id: '33d7e98a1e254d8bad2e14b024ff4e29') in 0.0196975 seconds
Number of updated asset objects reloaded before import = 0Number of asset objects unloaded after import = 2

========================================================================
Received Import Request.
  Time since last request: 0.000023 seconds.
  path: Assets/UnityTechnologies/TowerDefenseTemplate/Prefabs/Enemies/Super Hovertank.prefab
  artifactKey: Guid(60000d22132204baa9db73f0b0c0d987) Importer(2089858483,b0f066a214c2f5e87bad3c948f4d605d)
Start importing Assets/UnityTechnologies/TowerDefenseTemplate/Prefabs/Enemies/Super Hovertank.prefab using Guid(60000d22132204baa9db73f0b0c0d987) Importer(2089858483,b0f066a214c2f5e87bad3c948f4d605d) (ScriptedImporter) -> (artifact id: '1ae75d9c7881909bccee5d32048cc1bc') in 0.0212593 seconds
Number of updated asset objects reloaded before import = 0Number of asset objects unloaded after import = 105

========================================================================
Received Import Request.
  Time since last request: 0.000028 seconds.
  path: Assets/UnityTechnologies/TowerDefenseTemplate/Audio/SFX/Base Attack/base_attack.wav
  artifactKey: Guid(e10115bd99a564d38aa5ea4f418b1eda) Importer(2089858483,b0f066a214c2f5e87bad3c948f4d605d)
Start importing Assets/UnityTechnologies/TowerDefenseTemplate/Audio/SFX/Base Attack/base_attack.wav using Guid(e10115bd99a564d38aa5ea4f418b1eda) Importer(2089858483,b0f066a214c2f5e87bad3c948f4d605d) (ScriptedImporter) -> (artifact id: '48213d78cb510ad2bb760fd3ed7519a8') in 0.0284543 seconds
Number of updated asset objects reloaded before import = 0Number of asset objects unloaded after import = 1

========================================================================
Received Import Request.
  Time since last request: 0.000033 seconds.
  path: Assets/UnityTechnologies/TowerDefenseTemplate/PostProcessing/Resources/Bluenoise64/LDR_LLL1_20.png
  artifactKey: Guid(6dda07f1420a968449cf4c6620c44d9f) Importer(2089858483,b0f066a214c2f5e87bad3c948f4d605d)
Start importing Assets/UnityTechnologies/TowerDefenseTemplate/PostProcessing/Resources/Bluenoise64/LDR_LLL1_20.png using Guid(6dda07f1420a968449cf4c6620c44d9f) Importer(2089858483,b0f066a214c2f5e87bad3c948f4d605d) (ScriptedImporter) -> (artifact id: 'cef846e70d6ed413f9ed9d8447554ea6') in 0.0186572 seconds
Number of updated asset objects reloaded before import = 0Number of asset objects unloaded after import = 1

========================================================================
Received Import Request.
  Time since last request: 0.000021 seconds.
  path: Assets/UnityTechnologies/TowerDefenseTemplate/Models/Towers/Rocket/Turret_RocketTower_L02.fbx
  artifactKey: Guid(25834cacbbf5e4c9e8e23d0159570146) Importer(2089858483,b0f066a214c2f5e87bad3c948f4d605d)
Start importing Assets/UnityTechnologies/TowerDefenseTemplate/Models/Towers/Rocket/Turret_RocketTower_L02.fbx using Guid(25834cacbbf5e4c9e8e23d0159570146) Importer(2089858483,b0f066a214c2f5e87bad3c948f4d605d) (ScriptedImporter) -> (artifact id: 'f8f97c7e6461e7963339f387834faeac') in 0.0219363 seconds
Number of updated asset objects reloaded before import = 0Number of asset objects unloaded after import = 9

========================================================================
Received Import Request.
  Time since last request: 0.000029 seconds.
  path: Assets/UnityTechnologies/TowerDefenseTemplate/Models/Towers/MachineGun/MachineGun_Level1_tex_v001.tif
  artifactKey: Guid(ac34ab42336e14c2393b35ce459ec2c9) Importer(2089858483,b0f066a214c2f5e87bad3c948f4d605d)
Start importing Assets/UnityTechnologies/TowerDefenseTemplate/Models/Towers/MachineGun/MachineGun_Level1_tex_v001.tif using Guid(ac34ab42336e14c2393b35ce459ec2c9) Importer(2089858483,b0f066a214c2f5e87bad3c948f4d605d) (ScriptedImporter) -> (artifact id: '64be6627522e59d24e5bbc832e31da23') in 0.0191131 seconds
Number of updated asset objects reloaded before import = 0Number of asset objects unloaded after import = 1

========================================================================
Received Import Request.
  Time since last request: 0.000015 seconds.
  path: Assets/UnityTechnologies/TowerDefenseTemplate/Models/Towers/SuperTower/SuperTower_Base.fbx
  artifactKey: Guid(5a21a3f7bd3c644fb9b36035645566b9) Importer(2089858483,b0f066a214c2f5e87bad3c948f4d605d)
Start importing Assets/UnityTechnologies/TowerDefenseTemplate/Models/Towers/SuperTower/SuperTower_Base.fbx using Guid(5a21a3f7bd3c644fb9b36035645566b9) Importer(2089858483,b0f066a214c2f5e87bad3c948f4d605d) (ScriptedImporter) -> (artifact id: 'fec61bd2e8d27312d40b9680a91b9955') in 0.019477 seconds
Number of updated asset objects reloaded before import = 0Number of asset objects unloaded after import = 9

========================================================================
Received Import Request.
  Time since last request: 0.000021 seconds.
  path: Assets/UnityTechnologies/TowerDefenseTemplate/PostProcessing/Editor/Models/FogModelEditor.cs
  artifactKey: Guid(44a64b44ec891d24b96ed84d958c3d4f) Importer(2089858483,b0f066a214c2f5e87bad3c948f4d605d)
Start importing Assets/UnityTechnologies/TowerDefenseTemplate/PostProcessing/Editor/Models/FogModelEditor.cs using Guid(44a64b44ec891d24b96ed84d958c3d4f) Importer(2089858483,b0f066a214c2f5e87bad3c948f4d605d) (ScriptedImporter) -> (artifact id: '23fa3510b5fcb6358d95a7831c791ac4') in 0.0158638 seconds
Number of updated asset objects reloaded before import = 0Number of asset objects unloaded after import = 0

========================================================================
Received Import Request.
  Time since last request: 0.000194 seconds.
  path: Assets/UnityTechnologies/TowerDefenseTemplate/Models/Towers/MachineGun/Turret_MachineGun_L03_Shadow.fbx
  artifactKey: Guid(9e9c8eefde8d54604877bc88f64d9b19) Importer(2089858483,b0f066a214c2f5e87bad3c948f4d605d)
Start importing Assets/UnityTechnologies/TowerDefenseTemplate/Models/Towers/MachineGun/Turret_MachineGun_L03_Shadow.fbx using Guid(9e9c8eefde8d54604877bc88f64d9b19) Importer(2089858483,b0f066a214c2f5e87bad3c948f4d605d) (ScriptedImporter) -> (artifact id: 'f71a09ddec9fedbbb581bb9e9032d171') in 0.0180917 seconds
Number of updated asset objects reloaded before import = 0Number of asset objects unloaded after import = 7

========================================================================
Received Import Request.
  Time since last request: 0.000021 seconds.
  path: Assets/UnityTechnologies/TowerDefenseTemplate/Models/Towers/MachineGun/Base_MachineGun_L02_Shadow.fbx
  artifactKey: Guid(0a2cc98c77c2e4668b2e400f341e1a74) Importer(2089858483,b0f066a214c2f5e87bad3c948f4d605d)
Start importing Assets/UnityTechnologies/TowerDefenseTemplate/Models/Towers/MachineGun/Base_MachineGun_L02_Shadow.fbx using Guid(0a2cc98c77c2e4668b2e400f341e1a74) Importer(2089858483,b0f066a214c2f5e87bad3c948f4d605d) (ScriptedImporter) -> (artifact id: 'dfb54ec3f11506ac7d83b0eccfd34f1d') in 0.017716 seconds
Number of updated asset objects reloaded before import = 0Number of asset objects unloaded after import = 7

========================================================================
Received Import Request.
  Time since last request: 0.000017 seconds.
  path: Assets/UnityTechnologies/TowerDefenseTemplate/Models/Towers/Rocket/Base_RocketTower_L01_Shadow.fbx
  artifactKey: Guid(612fb0e64364342c7ba6c8e80d842ca6) Importer(2089858483,b0f066a214c2f5e87bad3c948f4d605d)
Start importing Assets/UnityTechnologies/TowerDefenseTemplate/Models/Towers/Rocket/Base_RocketTower_L01_Shadow.fbx using Guid(612fb0e64364342c7ba6c8e80d842ca6) Importer(2089858483,b0f066a214c2f5e87bad3c948f4d605d) (ScriptedImporter) -> (artifact id: 'a5f727082bcdc49b35cb577da0a0ccf1') in 0.018467 seconds
Number of updated asset objects reloaded before import = 0Number of asset objects unloaded after import = 7

========================================================================
Received Import Request.
  Time since last request: 0.000019 seconds.
  path: Assets/UnityTechnologies/TowerDefenseTemplate/PostProcessing/Editor/Utils/CurveEditor.cs
  artifactKey: Guid(afb349ef0bffd144db2bdd25630f648e) Importer(2089858483,b0f066a214c2f5e87bad3c948f4d605d)
Start importing Assets/UnityTechnologies/TowerDefenseTemplate/PostProcessing/Editor/Utils/CurveEditor.cs using Guid(afb349ef0bffd144db2bdd25630f648e) Importer(2089858483,b0f066a214c2f5e87bad3c948f4d605d) (ScriptedImporter) -> (artifact id: '9f464ff0ecd70820eadc9515846b6edd') in 0.0143587 seconds
Number of updated asset objects reloaded before import = 0Number of asset objects unloaded after import = 0

========================================================================
Received Import Request.
  Time since last request: 0.000087 seconds.
  path: Assets/UnityTechnologies/TowerDefenseTemplate/PostProcessing/Editor/Models/AntialiasingModelEditor.cs
  artifactKey: Guid(2451939fe695c1a408ba688219837667) Importer(2089858483,b0f066a214c2f5e87bad3c948f4d605d)
Start importing Assets/UnityTechnologies/TowerDefenseTemplate/PostProcessing/Editor/Models/AntialiasingModelEditor.cs using Guid(2451939fe695c1a408ba688219837667) Importer(2089858483,b0f066a214c2f5e87bad3c948f4d605d) (ScriptedImporter) -> (artifact id: '7821b4eefec4fe5868b46c4576c6ac7f') in 0.0176914 seconds
Number of updated asset objects reloaded before import = 0Number of asset objects unloaded after import = 0

========================================================================
Received Import Request.
  Time since last request: 0.000075 seconds.
  path: Assets/UnityTechnologies/TowerDefenseTemplate/Models/Towers/MachineGun/MachineGun_Level2_tex_v003.tif
  artifactKey: Guid(3b94fc014291b427a8c54078b6002a1e) Importer(2089858483,b0f066a214c2f5e87bad3c948f4d605d)
Start importing Assets/UnityTechnologies/TowerDefenseTemplate/Models/Towers/MachineGun/MachineGun_Level2_tex_v003.tif using Guid(3b94fc014291b427a8c54078b6002a1e) Importer(2089858483,b0f066a214c2f5e87bad3c948f4d605d) (ScriptedImporter) -> (artifact id: 'cdcd40eb8c619073fd975cfa90af8640') in 0.022166 seconds
Number of updated asset objects reloaded before import = 0Number of asset objects unloaded after import = 1

========================================================================
Received Import Request.
  Time since last request: 0.000036 seconds.
  path: Assets/UnityTechnologies/TowerDefenseTemplate/Models/Towers/Rocket/Rocket_Tower_L01_Texture_V001.tif
  artifactKey: Guid(bde13cf56aaca4e55a00e43c8985a596) Importer(2089858483,b0f066a214c2f5e87bad3c948f4d605d)
Start importing Assets/UnityTechnologies/TowerDefenseTemplate/Models/Towers/Rocket/Rocket_Tower_L01_Texture_V001.tif using Guid(bde13cf56aaca4e55a00e43c8985a596) Importer(2089858483,b0f066a214c2f5e87bad3c948f4d605d) (ScriptedImporter) -> (artifact id: '8fa4f0c7a42f8e6b845e87ea309dcfe4') in 0.021513 seconds
Number of updated asset objects reloaded before import = 0Number of asset objects unloaded after import = 1

========================================================================
Received Import Request.
  Time since last request: 0.000126 seconds.
  path: Assets/UnityTechnologies/TowerDefenseTemplate/PostProcessing/Editor/Models/VignetteModelEditor.cs
  artifactKey: Guid(745ad42620dabf04b94761acc86189ba) Importer(2089858483,b0f066a214c2f5e87bad3c948f4d605d)
Start importing Assets/UnityTechnologies/TowerDefenseTemplate/PostProcessing/Editor/Models/VignetteModelEditor.cs using Guid(745ad42620dabf04b94761acc86189ba) Importer(2089858483,b0f066a214c2f5e87bad3c948f4d605d) (ScriptedImporter) -> (artifact id: '812c95a464cba80d7c30a34448045d73') in 0.0133166 seconds
Number of updated asset objects reloaded before import = 0Number of asset objects unloaded after import = 0

========================================================================
Received Import Request.
  Time since last request: 0.000032 seconds.
  path: Assets/UnityTechnologies/TowerDefenseTemplate/PostProcessing/Resources/Bluenoise64/LDR_LLL1_18.png
  artifactKey: Guid(74aca53eb7273624baffc2bf5e5cc173) Importer(2089858483,b0f066a214c2f5e87bad3c948f4d605d)
Start importing Assets/UnityTechnologies/TowerDefenseTemplate/PostProcessing/Resources/Bluenoise64/LDR_LLL1_18.png using Guid(74aca53eb7273624baffc2bf5e5cc173) Importer(2089858483,b0f066a214c2f5e87bad3c948f4d605d) (ScriptedImporter) -> (artifact id: '81704f1825a6039abb37bb5afaf024b1') in 0.0153655 seconds
Number of updated asset objects reloaded before import = 0Number of asset objects unloaded after import = 1

========================================================================
Received Import Request.
  Time since last request: 0.000022 seconds.
  path: Assets/UnityTechnologies/TowerDefenseTemplate/PostProcessing/Resources/Bluenoise64/LDR_LLL1_1.png
  artifactKey: Guid(3c2f1fb7e4b66e74191b7c328ada52d9) Importer(2089858483,b0f066a214c2f5e87bad3c948f4d605d)
Start importing Assets/UnityTechnologies/TowerDefenseTemplate/PostProcessing/Resources/Bluenoise64/LDR_LLL1_1.png using Guid(3c2f1fb7e4b66e74191b7c328ada52d9) Importer(2089858483,b0f066a214c2f5e87bad3c948f4d605d) (ScriptedImporter) -> (artifact id: '11b2ee203d296d2b08c14a3590c75b3c') in 0.0171295 seconds
Number of updated asset objects reloaded before import = 0Number of asset objects unloaded after import = 1

========================================================================
Received Import Request.
  Time since last request: 0.000023 seconds.
  path: Assets/UnityTechnologies/TowerDefenseTemplate/PostProcessing/Editor/Models/DepthOfFieldModelEditor.cs
  artifactKey: Guid(dc2f388440e9f8b4f8fc7bb43c01cc7d) Importer(2089858483,b0f066a214c2f5e87bad3c948f4d605d)
Start importing Assets/UnityTechnologies/TowerDefenseTemplate/PostProcessing/Editor/Models/DepthOfFieldModelEditor.cs using Guid(dc2f388440e9f8b4f8fc7bb43c01cc7d) Importer(2089858483,b0f066a214c2f5e87bad3c948f4d605d) (ScriptedImporter) -> (artifact id: 'd0a0323967caa0dc005f40edbe2e5639') in 0.0138602 seconds
Number of updated asset objects reloaded before import = 0Number of asset objects unloaded after import = 0

========================================================================
Received Import Request.
  Time since last request: 0.000089 seconds.
  path: Assets/UnityTechnologies/TowerDefenseTemplate/Models/Units/Materials/TankBasic_Albedo_V001.mat
  artifactKey: Guid(5694b141fdeef254d8fd282fa1d95350) Importer(2089858483,b0f066a214c2f5e87bad3c948f4d605d)
Start importing Assets/UnityTechnologies/TowerDefenseTemplate/Models/Units/Materials/TankBasic_Albedo_V001.mat using Guid(5694b141fdeef254d8fd282fa1d95350) Importer(2089858483,b0f066a214c2f5e87bad3c948f4d605d) (ScriptedImporter) -> (artifact id: 'd84ae7f21708e095fbd5dcfdcbc62ee4') in 0.0362353 seconds
Number of updated asset objects reloaded before import = 0Number of asset objects unloaded after import = 1

========================================================================
Received Import Request.
  Time since last request: 0.000024 seconds.
  path: Assets/UnityTechnologies/TowerDefenseTemplate/PostProcessing/Editor/Models/GrainModelEditor.cs
  artifactKey: Guid(8330694e2c90c284f81153ac83b3cb4a) Importer(2089858483,b0f066a214c2f5e87bad3c948f4d605d)
Start importing Assets/UnityTechnologies/TowerDefenseTemplate/PostProcessing/Editor/Models/GrainModelEditor.cs using Guid(8330694e2c90c284f81153ac83b3cb4a) Importer(2089858483,b0f066a214c2f5e87bad3c948f4d605d) (ScriptedImporter) -> (artifact id: 'e775c0ee03c9bf18aaa04934c83ba754') in 0.0141161 seconds
Number of updated asset objects reloaded before import = 0Number of asset objects unloaded after import = 0

========================================================================
Received Import Request.
  Time since last request: 0.000070 seconds.
  path: Assets/UnityTechnologies/TowerDefenseTemplate/PostProcessing/Editor/Models/DefaultPostFxModelEditor.cs
  artifactKey: Guid(c15016a7fef58974f91a6a4d6b132d94) Importer(2089858483,b0f066a214c2f5e87bad3c948f4d605d)
Start importing Assets/UnityTechnologies/TowerDefenseTemplate/PostProcessing/Editor/Models/DefaultPostFxModelEditor.cs using Guid(c15016a7fef58974f91a6a4d6b132d94) Importer(2089858483,b0f066a214c2f5e87bad3c948f4d605d) (ScriptedImporter) -> (artifact id: 'c9207898ac84cd44e047ffd13d537586') in 0.0153089 seconds
Number of updated asset objects reloaded before import = 0Number of asset objects unloaded after import = 0

========================================================================
Received Import Request.
  Time since last request: 0.000086 seconds.
  path: Assets/UnityTechnologies/TowerDefenseTemplate/PostProcessing/Editor/Models/BuiltinDebugViewsEditor.cs
  artifactKey: Guid(760ffebbef2ed644c87940a699eb7fe6) Importer(2089858483,b0f066a214c2f5e87bad3c948f4d605d)
Start importing Assets/UnityTechnologies/TowerDefenseTemplate/PostProcessing/Editor/Models/BuiltinDebugViewsEditor.cs using Guid(760ffebbef2ed644c87940a699eb7fe6) Importer(2089858483,b0f066a214c2f5e87bad3c948f4d605d) (ScriptedImporter) -> (artifact id: 'c904db8b468560aeee872ca6db722a6a') in 0.013093 seconds
Number of updated asset objects reloaded before import = 0Number of asset objects unloaded after import = 0

========================================================================
Received Import Request.
  Time since last request: 0.000478 seconds.
  path: Assets/UnityTechnologies/TowerDefenseTemplate/Models/Towers/Rocket/Base_RocketTower_L02.fbx
  artifactKey: Guid(d9b2a39b852b44dc29a992c5bdd7da42) Importer(2089858483,b0f066a214c2f5e87bad3c948f4d605d)
Start importing Assets/UnityTechnologies/TowerDefenseTemplate/Models/Towers/Rocket/Base_RocketTower_L02.fbx using Guid(d9b2a39b852b44dc29a992c5bdd7da42) Importer(2089858483,b0f066a214c2f5e87bad3c948f4d605d) (ScriptedImporter) -> (artifact id: '6dbda4bac5cd5b8d8a0d8a41673952c5') in 0.0215973 seconds
Number of updated asset objects reloaded before import = 0Number of asset objects unloaded after import = 9

========================================================================
Received Import Request.
  Time since last request: 0.000020 seconds.
  path: Assets/UnityTechnologies/TowerDefenseTemplate/Models/Towers/MachineGun/Base_MachineGun_L01.fbx
  artifactKey: Guid(dd040609d7aef419b9c85fc5bfa91345) Importer(2089858483,b0f066a214c2f5e87bad3c948f4d605d)
Start importing Assets/UnityTechnologies/TowerDefenseTemplate/Models/Towers/MachineGun/Base_MachineGun_L01.fbx using Guid(dd040609d7aef419b9c85fc5bfa91345) Importer(2089858483,b0f066a214c2f5e87bad3c948f4d605d) (ScriptedImporter) -> (artifact id: '294a6d2851b6d13ae8126e89fce62819') in 0.0203177 seconds
Number of updated asset objects reloaded before import = 0Number of asset objects unloaded after import = 9

========================================================================
Received Import Request.
  Time since last request: 0.000017 seconds.
  path: Assets/UnityTechnologies/TowerDefenseTemplate/Materials/Towers/Rocket/Rocket_Tower_L03_Texture_V003.mat
  artifactKey: Guid(1516d145af6a74a2c9a24b3333dc64b2) Importer(2089858483,b0f066a214c2f5e87bad3c948f4d605d)
Start importing Assets/UnityTechnologies/TowerDefenseTemplate/Materials/Towers/Rocket/Rocket_Tower_L03_Texture_V003.mat using Guid(1516d145af6a74a2c9a24b3333dc64b2) Importer(2089858483,b0f066a214c2f5e87bad3c948f4d605d) (ScriptedImporter) -> (artifact id: '36e3ea914b0143adb28ad646ae2efd9a') in 0.0179762 seconds
Number of updated asset objects reloaded before import = 0Number of asset objects unloaded after import = 2

========================================================================
Received Import Request.
  Time since last request: 0.000017 seconds.
  path: Assets/UnityTechnologies/TowerDefenseTemplate/Particles/Prefabs/RocketExplosionPfx.prefab
  artifactKey: Guid(f43a73bac381a4517bdade908e622a9e) Importer(2089858483,b0f066a214c2f5e87bad3c948f4d605d)
Start importing Assets/UnityTechnologies/TowerDefenseTemplate/Particles/Prefabs/RocketExplosionPfx.prefab using Guid(f43a73bac381a4517bdade908e622a9e) Importer(2089858483,b0f066a214c2f5e87bad3c948f4d605d) (ScriptedImporter) -> (artifact id: 'bbab014859ca0e7e8e7b2e92afaa4f38') in 0.0715641 seconds
Number of updated asset objects reloaded before import = 0Number of asset objects unloaded after import = 49

========================================================================
Received Import Request.
  Time since last request: 0.000038 seconds.
  path: Assets/UnityTechnologies/TowerDefenseTemplate/Audio/SFX/Tower Destruction/Destruction 4.wav
  artifactKey: Guid(731364f0ab9af462c884661ca839c89e) Importer(2089858483,b0f066a214c2f5e87bad3c948f4d605d)
Start importing Assets/UnityTechnologies/TowerDefenseTemplate/Audio/SFX/Tower Destruction/Destruction 4.wav using Guid(731364f0ab9af462c884661ca839c89e) Importer(2089858483,b0f066a214c2f5e87bad3c948f4d605d) (ScriptedImporter) -> (artifact id: 'f1886b365cfe803a1d70b3beecd53ff9') in 0.025942 seconds
Number of updated asset objects reloaded before import = 0Number of asset objects unloaded after import = 1

========================================================================
Received Import Request.
  Time since last request: 0.000033 seconds.
  path: Assets/UnityTechnologies/TowerDefenseTemplate/PostProcessing/Editor Resources/UI/Trackball.shader
  artifactKey: Guid(4bf49309c7ab9eb42a86774d2c09b4fa) Importer(2089858483,b0f066a214c2f5e87bad3c948f4d605d)
Start importing Assets/UnityTechnologies/TowerDefenseTemplate/PostProcessing/Editor Resources/UI/Trackball.shader using Guid(4bf49309c7ab9eb42a86774d2c09b4fa) Importer(2089858483,b0f066a214c2f5e87bad3c948f4d605d) (ScriptedImporter) -> (artifact id: 'f6e337cee9e58e5e228e490c9387807f') in 0.0162058 seconds
Number of updated asset objects reloaded before import = 0Number of asset objects unloaded after import = 1

========================================================================
Received Import Request.
  Time since last request: 0.000032 seconds.
  path: Assets/UnityTechnologies/TowerDefenseTemplate/PostProcessing/Editor/PostProcessingMonitor.cs
  artifactKey: Guid(801186e9e649457469bcddd8ee391c71) Importer(2089858483,b0f066a214c2f5e87bad3c948f4d605d)
Start importing Assets/UnityTechnologies/TowerDefenseTemplate/PostProcessing/Editor/PostProcessingMonitor.cs using Guid(801186e9e649457469bcddd8ee391c71) Importer(2089858483,b0f066a214c2f5e87bad3c948f4d605d) (ScriptedImporter) -> (artifact id: '10b899a28a122303aabbc4ae99d6585e') in 0.0116854 seconds
Number of updated asset objects reloaded before import = 0Number of asset objects unloaded after import = 0

========================================================================
Received Import Request.
  Time since last request: 0.000062 seconds.
  path: Assets/UnityTechnologies/TowerDefenseTemplate/Materials/Towers/EMP Tower/EMP_Tower_level_3_tex_v001.mat
  artifactKey: Guid(79bd163cf8abc40d19f4130454cbba7e) Importer(2089858483,b0f066a214c2f5e87bad3c948f4d605d)
Start importing Assets/UnityTechnologies/TowerDefenseTemplate/Materials/Towers/EMP Tower/EMP_Tower_level_3_tex_v001.mat using Guid(79bd163cf8abc40d19f4130454cbba7e) Importer(2089858483,b0f066a214c2f5e87bad3c948f4d605d) (ScriptedImporter) -> (artifact id: 'c4e17496849c368154693d845c62228c') in 0.0199386 seconds
Number of updated asset objects reloaded before import = 0Number of asset objects unloaded after import = 2

========================================================================
Received Import Request.
  Time since last request: 0.000015 seconds.
  path: Assets/UnityTechnologies/TowerDefenseTemplate/PostProcessing/Runtime/Components/FogComponent.cs
  artifactKey: Guid(d0363c1cc7de62b4989190994103f5e2) Importer(2089858483,b0f066a214c2f5e87bad3c948f4d605d)
Start importing Assets/UnityTechnologies/TowerDefenseTemplate/PostProcessing/Runtime/Components/FogComponent.cs using Guid(d0363c1cc7de62b4989190994103f5e2) Importer(2089858483,b0f066a214c2f5e87bad3c948f4d605d) (ScriptedImporter) -> (artifact id: 'f2ec9fea896065719898134bccc2df54') in 0.0134631 seconds
Number of updated asset objects reloaded before import = 0Number of asset objects unloaded after import = 0

========================================================================
Received Import Request.
  Time since last request: 0.000101 seconds.
  path: Assets/UnityTechnologies/TowerDefenseTemplate/PostProcessing/Resources/Shaders/DepthOfField.shader
  artifactKey: Guid(ac8ed710934a3564686a096bb351caee) Importer(2089858483,b0f066a214c2f5e87bad3c948f4d605d)
Start importing Assets/UnityTechnologies/TowerDefenseTemplate/PostProcessing/Resources/Shaders/DepthOfField.shader using Guid(ac8ed710934a3564686a096bb351caee) Importer(2089858483,b0f066a214c2f5e87bad3c948f4d605d) (ScriptedImporter) -> (artifact id: '408f30dd6f979cbf1a9e8bf15764a145') in 0.0122154 seconds
Number of updated asset objects reloaded before import = 0Number of asset objects unloaded after import = 1

========================================================================
Received Import Request.
  Time since last request: 0.000044 seconds.
  path: Assets/UnityTechnologies/TowerDefenseTemplate/PostProcessing/Runtime/Components/DepthOfFieldComponent.cs
  artifactKey: Guid(d862c8701bf34c342b95cf9058d0b70c) Importer(2089858483,b0f066a214c2f5e87bad3c948f4d605d)
Start importing Assets/UnityTechnologies/TowerDefenseTemplate/PostProcessing/Runtime/Components/DepthOfFieldComponent.cs using Guid(d862c8701bf34c342b95cf9058d0b70c) Importer(2089858483,b0f066a214c2f5e87bad3c948f4d605d) (ScriptedImporter) -> (artifact id: '17c40ce3f9c2f5f9a5d965f0cd85544f') in 0.0112887 seconds
Number of updated asset objects reloaded before import = 0Number of asset objects unloaded after import = 0

========================================================================
Received Import Request.
  Time since last request: 0.000095 seconds.
  path: Assets/UnityTechnologies/TowerDefenseTemplate/PostProcessing/Runtime/Components/EyeAdaptationComponent.cs
  artifactKey: Guid(c227d71a4040d304c943c26e0914bdeb) Importer(2089858483,b0f066a214c2f5e87bad3c948f4d605d)
Start importing Assets/UnityTechnologies/TowerDefenseTemplate/PostProcessing/Runtime/Components/EyeAdaptationComponent.cs using Guid(c227d71a4040d304c943c26e0914bdeb) Importer(2089858483,b0f066a214c2f5e87bad3c948f4d605d) (ScriptedImporter) -> (artifact id: '0f6a544985b26d99677eb3acfaa37e06') in 0.0123198 seconds
Number of updated asset objects reloaded before import = 0Number of asset objects unloaded after import = 0

========================================================================
Received Import Request.
  Time since last request: 0.000063 seconds.
  path: Assets/UnityTechnologies/TowerDefenseTemplate/PostProcessing/Resources/Bluenoise64/LDR_LLL1_6.png
  artifactKey: Guid(79b86f3419b87f3429164a956da8cfab) Importer(2089858483,b0f066a214c2f5e87bad3c948f4d605d)
Start importing Assets/UnityTechnologies/TowerDefenseTemplate/PostProcessing/Resources/Bluenoise64/LDR_LLL1_6.png using Guid(79b86f3419b87f3429164a956da8cfab) Importer(2089858483,b0f066a214c2f5e87bad3c948f4d605d) (ScriptedImporter) -> (artifact id: '5134ce657aa95e80cb4a42b9a7634391') in 0.0141656 seconds
Number of updated asset objects reloaded before import = 0Number of asset objects unloaded after import = 1

========================================================================
Received Import Request.
  Time since last request: 0.000059 seconds.
  path: Assets/UnityTechnologies/TowerDefenseTemplate/PostProcessing/Resources/Shaders/ScreenSpaceReflection.shader
  artifactKey: Guid(607a5643efb168f429e438f7d6ad270a) Importer(2089858483,b0f066a214c2f5e87bad3c948f4d605d)
Start importing Assets/UnityTechnologies/TowerDefenseTemplate/PostProcessing/Resources/Shaders/ScreenSpaceReflection.shader using Guid(607a5643efb168f429e438f7d6ad270a) Importer(2089858483,b0f066a214c2f5e87bad3c948f4d605d) (ScriptedImporter) -> (artifact id: '79c593dad933813ede470031f150599e') in 0.0135263 seconds
Number of updated asset objects reloaded before import = 0Number of asset objects unloaded after import = 1

========================================================================
Received Import Request.
  Time since last request: 0.000057 seconds.
  path: Assets/UnityTechnologies/TowerDefenseTemplate/PostProcessing/Resources/Bluenoise64/LDR_LLL1_24.png
  artifactKey: Guid(32c6a5f7143b86c44bd5cdee2ff3f8ad) Importer(2089858483,b0f066a214c2f5e87bad3c948f4d605d)
Start importing Assets/UnityTechnologies/TowerDefenseTemplate/PostProcessing/Resources/Bluenoise64/LDR_LLL1_24.png using Guid(32c6a5f7143b86c44bd5cdee2ff3f8ad) Importer(2089858483,b0f066a214c2f5e87bad3c948f4d605d) (ScriptedImporter) -> (artifact id: '90aed66a3468832ab18873b39f6df6f8') in 0.015356 seconds
Number of updated asset objects reloaded before import = 0Number of asset objects unloaded after import = 1

========================================================================
Received Import Request.
  Time since last request: 0.000016 seconds.
  path: Assets/UnityTechnologies/TowerDefenseTemplate/PostProcessing/Resources/Bluenoise64/LDR_LLL1_25.png
  artifactKey: Guid(f4b8ab78b57749d4e96d36f6d8a395d0) Importer(2089858483,b0f066a214c2f5e87bad3c948f4d605d)
Start importing Assets/UnityTechnologies/TowerDefenseTemplate/PostProcessing/Resources/Bluenoise64/LDR_LLL1_25.png using Guid(f4b8ab78b57749d4e96d36f6d8a395d0) Importer(2089858483,b0f066a214c2f5e87bad3c948f4d605d) (ScriptedImporter) -> (artifact id: '5b33971ca181bf299b4ea32cd8e6bea4') in 0.0148941 seconds
Number of updated asset objects reloaded before import = 0Number of asset objects unloaded after import = 1

========================================================================
Received Import Request.
  Time since last request: 0.000020 seconds.
  path: Assets/UnityTechnologies/TowerDefenseTemplate/PostProcessing/Resources/Bluenoise64/LDR_LLL1_52.png
  artifactKey: Guid(d2e8e90fac2e6a341a38e1c3963c218d) Importer(2089858483,b0f066a214c2f5e87bad3c948f4d605d)
Start importing Assets/UnityTechnologies/TowerDefenseTemplate/PostProcessing/Resources/Bluenoise64/LDR_LLL1_52.png using Guid(d2e8e90fac2e6a341a38e1c3963c218d) Importer(2089858483,b0f066a214c2f5e87bad3c948f4d605d) (ScriptedImporter) -> (artifact id: '8d3a5cae85cc1e8fa0c7e9ecc0bc1117') in 0.0133945 seconds
Number of updated asset objects reloaded before import = 0Number of asset objects unloaded after import = 1

========================================================================
Received Import Request.
  Time since last request: 0.000244 seconds.
  path: Assets/UnityTechnologies/TowerDefenseTemplate/PostProcessing/Resources/Bluenoise64/LDR_LLL1_51.png
  artifactKey: Guid(d5a51525b27e3ee4aadbeb39cbcf0750) Importer(2089858483,b0f066a214c2f5e87bad3c948f4d605d)
Start importing Assets/UnityTechnologies/TowerDefenseTemplate/PostProcessing/Resources/Bluenoise64/LDR_LLL1_51.png using Guid(d5a51525b27e3ee4aadbeb39cbcf0750) Importer(2089858483,b0f066a214c2f5e87bad3c948f4d605d) (ScriptedImporter) -> (artifact id: '3332d2f030a34276ac4a24d06f0b7934') in 0.0164553 seconds
Number of updated asset objects reloaded before import = 0Number of asset objects unloaded after import = 1

========================================================================
Received Import Request.
  Time since last request: 0.000025 seconds.
  path: Assets/UnityTechnologies/TowerDefenseTemplate/PostProcessing/Runtime/Components/ColorGradingComponent.cs
  artifactKey: Guid(9baf73db7c9fc1b478f4a0a1000c86f5) Importer(2089858483,b0f066a214c2f5e87bad3c948f4d605d)
Start importing Assets/UnityTechnologies/TowerDefenseTemplate/PostProcessing/Runtime/Components/ColorGradingComponent.cs using Guid(9baf73db7c9fc1b478f4a0a1000c86f5) Importer(2089858483,b0f066a214c2f5e87bad3c948f4d605d) (ScriptedImporter) -> (artifact id: 'c7e2090515932fb7598eb3eb3b201926') in 0.0105303 seconds
Number of updated asset objects reloaded before import = 0Number of asset objects unloaded after import = 0

========================================================================
Received Import Request.
  Time since last request: 0.000032 seconds.
  path: Assets/UnityTechnologies/TowerDefenseTemplate/PostProcessing/Resources/Shaders/BuiltinDebugViews.shader
  artifactKey: Guid(72127ba7dd8c6b04bb3f29c7ee669813) Importer(2089858483,b0f066a214c2f5e87bad3c948f4d605d)
Start importing Assets/UnityTechnologies/TowerDefenseTemplate/PostProcessing/Resources/Shaders/BuiltinDebugViews.shader using Guid(72127ba7dd8c6b04bb3f29c7ee669813) Importer(2089858483,b0f066a214c2f5e87bad3c948f4d605d) (ScriptedImporter) -> (artifact id: '5d36ea3237ff59cbb2de82d93281a7f4') in 0.0116852 seconds
Number of updated asset objects reloaded before import = 0Number of asset objects unloaded after import = 1

========================================================================
Received Import Request.
  Time since last request: 0.000019 seconds.
  path: Assets/UnityTechnologies/TowerDefenseTemplate/PostProcessing/Resources/Bluenoise64/LDR_LLL1_31.png
  artifactKey: Guid(6b0a189df0bd4d5448eaefb4e673ace8) Importer(2089858483,b0f066a214c2f5e87bad3c948f4d605d)
Start importing Assets/UnityTechnologies/TowerDefenseTemplate/PostProcessing/Resources/Bluenoise64/LDR_LLL1_31.png using Guid(6b0a189df0bd4d5448eaefb4e673ace8) Importer(2089858483,b0f066a214c2f5e87bad3c948f4d605d) (ScriptedImporter) -> (artifact id: '385f8607bf0fb32deb5f5a08afba6d1e') in 0.0140155 seconds
Number of updated asset objects reloaded before import = 0Number of asset objects unloaded after import = 1

========================================================================
Received Import Request.
  Time since last request: 0.000035 seconds.
  path: Assets/UnityTechnologies/TowerDefenseTemplate/PostProcessing/Resources/Bluenoise64/LDR_LLL1_46.png
  artifactKey: Guid(8ecbbcae4cc747a4abbc4adce795d25e) Importer(2089858483,b0f066a214c2f5e87bad3c948f4d605d)
Start importing Assets/UnityTechnologies/TowerDefenseTemplate/PostProcessing/Resources/Bluenoise64/LDR_LLL1_46.png using Guid(8ecbbcae4cc747a4abbc4adce795d25e) Importer(2089858483,b0f066a214c2f5e87bad3c948f4d605d) (ScriptedImporter) -> (artifact id: '17e9cd4c504906623b2bfc114c513f07') in 0.014393 seconds
Number of updated asset objects reloaded before import = 0Number of asset objects unloaded after import = 1

========================================================================
Received Import Request.
  Time since last request: 0.000019 seconds.
  path: Assets/UnityTechnologies/TowerDefenseTemplate/PostProcessing/Resources/Bluenoise64/LDR_LLL1_44.png
  artifactKey: Guid(15e54aa23a938444389469d53765d741) Importer(2089858483,b0f066a214c2f5e87bad3c948f4d605d)
Start importing Assets/UnityTechnologies/TowerDefenseTemplate/PostProcessing/Resources/Bluenoise64/LDR_LLL1_44.png using Guid(15e54aa23a938444389469d53765d741) Importer(2089858483,b0f066a214c2f5e87bad3c948f4d605d) (ScriptedImporter) -> (artifact id: '43ac224a29d7b1c42077e4c1345d3fb3') in 0.0172888 seconds
Number of updated asset objects reloaded before import = 0Number of asset objects unloaded after import = 1

========================================================================
Received Import Request.
  Time since last request: 0.000025 seconds.
  path: Assets/UnityTechnologies/TowerDefenseTemplate/PostProcessing/Resources/Bluenoise64/LDR_LLL1_37.png
  artifactKey: Guid(1d6958e30e40a254dbe5a54c573eeb3c) Importer(2089858483,b0f066a214c2f5e87bad3c948f4d605d)
Start importing Assets/UnityTechnologies/TowerDefenseTemplate/PostProcessing/Resources/Bluenoise64/LDR_LLL1_37.png using Guid(1d6958e30e40a254dbe5a54c573eeb3c) Importer(2089858483,b0f066a214c2f5e87bad3c948f4d605d) (ScriptedImporter) -> (artifact id: '56ca2ac0424ce1e58fd31c385e02dcb4') in 0.0166248 seconds
Number of updated asset objects reloaded before import = 0Number of asset objects unloaded after import = 1

========================================================================
Received Import Request.
  Time since last request: 0.000021 seconds.
  path: Assets/UnityTechnologies/TowerDefenseTemplate/PostProcessing/Resources/Bluenoise64/LDR_LLL1_48.png
  artifactKey: Guid(aff59c63d25d43f4c938f248837c30fb) Importer(2089858483,b0f066a214c2f5e87bad3c948f4d605d)
Start importing Assets/UnityTechnologies/TowerDefenseTemplate/PostProcessing/Resources/Bluenoise64/LDR_LLL1_48.png using Guid(aff59c63d25d43f4c938f248837c30fb) Importer(2089858483,b0f066a214c2f5e87bad3c948f4d605d) (ScriptedImporter) -> (artifact id: '73d873fdf03090e24c41c0490369b4fd') in 0.0150449 seconds
Number of updated asset objects reloaded before import = 0Number of asset objects unloaded after import = 1

========================================================================
Received Import Request.
  Time since last request: 0.000035 seconds.
  path: Assets/UnityTechnologies/TowerDefenseTemplate/PostProcessing/Resources/Bluenoise64/LDR_LLL1_63.png
  artifactKey: Guid(4a11d65ce13d5f542a0ff136cc2f3fba) Importer(2089858483,b0f066a214c2f5e87bad3c948f4d605d)
Start importing Assets/UnityTechnologies/TowerDefenseTemplate/PostProcessing/Resources/Bluenoise64/LDR_LLL1_63.png using Guid(4a11d65ce13d5f542a0ff136cc2f3fba) Importer(2089858483,b0f066a214c2f5e87bad3c948f4d605d) (ScriptedImporter) -> (artifact id: '34942cc13c2902d9126b8ee30af48bc7') in 0.0161456 seconds
Number of updated asset objects reloaded before import = 0Number of asset objects unloaded after import = 1

========================================================================
Received Import Request.
  Time since last request: 0.000036 seconds.
  path: Assets/UnityTechnologies/TowerDefenseTemplate/PostProcessing/Resources/Shaders/DiskKernels.cginc
  artifactKey: Guid(faeb738b5a2c3ff43bd104dd5b1a275c) Importer(2089858483,b0f066a214c2f5e87bad3c948f4d605d)
Start importing Assets/UnityTechnologies/TowerDefenseTemplate/PostProcessing/Resources/Shaders/DiskKernels.cginc using Guid(faeb738b5a2c3ff43bd104dd5b1a275c) Importer(2089858483,b0f066a214c2f5e87bad3c948f4d605d) (ScriptedImporter) -> (artifact id: '805e98c1bbebe472de78b0a6698ec3e6') in 0.012573 seconds
Number of updated asset objects reloaded before import = 0Number of asset objects unloaded after import = 1

========================================================================
Received Import Request.
  Time since last request: 0.000114 seconds.
  path: Assets/UnityTechnologies/TowerDefenseTemplate/PostProcessing/Resources/Bluenoise64/LDR_LLL1_55.png
  artifactKey: Guid(5e542d0126a2c7848b66bffc428905fd) Importer(2089858483,b0f066a214c2f5e87bad3c948f4d605d)
Start importing Assets/UnityTechnologies/TowerDefenseTemplate/PostProcessing/Resources/Bluenoise64/LDR_LLL1_55.png using Guid(5e542d0126a2c7848b66bffc428905fd) Importer(2089858483,b0f066a214c2f5e87bad3c948f4d605d) (ScriptedImporter) -> (artifact id: '8aae8278fdfc1694b0aa77148f1e926c') in 0.0180288 seconds
Number of updated asset objects reloaded before import = 0Number of asset objects unloaded after import = 1

========================================================================
Received Import Request.
  Time since last request: 0.000036 seconds.
  path: Assets/UnityTechnologies/TowerDefenseTemplate/PostProcessing/Runtime/Components/GrainComponent.cs
  artifactKey: Guid(6ff793ec42153c34799eed059982bac3) Importer(2089858483,b0f066a214c2f5e87bad3c948f4d605d)
Start importing Assets/UnityTechnologies/TowerDefenseTemplate/PostProcessing/Runtime/Components/GrainComponent.cs using Guid(6ff793ec42153c34799eed059982bac3) Importer(2089858483,b0f066a214c2f5e87bad3c948f4d605d) (ScriptedImporter) -> (artifact id: 'c2b3ac86f3854454a1df98f0d7b1ecc6') in 0.0111467 seconds
Number of updated asset objects reloaded before import = 0Number of asset objects unloaded after import = 0

========================================================================
Received Import Request.
  Time since last request: 0.000016 seconds.
  path: Assets/UnityTechnologies/TowerDefenseTemplate/PostProcessing/Resources/Shaders/Bloom.shader
  artifactKey: Guid(4ceb73bc148699b469361531d6062548) Importer(2089858483,b0f066a214c2f5e87bad3c948f4d605d)
Start importing Assets/UnityTechnologies/TowerDefenseTemplate/PostProcessing/Resources/Shaders/Bloom.shader using Guid(4ceb73bc148699b469361531d6062548) Importer(2089858483,b0f066a214c2f5e87bad3c948f4d605d) (ScriptedImporter) -> (artifact id: 'b0792172f8b0b77c9993b5cfb1805e4f') in 0.011783 seconds
Number of updated asset objects reloaded before import = 0Number of asset objects unloaded after import = 1

========================================================================
Received Import Request.
  Time since last request: 0.000018 seconds.
  path: Assets/UnityTechnologies/TowerDefenseTemplate/PostProcessing/Resources/Shaders/AmbientOcclusion.shader
  artifactKey: Guid(e881ae5627d1cc84395303acfbca6fb2) Importer(2089858483,b0f066a214c2f5e87bad3c948f4d605d)
Start importing Assets/UnityTechnologies/TowerDefenseTemplate/PostProcessing/Resources/Shaders/AmbientOcclusion.shader using Guid(e881ae5627d1cc84395303acfbca6fb2) Importer(2089858483,b0f066a214c2f5e87bad3c948f4d605d) (ScriptedImporter) -> (artifact id: '77c8515c51e468b91bdc48fd2a13c911') in 0.0112497 seconds
Number of updated asset objects reloaded before import = 0Number of asset objects unloaded after import = 1

========================================================================
Received Import Request.
  Time since last request: 0.000020 seconds.
  path: Assets/UnityTechnologies/TowerDefenseTemplate/PostProcessing/Resources/Bluenoise64/LDR_LLL1_26.png
  artifactKey: Guid(09f6c01f98a3ded4daf1afc52a3c260f) Importer(2089858483,b0f066a214c2f5e87bad3c948f4d605d)
Start importing Assets/UnityTechnologies/TowerDefenseTemplate/PostProcessing/Resources/Bluenoise64/LDR_LLL1_26.png using Guid(09f6c01f98a3ded4daf1afc52a3c260f) Importer(2089858483,b0f066a214c2f5e87bad3c948f4d605d) (ScriptedImporter) -> (artifact id: 'd472a7d7b48b04a8d15880d36b371ac7') in 0.0139062 seconds
Number of updated asset objects reloaded before import = 0Number of asset objects unloaded after import = 1

========================================================================
Received Import Request.
  Time since last request: 0.000031 seconds.
  path: Assets/UnityTechnologies/TowerDefenseTemplate/PostProcessing/Resources/Bluenoise64/LDR_LLL1_28.png
  artifactKey: Guid(02c0a84bd64c6f044954d8bde9b46ec8) Importer(2089858483,b0f066a214c2f5e87bad3c948f4d605d)
Start importing Assets/UnityTechnologies/TowerDefenseTemplate/PostProcessing/Resources/Bluenoise64/LDR_LLL1_28.png using Guid(02c0a84bd64c6f044954d8bde9b46ec8) Importer(2089858483,b0f066a214c2f5e87bad3c948f4d605d) (ScriptedImporter) -> (artifact id: '7d4f1ae22ea60a9d8f5bef0323453a81') in 0.0152737 seconds
Number of updated asset objects reloaded before import = 0Number of asset objects unloaded after import = 1

========================================================================
Received Import Request.
  Time since last request: 0.000030 seconds.
  path: Assets/UnityTechnologies/TowerDefenseTemplate/PostProcessing/Resources/Bluenoise64/LDR_LLL1_38.png
  artifactKey: Guid(9660a4ca1ca8425408ac25c641932977) Importer(2089858483,b0f066a214c2f5e87bad3c948f4d605d)
Start importing Assets/UnityTechnologies/TowerDefenseTemplate/PostProcessing/Resources/Bluenoise64/LDR_LLL1_38.png using Guid(9660a4ca1ca8425408ac25c641932977) Importer(2089858483,b0f066a214c2f5e87bad3c948f4d605d) (ScriptedImporter) -> (artifact id: 'aae13f0a6a7a68bb0dd0714e347fd75d') in 0.0141003 seconds
Number of updated asset objects reloaded before import = 0Number of asset objects unloaded after import = 1

========================================================================
Received Import Request.
  Time since last request: 0.000034 seconds.
  path: Assets/UnityTechnologies/TowerDefenseTemplate/Prefabs/Enemies/Super Hoverbuggy.prefab
  artifactKey: Guid(ad7d940de7ce2459790897534b93482d) Importer(2089858483,b0f066a214c2f5e87bad3c948f4d605d)
Start importing Assets/UnityTechnologies/TowerDefenseTemplate/Prefabs/Enemies/Super Hoverbuggy.prefab using Guid(ad7d940de7ce2459790897534b93482d) Importer(2089858483,b0f066a214c2f5e87bad3c948f4d605d) (ScriptedImporter) -> (artifact id: 'b93a610a4c40814ade0dde9fcc320cec') in 0.0245511 seconds
Number of updated asset objects reloaded before import = 0Number of asset objects unloaded after import = 99

========================================================================
Received Import Request.
  Time since last request: 0.000022 seconds.
  path: Assets/UnityTechnologies/TowerDefenseTemplate/PostProcessing/Resources/Bluenoise64/LDR_LLL1_50.png
  artifactKey: Guid(d8c290e38ff0425409d0ae6a98c95e41) Importer(2089858483,b0f066a214c2f5e87bad3c948f4d605d)
Start importing Assets/UnityTechnologies/TowerDefenseTemplate/PostProcessing/Resources/Bluenoise64/LDR_LLL1_50.png using Guid(d8c290e38ff0425409d0ae6a98c95e41) Importer(2089858483,b0f066a214c2f5e87bad3c948f4d605d) (ScriptedImporter) -> (artifact id: 'b70a961570f5e58740bf99755bcfe4b8') in 0.0137235 seconds
Number of updated asset objects reloaded before import = 0Number of asset objects unloaded after import = 1

========================================================================
Received Import Request.
  Time since last request: 0.000015 seconds.
  path: Assets/UnityTechnologies/TowerDefenseTemplate/PostProcessing/Resources/Bluenoise64/LDR_LLL1_49.png
  artifactKey: Guid(3f7c3687170b90e4a8d2ee6b142670f4) Importer(2089858483,b0f066a214c2f5e87bad3c948f4d605d)
Start importing Assets/UnityTechnologies/TowerDefenseTemplate/PostProcessing/Resources/Bluenoise64/LDR_LLL1_49.png using Guid(3f7c3687170b90e4a8d2ee6b142670f4) Importer(2089858483,b0f066a214c2f5e87bad3c948f4d605d) (ScriptedImporter) -> (artifact id: '3d96f2589e4e95cf02122b39d7768d90') in 0.0148243 seconds
Number of updated asset objects reloaded before import = 0Number of asset objects unloaded after import = 1

========================================================================
Received Import Request.
  Time since last request: 0.000017 seconds.
  path: Assets/UnityTechnologies/TowerDefenseTemplate/PostProcessing/Resources/Shaders/TAA.shader
  artifactKey: Guid(ec6c5af987867f54aa08fba81ee279bd) Importer(2089858483,b0f066a214c2f5e87bad3c948f4d605d)
Start importing Assets/UnityTechnologies/TowerDefenseTemplate/PostProcessing/Resources/Shaders/TAA.shader using Guid(ec6c5af987867f54aa08fba81ee279bd) Importer(2089858483,b0f066a214c2f5e87bad3c948f4d605d) (ScriptedImporter) -> (artifact id: '7ae7b19427562e1f600cc4bb7a491033') in 0.0141575 seconds
Number of updated asset objects reloaded before import = 0Number of asset objects unloaded after import = 1

========================================================================
Received Import Request.
  Time since last request: 0.000017 seconds.
  path: Assets/UnityTechnologies/TowerDefenseTemplate/PostProcessing/Editor/Models/AmbientOcclusionModelEditor.cs
  artifactKey: Guid(9fcb710e23a5a0546a3b8b0ca28c1720) Importer(2089858483,b0f066a214c2f5e87bad3c948f4d605d)
Start importing Assets/UnityTechnologies/TowerDefenseTemplate/PostProcessing/Editor/Models/AmbientOcclusionModelEditor.cs using Guid(9fcb710e23a5a0546a3b8b0ca28c1720) Importer(2089858483,b0f066a214c2f5e87bad3c948f4d605d) (ScriptedImporter) -> (artifact id: 'a8c240d4db1e734a0179af9837207f3c') in 0.0125216 seconds
Number of updated asset objects reloaded before import = 0Number of asset objects unloaded after import = 0

========================================================================
Received Import Request.
  Time since last request: 0.000063 seconds.
  path: Assets/UnityTechnologies/TowerDefenseTemplate/Materials/Particles/BulletImpact.mat
  artifactKey: Guid(119db9c13428347e8b12ca223fa67385) Importer(2089858483,b0f066a214c2f5e87bad3c948f4d605d)
Start importing Assets/UnityTechnologies/TowerDefenseTemplate/Materials/Particles/BulletImpact.mat using Guid(119db9c13428347e8b12ca223fa67385) Importer(2089858483,b0f066a214c2f5e87bad3c948f4d605d) (ScriptedImporter) -> (artifact id: 'f61b982fb346adca1ca7d8157c998814') in 0.0152174 seconds
Number of updated asset objects reloaded before import = 0Number of asset objects unloaded after import = 2

========================================================================
Received Import Request.
  Time since last request: 0.000014 seconds.
  path: Assets/UnityTechnologies/TowerDefenseTemplate/PostProcessing/Runtime/PostProcessingProfile.cs
  artifactKey: Guid(8a3bdb2cd68f901469e7cc149151eb49) Importer(2089858483,b0f066a214c2f5e87bad3c948f4d605d)
Start importing Assets/UnityTechnologies/TowerDefenseTemplate/PostProcessing/Runtime/PostProcessingProfile.cs using Guid(8a3bdb2cd68f901469e7cc149151eb49) Importer(2089858483,b0f066a214c2f5e87bad3c948f4d605d) (ScriptedImporter) -> (artifact id: '5d01a830d23682df930cce698c2c78a8') in 0.010973 seconds
Number of updated asset objects reloaded before import = 0Number of asset objects unloaded after import = 0

========================================================================
Received Import Request.
  Time since last request: 0.000068 seconds.
  path: Assets/UnityTechnologies/TowerDefenseTemplate/Models/Towers/Rocket/Turret_RocketTower_L03_Shadow.fbx
  artifactKey: Guid(620e186321a7e40c1af7cbea17e7a242) Importer(2089858483,b0f066a214c2f5e87bad3c948f4d605d)
Start importing Assets/UnityTechnologies/TowerDefenseTemplate/Models/Towers/Rocket/Turret_RocketTower_L03_Shadow.fbx using Guid(620e186321a7e40c1af7cbea17e7a242) Importer(2089858483,b0f066a214c2f5e87bad3c948f4d605d) (ScriptedImporter) -> (artifact id: 'bd0e8f5adc756fcfcd13fedd1d671bba') in 0.0136618 seconds
Number of updated asset objects reloaded before import = 0Number of asset objects unloaded after import = 7

========================================================================
Received Import Request.
  Time since last request: 0.000028 seconds.
  path: Assets/UnityTechnologies/TowerDefenseTemplate/Scripts/ActionGameFramework/Audio/HealthChangeSound.cs
  artifactKey: Guid(310d448fb9b2f4c628e5716f01c68062) Importer(2089858483,b0f066a214c2f5e87bad3c948f4d605d)
Start importing Assets/UnityTechnologies/TowerDefenseTemplate/Scripts/ActionGameFramework/Audio/HealthChangeSound.cs using Guid(310d448fb9b2f4c628e5716f01c68062) Importer(2089858483,b0f066a214c2f5e87bad3c948f4d605d) (ScriptedImporter) -> (artifact id: '1088ea31828cfee72d85006b5077c8b0') in 0.0109295 seconds
Number of updated asset objects reloaded before import = 0Number of asset objects unloaded after import = 0

========================================================================
Received Import Request.
  Time since last request: 0.000042 seconds.
  path: Assets/UnityTechnologies/TowerDefenseTemplate/Prefabs/Towers/Pylon/EnergyPylon_2.prefab
  artifactKey: Guid(88ca910b3e3aa46de83cde64fa47c470) Importer(2089858483,b0f066a214c2f5e87bad3c948f4d605d)
Start importing Assets/UnityTechnologies/TowerDefenseTemplate/Prefabs/Towers/Pylon/EnergyPylon_2.prefab using Guid(88ca910b3e3aa46de83cde64fa47c470) Importer(2089858483,b0f066a214c2f5e87bad3c948f4d605d) (ScriptedImporter) -> (artifact id: '0391fc2eaf2f926806c01aa2dea80537') in 0.0157075 seconds
Number of updated asset objects reloaded before import = 0Number of asset objects unloaded after import = 45

========================================================================
Received Import Request.
  Time since last request: 0.000028 seconds.
  path: Assets/UnityTechnologies/TowerDefenseTemplate/PostProcessing/Textures/Lens Dirt/LensDirt03.png
  artifactKey: Guid(7a051dbda2d7bc447bee412427cd311e) Importer(2089858483,b0f066a214c2f5e87bad3c948f4d605d)
Start importing Assets/UnityTechnologies/TowerDefenseTemplate/PostProcessing/Textures/Lens Dirt/LensDirt03.png using Guid(7a051dbda2d7bc447bee412427cd311e) Importer(2089858483,b0f066a214c2f5e87bad3c948f4d605d) (ScriptedImporter) -> (artifact id: '0b1e17d3ce96db6d7f53dd46a9af4365') in 0.0158873 seconds
Number of updated asset objects reloaded before import = 0Number of asset objects unloaded after import = 1

========================================================================
Received Import Request.
  Time since last request: 0.000045 seconds.
  path: Assets/UnityTechnologies/TowerDefenseTemplate/PostProcessing/Runtime/Models/ChromaticAberrationModel.cs
  artifactKey: Guid(8da01668697617e43879715e835a2367) Importer(2089858483,b0f066a214c2f5e87bad3c948f4d605d)
Start importing Assets/UnityTechnologies/TowerDefenseTemplate/PostProcessing/Runtime/Models/ChromaticAberrationModel.cs using Guid(8da01668697617e43879715e835a2367) Importer(2089858483,b0f066a214c2f5e87bad3c948f4d605d) (ScriptedImporter) -> (artifact id: 'c231cbee72ac91130de303e1c793cf06') in 0.0101265 seconds
Number of updated asset objects reloaded before import = 0Number of asset objects unloaded after import = 0

========================================================================
Received Import Request.
  Time since last request: 0.000082 seconds.
  path: Assets/UnityTechnologies/TowerDefenseTemplate/Prefabs/Towers/Laser/LaserTower_1.prefab
  artifactKey: Guid(b75eb6f554ae040cbaaf7df021b2ce06) Importer(2089858483,b0f066a214c2f5e87bad3c948f4d605d)
Start importing Assets/UnityTechnologies/TowerDefenseTemplate/Prefabs/Towers/Laser/LaserTower_1.prefab using Guid(b75eb6f554ae040cbaaf7df021b2ce06) Importer(2089858483,b0f066a214c2f5e87bad3c948f4d605d) (ScriptedImporter) -> (artifact id: 'bee333c8891962d3faa15b9f90dff706') in 0.0167129 seconds
Number of updated asset objects reloaded before import = 0Number of asset objects unloaded after import = 70

========================================================================
Received Import Request.
  Time since last request: 0.000019 seconds.
  path: Assets/UnityTechnologies/TowerDefenseTemplate/PostProcessing/Runtime/Models/EyeAdaptationModel.cs
  artifactKey: Guid(edf6d216ca4b60942a0c533c14f26d53) Importer(2089858483,b0f066a214c2f5e87bad3c948f4d605d)
Start importing Assets/UnityTechnologies/TowerDefenseTemplate/PostProcessing/Runtime/Models/EyeAdaptationModel.cs using Guid(edf6d216ca4b60942a0c533c14f26d53) Importer(2089858483,b0f066a214c2f5e87bad3c948f4d605d) (ScriptedImporter) -> (artifact id: '275b0242cc4258c0a64024a131ad46e7') in 0.0118019 seconds
Number of updated asset objects reloaded before import = 0Number of asset objects unloaded after import = 0

========================================================================
Received Import Request.
  Time since last request: 0.000106 seconds.
  path: Assets/UnityTechnologies/TowerDefenseTemplate/Prefabs/Towers/Rocket/RocketTower_0.prefab
  artifactKey: Guid(afd8cfe3809484aac81a3f4f39b80ca5) Importer(2089858483,b0f066a214c2f5e87bad3c948f4d605d)
Start importing Assets/UnityTechnologies/TowerDefenseTemplate/Prefabs/Towers/Rocket/RocketTower_0.prefab using Guid(afd8cfe3809484aac81a3f4f39b80ca5) Importer(2089858483,b0f066a214c2f5e87bad3c948f4d605d) (ScriptedImporter) -> (artifact id: 'b935d28e5e5e70602abc834890f03a3b') in 0.0143681 seconds
Number of updated asset objects reloaded before import = 0Number of asset objects unloaded after import = 37

========================================================================
Received Import Request.
  Time since last request: 0.000018 seconds.
  path: Assets/UnityTechnologies/TowerDefenseTemplate/PostProcessing/Textures/Lens Dirt/LensDirt00.png
  artifactKey: Guid(69e847bbff1cf5449a4ee0bbd045dbc9) Importer(2089858483,b0f066a214c2f5e87bad3c948f4d605d)
Start importing Assets/UnityTechnologies/TowerDefenseTemplate/PostProcessing/Textures/Lens Dirt/LensDirt00.png using Guid(69e847bbff1cf5449a4ee0bbd045dbc9) Importer(2089858483,b0f066a214c2f5e87bad3c948f4d605d) (ScriptedImporter) -> (artifact id: '3873eacb7469cbe14ced1a8fd1785055') in 0.0157021 seconds
Number of updated asset objects reloaded before import = 0Number of asset objects unloaded after import = 1

========================================================================
Received Import Request.
  Time since last request: 0.000081 seconds.
  path: Assets/UnityTechnologies/TowerDefenseTemplate/PostProcessing/Textures/LUTs/NeutralLUT_16.png
  artifactKey: Guid(e45483e270a314c4bbc6e317771d56ab) Importer(2089858483,b0f066a214c2f5e87bad3c948f4d605d)
Start importing Assets/UnityTechnologies/TowerDefenseTemplate/PostProcessing/Textures/LUTs/NeutralLUT_16.png using Guid(e45483e270a314c4bbc6e317771d56ab) Importer(2089858483,b0f066a214c2f5e87bad3c948f4d605d) (ScriptedImporter) -> (artifact id: '82e9f6a7ba4906c7f6873cbf2ea5a55d') in 0.0151582 seconds
Number of updated asset objects reloaded before import = 0Number of asset objects unloaded after import = 1

========================================================================
Received Import Request.
  Time since last request: 0.000050 seconds.
  path: Assets/UnityTechnologies/TowerDefenseTemplate/PostProcessing/Runtime/Models/MotionBlurModel.cs
  artifactKey: Guid(bb4df227c906dd342bd34767914d292c) Importer(2089858483,b0f066a214c2f5e87bad3c948f4d605d)
Start importing Assets/UnityTechnologies/TowerDefenseTemplate/PostProcessing/Runtime/Models/MotionBlurModel.cs using Guid(bb4df227c906dd342bd34767914d292c) Importer(2089858483,b0f066a214c2f5e87bad3c948f4d605d) (ScriptedImporter) -> (artifact id: '63aa87ad3c59aa44a8e092706ce4b986') in 0.010421 seconds
Number of updated asset objects reloaded before import = 0Number of asset objects unloaded after import = 0

========================================================================
Received Import Request.
  Time since last request: 0.000055 seconds.
  path: Assets/UnityTechnologies/TowerDefenseTemplate/PostProcessing/Runtime/Utils/ColorGradingCurve.cs
  artifactKey: Guid(1bb6f2275f7eff940b6f0d72681e7877) Importer(2089858483,b0f066a214c2f5e87bad3c948f4d605d)
Start importing Assets/UnityTechnologies/TowerDefenseTemplate/PostProcessing/Runtime/Utils/ColorGradingCurve.cs using Guid(1bb6f2275f7eff940b6f0d72681e7877) Importer(2089858483,b0f066a214c2f5e87bad3c948f4d605d) (ScriptedImporter) -> (artifact id: '5a003361997097afc892e3880de28bf3') in 0.0123157 seconds
Number of updated asset objects reloaded before import = 0Number of asset objects unloaded after import = 0

========================================================================
Received Import Request.
  Time since last request: 0.000080 seconds.
  path: Assets/UnityTechnologies/TowerDefenseTemplate/Prefabs/Towers/Rocket/RocketTower_1.prefab
  artifactKey: Guid(d27f6679851c34749ae69788eccdf5bf) Importer(2089858483,b0f066a214c2f5e87bad3c948f4d605d)
Start importing Assets/UnityTechnologies/TowerDefenseTemplate/Prefabs/Towers/Rocket/RocketTower_1.prefab using Guid(d27f6679851c34749ae69788eccdf5bf) Importer(2089858483,b0f066a214c2f5e87bad3c948f4d605d) (ScriptedImporter) -> (artifact id: 'ca924dcd3b06a52371cffe5850caf683') in 0.0122235 seconds
Number of updated asset objects reloaded before import = 0Number of asset objects unloaded after import = 41

========================================================================
Received Import Request.
  Time since last request: 0.000018 seconds.
  path: Assets/UnityTechnologies/TowerDefenseTemplate/Prefabs/Towers/Rocket/RocketProjectile_1.prefab
  artifactKey: Guid(54b285bba65f94d6a81db3f9c67f5797) Importer(2089858483,b0f066a214c2f5e87bad3c948f4d605d)
Start importing Assets/UnityTechnologies/TowerDefenseTemplate/Prefabs/Towers/Rocket/RocketProjectile_1.prefab using Guid(54b285bba65f94d6a81db3f9c67f5797) Importer(2089858483,b0f066a214c2f5e87bad3c948f4d605d) (ScriptedImporter) -> (artifact id: 'cc871e492319a36179914be485ecdb63') in 0.0133349 seconds
Number of updated asset objects reloaded before import = 0Number of asset objects unloaded after import = 24

========================================================================
Received Import Request.
  Time since last request: 0.000032 seconds.
  path: Assets/UnityTechnologies/TowerDefenseTemplate/Prefabs/UI/HUD/WaveContainer.prefab
  artifactKey: Guid(bea0e36816ae445fcab5ee20f3e11b6e) Importer(2089858483,b0f066a214c2f5e87bad3c948f4d605d)
Start importing Assets/UnityTechnologies/TowerDefenseTemplate/Prefabs/UI/HUD/WaveContainer.prefab using Guid(bea0e36816ae445fcab5ee20f3e11b6e) Importer(2089858483,b0f066a214c2f5e87bad3c948f4d605d) (ScriptedImporter) -> (artifact id: 'c9611a3b01a4989e52e2195c5786cf90') in 0.0159645 seconds
Number of updated asset objects reloaded before import = 0Number of asset objects unloaded after import = 27

========================================================================
Received Import Request.
  Time since last request: 0.000017 seconds.
  path: Assets/UnityTechnologies/TowerDefenseTemplate/PostProcessing/Runtime/Components/MotionBlurComponent.cs
  artifactKey: Guid(9a9ae59cbb7c53e40851df7f32805098) Importer(2089858483,b0f066a214c2f5e87bad3c948f4d605d)
Start importing Assets/UnityTechnologies/TowerDefenseTemplate/PostProcessing/Runtime/Components/MotionBlurComponent.cs using Guid(9a9ae59cbb7c53e40851df7f32805098) Importer(2089858483,b0f066a214c2f5e87bad3c948f4d605d) (ScriptedImporter) -> (artifact id: '08a00079845b92660d3a7e5b86b346ea') in 0.011499 seconds
Number of updated asset objects reloaded before import = 0Number of asset objects unloaded after import = 0

========================================================================
Received Import Request.
  Time since last request: 0.000078 seconds.
  path: Assets/UnityTechnologies/TowerDefenseTemplate/Prefabs/Towers/Rocket/RocketTower_2.prefab
  artifactKey: Guid(6ba60f4aca23b4104b6b59612a245cc3) Importer(2089858483,b0f066a214c2f5e87bad3c948f4d605d)
Start importing Assets/UnityTechnologies/TowerDefenseTemplate/Prefabs/Towers/Rocket/RocketTower_2.prefab using Guid(6ba60f4aca23b4104b6b59612a245cc3) Importer(2089858483,b0f066a214c2f5e87bad3c948f4d605d) (ScriptedImporter) -> (artifact id: '7ee4c256a86a9c3ddfdae01211674112') in 0.0149102 seconds
Number of updated asset objects reloaded before import = 0Number of asset objects unloaded after import = 43

========================================================================
Received Import Request.
  Time since last request: 0.000016 seconds.
  path: Assets/UnityTechnologies/TowerDefenseTemplate/PostProcessing/Runtime/Models/ColorGradingModel.cs
  artifactKey: Guid(fe146bcdc1fb8ae4ab7dd803982d3489) Importer(2089858483,b0f066a214c2f5e87bad3c948f4d605d)
Start importing Assets/UnityTechnologies/TowerDefenseTemplate/PostProcessing/Runtime/Models/ColorGradingModel.cs using Guid(fe146bcdc1fb8ae4ab7dd803982d3489) Importer(2089858483,b0f066a214c2f5e87bad3c948f4d605d) (ScriptedImporter) -> (artifact id: '0adfcc4880b03dafe12fb31179f6045e') in 0.0111519 seconds
Number of updated asset objects reloaded before import = 0Number of asset objects unloaded after import = 0

========================================================================
Received Import Request.
  Time since last request: 0.000028 seconds.
  path: Assets/UnityTechnologies/TowerDefenseTemplate/Prefabs/Towers/Laser/LaserGhost.prefab
  artifactKey: Guid(21ab440aa6ad440439b50d4a44077fba) Importer(2089858483,b0f066a214c2f5e87bad3c948f4d605d)
Start importing Assets/UnityTechnologies/TowerDefenseTemplate/Prefabs/Towers/Laser/LaserGhost.prefab using Guid(21ab440aa6ad440439b50d4a44077fba) Importer(2089858483,b0f066a214c2f5e87bad3c948f4d605d) (ScriptedImporter) -> (artifact id: '9a86b50cf6893f15763968d3c0b1e76a') in 0.0136211 seconds
Number of updated asset objects reloaded before import = 0Number of asset objects unloaded after import = 17

========================================================================
Received Import Request.
  Time since last request: 0.000021 seconds.
  path: Assets/UnityTechnologies/TowerDefenseTemplate/Scenes/Levels/Level2/Level2.unity
  artifactKey: Guid(f1f1e0e236a174f65bd47b4b7651d94b) Importer(2089858483,b0f066a214c2f5e87bad3c948f4d605d)
Start importing Assets/UnityTechnologies/TowerDefenseTemplate/Scenes/Levels/Level2/Level2.unity using Guid(f1f1e0e236a174f65bd47b4b7651d94b) Importer(2089858483,b0f066a214c2f5e87bad3c948f4d605d) (ScriptedImporter) -> (artifact id: 'd7bc394770be69cae997c74efc185f1d') in 0.036851 seconds
Number of updated asset objects reloaded before import = 0Number of asset objects unloaded after import = 1

========================================================================
Received Import Request.
  Time since last request: 0.000118 seconds.
  path: Assets/UnityTechnologies/TowerDefenseTemplate/Scenes/Levels/Level1/Level1.unity
  artifactKey: Guid(41171dfb75d104e408c9563c2b91e030) Importer(2089858483,b0f066a214c2f5e87bad3c948f4d605d)
Start importing Assets/UnityTechnologies/TowerDefenseTemplate/Scenes/Levels/Level1/Level1.unity using Guid(41171dfb75d104e408c9563c2b91e030) Importer(2089858483,b0f066a214c2f5e87bad3c948f4d605d) (ScriptedImporter) -> (artifact id: '538f3e9188387e6e6b451b6e60b58194') in 0.0435624 seconds
Number of updated asset objects reloaded before import = 0Number of asset objects unloaded after import = 1

========================================================================
Received Import Request.
  Time since last request: 0.000050 seconds.
  path: Assets/UnityTechnologies/TowerDefenseTemplate/Scripts/ActionGameFramework/Audio/WeightedAudioClip.cs
  artifactKey: Guid(f2838ca2e76ed4233b7d8ed549bc445c) Importer(2089858483,b0f066a214c2f5e87bad3c948f4d605d)
Start importing Assets/UnityTechnologies/TowerDefenseTemplate/Scripts/ActionGameFramework/Audio/WeightedAudioClip.cs using Guid(f2838ca2e76ed4233b7d8ed549bc445c) Importer(2089858483,b0f066a214c2f5e87bad3c948f4d605d) (ScriptedImporter) -> (artifact id: '27d0c8c99f75228d80f2922eac6bc7d1') in 0.0107518 seconds
Number of updated asset objects reloaded before import = 0Number of asset objects unloaded after import = 0

========================================================================
Received Import Request.
  Time since last request: 0.000048 seconds.
  path: Assets/UnityTechnologies/TowerDefenseTemplate/Prefabs/Towers/MachineGun/MachineGunProjectile_0.prefab
  artifactKey: Guid(b478dc57751e64614acb9e2707cdd30c) Importer(2089858483,b0f066a214c2f5e87bad3c948f4d605d)
Start importing Assets/UnityTechnologies/TowerDefenseTemplate/Prefabs/Towers/MachineGun/MachineGunProjectile_0.prefab using Guid(b478dc57751e64614acb9e2707cdd30c) Importer(2089858483,b0f066a214c2f5e87bad3c948f4d605d) (ScriptedImporter) -> (artifact id: '7b4cea3d9c10662c448fd9248f1ca5e9') in 0.0127318 seconds
Number of updated asset objects reloaded before import = 0Number of asset objects unloaded after import = 7

========================================================================
Received Import Request.
  Time since last request: 0.000027 seconds.
  path: Assets/UnityTechnologies/TowerDefenseTemplate/PostProcessing/Runtime/Models/UserLutModel.cs
  artifactKey: Guid(3a7afd753a89c4140b80c855e15f69d6) Importer(2089858483,b0f066a214c2f5e87bad3c948f4d605d)
Start importing Assets/UnityTechnologies/TowerDefenseTemplate/PostProcessing/Runtime/Models/UserLutModel.cs using Guid(3a7afd753a89c4140b80c855e15f69d6) Importer(2089858483,b0f066a214c2f5e87bad3c948f4d605d) (ScriptedImporter) -> (artifact id: '2b56d468f0b62f0f23f7b407482ee3aa') in 0.0126174 seconds
Number of updated asset objects reloaded before import = 0Number of asset objects unloaded after import = 0

========================================================================
Received Import Request.
  Time since last request: 0.000101 seconds.
  path: Assets/UnityTechnologies/TowerDefenseTemplate/Prefabs/Towers/MachineGun/MachineGunGhost.prefab
  artifactKey: Guid(76f6e1703688e468899389e732f0653a) Importer(2089858483,b0f066a214c2f5e87bad3c948f4d605d)
Start importing Assets/UnityTechnologies/TowerDefenseTemplate/Prefabs/Towers/MachineGun/MachineGunGhost.prefab using Guid(76f6e1703688e468899389e732f0653a) Importer(2089858483,b0f066a214c2f5e87bad3c948f4d605d) (ScriptedImporter) -> (artifact id: '573ab6e059eaceb71da425060e2207bf') in 0.015849 seconds
Number of updated asset objects reloaded before import = 0Number of asset objects unloaded after import = 19

========================================================================
Received Import Request.
  Time since last request: 0.000023 seconds.
  path: Assets/UnityTechnologies/TowerDefenseTemplate/Prefabs/Towers/MachineGun/MachineGunTower_1.prefab
  artifactKey: Guid(03d62e936397d4314864ca45f89016b9) Importer(2089858483,b0f066a214c2f5e87bad3c948f4d605d)
Start importing Assets/UnityTechnologies/TowerDefenseTemplate/Prefabs/Towers/MachineGun/MachineGunTower_1.prefab using Guid(03d62e936397d4314864ca45f89016b9) Importer(2089858483,b0f066a214c2f5e87bad3c948f4d605d) (ScriptedImporter) -> (artifact id: 'b567207a173c373882a2dc88ae54deb4') in 0.0302339 seconds
Number of updated asset objects reloaded before import = 0Number of asset objects unloaded after import = 74

========================================================================
Received Import Request.
  Time since last request: 0.000028 seconds.
  path: Assets/UnityTechnologies/TowerDefenseTemplate/Prefabs/Towers/Pylon/EnergyPylon_1.prefab
  artifactKey: Guid(63339a6445e6e417eb0d11c634f1e5f3) Importer(2089858483,b0f066a214c2f5e87bad3c948f4d605d)
Start importing Assets/UnityTechnologies/TowerDefenseTemplate/Prefabs/Towers/Pylon/EnergyPylon_1.prefab using Guid(63339a6445e6e417eb0d11c634f1e5f3) Importer(2089858483,b0f066a214c2f5e87bad3c948f4d605d) (ScriptedImporter) -> (artifact id: '33811abeda4149c0c9a14bb0489dd6bc') in 0.0153734 seconds
Number of updated asset objects reloaded before import = 0Number of asset objects unloaded after import = 29

========================================================================
Received Import Request.
  Time since last request: 0.000026 seconds.
  path: Assets/UnityTechnologies/TowerDefenseTemplate/Prefabs/Towers/Laser/LaserTower_0.prefab
  artifactKey: Guid(6f6de38bc4946428ab2a1d468039753e) Importer(2089858483,b0f066a214c2f5e87bad3c948f4d605d)
Start importing Assets/UnityTechnologies/TowerDefenseTemplate/Prefabs/Towers/Laser/LaserTower_0.prefab using Guid(6f6de38bc4946428ab2a1d468039753e) Importer(2089858483,b0f066a214c2f5e87bad3c948f4d605d) (ScriptedImporter) -> (artifact id: '176892eaa87b0c154f668d9fae3e782f') in 0.0188133 seconds
Number of updated asset objects reloaded before import = 0Number of asset objects unloaded after import = 70

========================================================================
Received Import Request.
  Time since last request: 0.000018 seconds.
  path: Assets/UnityTechnologies/TowerDefenseTemplate/Models/Towers/MachineGun/Turret_MachineGun_L01_Shadow.fbx
  artifactKey: Guid(aea6ab446662e4aee89e07d1cbab468f) Importer(2089858483,b0f066a214c2f5e87bad3c948f4d605d)
Start importing Assets/UnityTechnologies/TowerDefenseTemplate/Models/Towers/MachineGun/Turret_MachineGun_L01_Shadow.fbx using Guid(aea6ab446662e4aee89e07d1cbab468f) Importer(2089858483,b0f066a214c2f5e87bad3c948f4d605d) (ScriptedImporter) -> (artifact id: 'e9c0f8beeba715d086b4e54309dc51be') in 0.0160639 seconds
Number of updated asset objects reloaded before import = 0Number of asset objects unloaded after import = 7

========================================================================
Received Import Request.
  Time since last request: 0.000019 seconds.
  path: Assets/UnityTechnologies/TowerDefenseTemplate/PostProcessing/Runtime/Models/DitheringModel.cs
  artifactKey: Guid(41209882cdbcf31429d2a457a2164801) Importer(2089858483,b0f066a214c2f5e87bad3c948f4d605d)
Start importing Assets/UnityTechnologies/TowerDefenseTemplate/PostProcessing/Runtime/Models/DitheringModel.cs using Guid(41209882cdbcf31429d2a457a2164801) Importer(2089858483,b0f066a214c2f5e87bad3c948f4d605d) (ScriptedImporter) -> (artifact id: '26202e72a93be7eef7c7fea4b4674020') in 0.0127769 seconds
Number of updated asset objects reloaded before import = 0Number of asset objects unloaded after import = 0

========================================================================
Received Import Request.
  Time since last request: 0.000026 seconds.
  path: Assets/UnityTechnologies/TowerDefenseTemplate/Prefabs/UI/LevelSelect/LevelSelectionButton.prefab
  artifactKey: Guid(b3de937d59dec4598a47d8ee52d6c1e5) Importer(2089858483,b0f066a214c2f5e87bad3c948f4d605d)
Start importing Assets/UnityTechnologies/TowerDefenseTemplate/Prefabs/UI/LevelSelect/LevelSelectionButton.prefab using Guid(b3de937d59dec4598a47d8ee52d6c1e5) Importer(2089858483,b0f066a214c2f5e87bad3c948f4d605d) (ScriptedImporter) -> (artifact id: 'aa41981982e13e94f7c9655e0b3ab43f') in 0.0134679 seconds
Number of updated asset objects reloaded before import = 0Number of asset objects unloaded after import = 42

========================================================================
Received Import Request.
  Time since last request: 0.000023 seconds.
  path: Assets/UnityTechnologies/TowerDefenseTemplate/Models/Towers/Laser/LaserTower_BASE_L02_Shadow.fbx
  artifactKey: Guid(943e4e2635b824286b03c4d819c3c0b3) Importer(2089858483,b0f066a214c2f5e87bad3c948f4d605d)
Start importing Assets/UnityTechnologies/TowerDefenseTemplate/Models/Towers/Laser/LaserTower_BASE_L02_Shadow.fbx using Guid(943e4e2635b824286b03c4d819c3c0b3) Importer(2089858483,b0f066a214c2f5e87bad3c948f4d605d) (ScriptedImporter) -> (artifact id: 'c7197504f5d304ec2bb14ebd75ca795e') in 0.0158961 seconds
Number of updated asset objects reloaded before import = 0Number of asset objects unloaded after import = 7

========================================================================
Received Import Request.
  Time since last request: 0.000018 seconds.
  path: Assets/UnityTechnologies/TowerDefenseTemplate/Scripts/Core/Utilities/SerializableInterface.cs
  artifactKey: Guid(078b522532e349f08c1da91715c63054) Importer(2089858483,b0f066a214c2f5e87bad3c948f4d605d)
Start importing Assets/UnityTechnologies/TowerDefenseTemplate/Scripts/Core/Utilities/SerializableInterface.cs using Guid(078b522532e349f08c1da91715c63054) Importer(2089858483,b0f066a214c2f5e87bad3c948f4d605d) (ScriptedImporter) -> (artifact id: '7b0b62d42e2f789d8095c87c22451258') in 0.0106651 seconds
Number of updated asset objects reloaded before import = 0Number of asset objects unloaded after import = 0

========================================================================
Received Import Request.
  Time since last request: 0.000060 seconds.
  path: Assets/UnityTechnologies/TowerDefenseTemplate/Scripts/ActionGameFramework/Spawning/HitObjectSpawner.cs
  artifactKey: Guid(83b0baa4a98e8431ca49c192f63b020a) Importer(2089858483,b0f066a214c2f5e87bad3c948f4d605d)
Start importing Assets/UnityTechnologies/TowerDefenseTemplate/Scripts/ActionGameFramework/Spawning/HitObjectSpawner.cs using Guid(83b0baa4a98e8431ca49c192f63b020a) Importer(2089858483,b0f066a214c2f5e87bad3c948f4d605d) (ScriptedImporter) -> (artifact id: '8ead14603c163cf45c0a48b9d8d308a6') in 0.0110436 seconds
Number of updated asset objects reloaded before import = 0Number of asset objects unloaded after import = 0

========================================================================
Received Import Request.
  Time since last request: 0.000060 seconds.
  path: Assets/UnityTechnologies/TowerDefenseTemplate/Scripts/Core/Health/DamageableListener.cs
  artifactKey: Guid(26d57ad60b4f64b44b6d23ec0fab0607) Importer(2089858483,b0f066a214c2f5e87bad3c948f4d605d)
Start importing Assets/UnityTechnologies/TowerDefenseTemplate/Scripts/Core/Health/DamageableListener.cs using Guid(26d57ad60b4f64b44b6d23ec0fab0607) Importer(2089858483,b0f066a214c2f5e87bad3c948f4d605d) (ScriptedImporter) -> (artifact id: '0dce72114115b14818deac544d1fe14e') in 0.0097273 seconds
Number of updated asset objects reloaded before import = 0Number of asset objects unloaded after import = 0

========================================================================
Received Import Request.
  Time since last request: 0.000040 seconds.
  path: Assets/UnityTechnologies/TowerDefenseTemplate/Scripts/TowerDefense/Affectors/AttackAffector.cs
  artifactKey: Guid(4a4f7293b07e4698a4e3b652679f0c75) Importer(2089858483,b0f066a214c2f5e87bad3c948f4d605d)
Start importing Assets/UnityTechnologies/TowerDefenseTemplate/Scripts/TowerDefense/Affectors/AttackAffector.cs using Guid(4a4f7293b07e4698a4e3b652679f0c75) Importer(2089858483,b0f066a214c2f5e87bad3c948f4d605d) (ScriptedImporter) -> (artifact id: '1feea320c9ef7ecd8a990f4e7550cbbb') in 0.0093193 seconds
Number of updated asset objects reloaded before import = 0Number of asset objects unloaded after import = 0

========================================================================
Received Import Request.
  Time since last request: 0.000023 seconds.
  path: Assets/UnityTechnologies/TowerDefenseTemplate/Scripts/TowerDefense/Agents/AttackingAgent.cs
  artifactKey: Guid(55d420d17780d48c483bdbb07607a4eb) Importer(2089858483,b0f066a214c2f5e87bad3c948f4d605d)
Start importing Assets/UnityTechnologies/TowerDefenseTemplate/Scripts/TowerDefense/Agents/AttackingAgent.cs using Guid(55d420d17780d48c483bdbb07607a4eb) Importer(2089858483,b0f066a214c2f5e87bad3c948f4d605d) (ScriptedImporter) -> (artifact id: 'eec73528e6ffe27d3381f2a8885886d3') in 0.0087472 seconds
Number of updated asset objects reloaded before import = 0Number of asset objects unloaded after import = 0

========================================================================
Received Import Request.
  Time since last request: 0.000060 seconds.
  path: Assets/UnityTechnologies/TowerDefenseTemplate/Scripts/TowerDefense/Affectors/SlowAffector.cs
  artifactKey: Guid(64dfe94c3cd6432db9993a2305627462) Importer(2089858483,b0f066a214c2f5e87bad3c948f4d605d)
Start importing Assets/UnityTechnologies/TowerDefenseTemplate/Scripts/TowerDefense/Affectors/SlowAffector.cs using Guid(64dfe94c3cd6432db9993a2305627462) Importer(2089858483,b0f066a214c2f5e87bad3c948f4d605d) (ScriptedImporter) -> (artifact id: 'e97828c3c3606bbebe86125d62eaa37e') in 0.0109292 seconds
Number of updated asset objects reloaded before import = 0Number of asset objects unloaded after import = 0

========================================================================
Received Import Request.
  Time since last request: 0.000021 seconds.
  path: Assets/UnityTechnologies/TowerDefenseTemplate/Scripts/ActionGameFramework/Projectiles/IProjectile.cs
  artifactKey: Guid(52e138253dcbc4580914215b0cad041b) Importer(2089858483,b0f066a214c2f5e87bad3c948f4d605d)
Start importing Assets/UnityTechnologies/TowerDefenseTemplate/Scripts/ActionGameFramework/Projectiles/IProjectile.cs using Guid(52e138253dcbc4580914215b0cad041b) Importer(2089858483,b0f066a214c2f5e87bad3c948f4d605d) (ScriptedImporter) -> (artifact id: 'b2f97d21edc41c51471f441e386379c3') in 0.0096984 seconds
Number of updated asset objects reloaded before import = 0Number of asset objects unloaded after import = 0

========================================================================
Received Import Request.
  Time since last request: 0.000048 seconds.
  path: Assets/UnityTechnologies/TowerDefenseTemplate/Scripts/TowerDefense/Game/GameDataStore.cs
  artifactKey: Guid(8da37e678cfa45a6902cf59d4c9d4d33) Importer(2089858483,b0f066a214c2f5e87bad3c948f4d605d)
Start importing Assets/UnityTechnologies/TowerDefenseTemplate/Scripts/TowerDefense/Game/GameDataStore.cs using Guid(8da37e678cfa45a6902cf59d4c9d4d33) Importer(2089858483,b0f066a214c2f5e87bad3c948f4d605d) (ScriptedImporter) -> (artifact id: 'fd0c5f0e0a08727f40629455f6288f73') in 0.0108993 seconds
Number of updated asset objects reloaded before import = 0Number of asset objects unloaded after import = 0

========================================================================
Received Import Request.
  Time since last request: 0.000027 seconds.
  path: Assets/UnityTechnologies/TowerDefenseTemplate/Scripts/TowerDefense/Input/TowerDefenseTouchInput.cs
  artifactKey: Guid(9307288a6cd8a4302be1aa1c6c94be26) Importer(2089858483,b0f066a214c2f5e87bad3c948f4d605d)
Start importing Assets/UnityTechnologies/TowerDefenseTemplate/Scripts/TowerDefense/Input/TowerDefenseTouchInput.cs using Guid(9307288a6cd8a4302be1aa1c6c94be26) Importer(2089858483,b0f066a214c2f5e87bad3c948f4d605d) (ScriptedImporter) -> (artifact id: '627dcef24b85f94855ccc3f5758433cf') in 0.0122251 seconds
Number of updated asset objects reloaded before import = 0Number of asset objects unloaded after import = 0

========================================================================
Received Import Request.
  Time since last request: 0.000017 seconds.
  path: Assets/UnityTechnologies/TowerDefenseTemplate/Scripts/Core/Extensions/GameObjectExtensions.cs
  artifactKey: Guid(6f0f43871473046e691e3ba99046e8df) Importer(2089858483,b0f066a214c2f5e87bad3c948f4d605d)
Start importing Assets/UnityTechnologies/TowerDefenseTemplate/Scripts/Core/Extensions/GameObjectExtensions.cs using Guid(6f0f43871473046e691e3ba99046e8df) Importer(2089858483,b0f066a214c2f5e87bad3c948f4d605d) (ScriptedImporter) -> (artifact id: '4a4cc866b3a1e8ab193911094cebfdb8') in 0.0102009 seconds
Number of updated asset objects reloaded before import = 0Number of asset objects unloaded after import = 0

========================================================================
Received Import Request.
  Time since last request: 0.000038 seconds.
  path: Assets/UnityTechnologies/TowerDefenseTemplate/Scripts/Core/Input/TouchInput.cs
  artifactKey: Guid(ea9a3346f02741508cd713eae4e993f2) Importer(2089858483,b0f066a214c2f5e87bad3c948f4d605d)
Start importing Assets/UnityTechnologies/TowerDefenseTemplate/Scripts/Core/Input/TouchInput.cs using Guid(ea9a3346f02741508cd713eae4e993f2) Importer(2089858483,b0f066a214c2f5e87bad3c948f4d605d) (ScriptedImporter) -> (artifact id: '475fa3f74bfaf2d50675ddf772daab88') in 0.0097718 seconds
Number of updated asset objects reloaded before import = 0Number of asset objects unloaded after import = 0

========================================================================
Received Import Request.
  Time since last request: 0.000018 seconds.
  path: Assets/UnityTechnologies/TowerDefenseTemplate/Scripts/Core/Data/GameDataStoreBase.cs
  artifactKey: Guid(fed3d042df7c4f71b6d85604d487f21b) Importer(2089858483,b0f066a214c2f5e87bad3c948f4d605d)
Start importing Assets/UnityTechnologies/TowerDefenseTemplate/Scripts/Core/Data/GameDataStoreBase.cs using Guid(fed3d042df7c4f71b6d85604d487f21b) Importer(2089858483,b0f066a214c2f5e87bad3c948f4d605d) (ScriptedImporter) -> (artifact id: '3910e9a87c201b729523b749619b369e') in 0.0098527 seconds
Number of updated asset objects reloaded before import = 0Number of asset objects unloaded after import = 0

========================================================================
Received Import Request.
  Time since last request: 0.000076 seconds.
  path: Assets/UnityTechnologies/TowerDefenseTemplate/Scripts/TowerDefense/Game/GameManager.cs
  artifactKey: Guid(644275866ba084b5ea21052fe44e7130) Importer(2089858483,b0f066a214c2f5e87bad3c948f4d605d)
Start importing Assets/UnityTechnologies/TowerDefenseTemplate/Scripts/TowerDefense/Game/GameManager.cs using Guid(644275866ba084b5ea21052fe44e7130) Importer(2089858483,b0f066a214c2f5e87bad3c948f4d605d) (ScriptedImporter) -> (artifact id: '94e3a7164b2cf14f7125f50127c82af4') in 0.0095535 seconds
Number of updated asset objects reloaded before import = 0Number of asset objects unloaded after import = 0

========================================================================
Received Import Request.
  Time since last request: 0.000020 seconds.
  path: Assets/UnityTechnologies/TowerDefenseTemplate/Scripts/TowerDefense/Effects/ProjectileEffect.cs
  artifactKey: Guid(0feb0657ae3a4e87bef54a6c6033d472) Importer(2089858483,b0f066a214c2f5e87bad3c948f4d605d)
Start importing Assets/UnityTechnologies/TowerDefenseTemplate/Scripts/TowerDefense/Effects/ProjectileEffect.cs using Guid(0feb0657ae3a4e87bef54a6c6033d472) Importer(2089858483,b0f066a214c2f5e87bad3c948f4d605d) (ScriptedImporter) -> (artifact id: 'a9049d58629ab8d61f43136cc614f461') in 0.0091869 seconds
Number of updated asset objects reloaded before import = 0Number of asset objects unloaded after import = 0

========================================================================
Received Import Request.
  Time since last request: 0.000027 seconds.
  path: Assets/UnityTechnologies/TowerDefenseTemplate/Scripts/ActionGameFramework/Projectiles/BallisticProjectile.cs
  artifactKey: Guid(b6a7e96a9b3d843afb6c41943cd8c20b) Importer(2089858483,b0f066a214c2f5e87bad3c948f4d605d)
Start importing Assets/UnityTechnologies/TowerDefenseTemplate/Scripts/ActionGameFramework/Projectiles/BallisticProjectile.cs using Guid(b6a7e96a9b3d843afb6c41943cd8c20b) Importer(2089858483,b0f066a214c2f5e87bad3c948f4d605d) (ScriptedImporter) -> (artifact id: '990183291432df014301a7edaf13586d') in 0.0092285 seconds
Number of updated asset objects reloaded before import = 0Number of asset objects unloaded after import = 0

========================================================================
Received Import Request.
  Time since last request: 0.000066 seconds.
  path: Assets/UnityTechnologies/TowerDefenseTemplate/Scenes/Levels/Level5/Level5.unity
  artifactKey: Guid(fc4839b9a8d054242a87070a88f6b35c) Importer(2089858483,b0f066a214c2f5e87bad3c948f4d605d)
Start importing Assets/UnityTechnologies/TowerDefenseTemplate/Scenes/Levels/Level5/Level5.unity using Guid(fc4839b9a8d054242a87070a88f6b35c) Importer(2089858483,b0f066a214c2f5e87bad3c948f4d605d) (ScriptedImporter) -> (artifact id: 'f56b7ce574f8c7aa2c96b465c3c60a3c') in 0.0349706 seconds
Number of updated asset objects reloaded before import = 0Number of asset objects unloaded after import = 1

========================================================================
Received Import Request.
  Time since last request: 0.000029 seconds.
  path: Assets/UnityTechnologies/TowerDefenseTemplate/Scripts/ActionGameFramework/Spawning/SingleHitObjectSpawner.cs
  artifactKey: Guid(2fcf06f56dd6345d68280458b9b18e2d) Importer(2089858483,b0f066a214c2f5e87bad3c948f4d605d)
Start importing Assets/UnityTechnologies/TowerDefenseTemplate/Scripts/ActionGameFramework/Spawning/SingleHitObjectSpawner.cs using Guid(2fcf06f56dd6345d68280458b9b18e2d) Importer(2089858483,b0f066a214c2f5e87bad3c948f4d605d) (ScriptedImporter) -> (artifact id: '2eef1426453422a2be9b37ed77b5ed41') in 0.0098497 seconds
Number of updated asset objects reloaded before import = 0Number of asset objects unloaded after import = 0

========================================================================
Received Import Request.
  Time since last request: 0.000016 seconds.
  path: Assets/UnityTechnologies/TowerDefenseTemplate/Scripts/ActionGameFramework/Projectiles/HomingLinearProjectile.cs
  artifactKey: Guid(bed2720ef54274c839502f5843dfbfbf) Importer(2089858483,b0f066a214c2f5e87bad3c948f4d605d)
Start importing Assets/UnityTechnologies/TowerDefenseTemplate/Scripts/ActionGameFramework/Projectiles/HomingLinearProjectile.cs using Guid(bed2720ef54274c839502f5843dfbfbf) Importer(2089858483,b0f066a214c2f5e87bad3c948f4d605d) (ScriptedImporter) -> (artifact id: 'd0b1f7714d3b001ad85974dee1697b57') in 0.0143503 seconds
Number of updated asset objects reloaded before import = 0Number of asset objects unloaded after import = 0

========================================================================
Received Import Request.
  Time since last request: 0.000030 seconds.
  path: Assets/UnityTechnologies/TowerDefenseTemplate/Scripts/Core/Input/InputSchemeSwitcher.cs
  artifactKey: Guid(0109b36261aa4c0bbe62856358202942) Importer(2089858483,b0f066a214c2f5e87bad3c948f4d605d)
Start importing Assets/UnityTechnologies/TowerDefenseTemplate/Scripts/Core/Input/InputSchemeSwitcher.cs using Guid(0109b36261aa4c0bbe62856358202942) Importer(2089858483,b0f066a214c2f5e87bad3c948f4d605d) (ScriptedImporter) -> (artifact id: '4b378f93f0a5491dcf641b7c5930c004') in 0.0081699 seconds
Number of updated asset objects reloaded before import = 0Number of asset objects unloaded after import = 0

========================================================================
Received Import Request.
  Time since last request: 0.000028 seconds.
  path: Assets/UnityTechnologies/TowerDefenseTemplate/Scripts/Core/Data/JsonSaver.cs
  artifactKey: Guid(a86913e92593d4656ac7712b92cbe974) Importer(2089858483,b0f066a214c2f5e87bad3c948f4d605d)
Start importing Assets/UnityTechnologies/TowerDefenseTemplate/Scripts/Core/Data/JsonSaver.cs using Guid(a86913e92593d4656ac7712b92cbe974) Importer(2089858483,b0f066a214c2f5e87bad3c948f4d605d) (ScriptedImporter) -> (artifact id: '6e52f1ca50b27063d4dae5e5ceba5303') in 0.009487 seconds
Number of updated asset objects reloaded before import = 0Number of asset objects unloaded after import = 0

========================================================================
Received Import Request.
  Time since last request: 0.000020 seconds.
  path: Assets/UnityTechnologies/TowerDefenseTemplate/Scripts/Core/UI/BasicAnimatingMainMenuPage.cs
  artifactKey: Guid(21cdd28f44c6443da800ce8c1c8de2b7) Importer(2089858483,b0f066a214c2f5e87bad3c948f4d605d)
Start importing Assets/UnityTechnologies/TowerDefenseTemplate/Scripts/Core/UI/BasicAnimatingMainMenuPage.cs using Guid(21cdd28f44c6443da800ce8c1c8de2b7) Importer(2089858483,b0f066a214c2f5e87bad3c948f4d605d) (ScriptedImporter) -> (artifact id: '60d5130962a8bf67e20d950004a41a9a') in 0.0099894 seconds
Number of updated asset objects reloaded before import = 0Number of asset objects unloaded after import = 0

========================================================================
Received Import Request.
  Time since last request: 0.000023 seconds.
  path: Assets/UnityTechnologies/TowerDefenseTemplate/Scripts/Core/Health/DamageableBehaviour.cs
  artifactKey: Guid(387e15a0a025d41bd9547daed50833d1) Importer(2089858483,b0f066a214c2f5e87bad3c948f4d605d)
Start importing Assets/UnityTechnologies/TowerDefenseTemplate/Scripts/Core/Health/DamageableBehaviour.cs using Guid(387e15a0a025d41bd9547daed50833d1) Importer(2089858483,b0f066a214c2f5e87bad3c948f4d605d) (ScriptedImporter) -> (artifact id: 'adfe18d89309b7b80edb79d35fe04531') in 0.009761 seconds
Number of updated asset objects reloaded before import = 0Number of asset objects unloaded after import = 0

========================================================================
Received Import Request.
  Time since last request: 0.000042 seconds.
  path: Assets/UnityTechnologies/TowerDefenseTemplate/Scripts/Core/UI/Modal.cs
  artifactKey: Guid(9e0e2d0f38aa34f879212962158de591) Importer(2089858483,b0f066a214c2f5e87bad3c948f4d605d)
Start importing Assets/UnityTechnologies/TowerDefenseTemplate/Scripts/Core/UI/Modal.cs using Guid(9e0e2d0f38aa34f879212962158de591) Importer(2089858483,b0f066a214c2f5e87bad3c948f4d605d) (ScriptedImporter) -> (artifact id: 'd250d5aa38ab541684e73a9d859d7a29') in 0.010216 seconds
Number of updated asset objects reloaded before import = 0Number of asset objects unloaded after import = 0

========================================================================
Received Import Request.
  Time since last request: 0.000038 seconds.
  path: Assets/UnityTechnologies/TowerDefenseTemplate/Scripts/Core/Utilities/Pool.cs
  artifactKey: Guid(397e022cae034439bb343eac14eb96ba) Importer(2089858483,b0f066a214c2f5e87bad3c948f4d605d)
Start importing Assets/UnityTechnologies/TowerDefenseTemplate/Scripts/Core/Utilities/Pool.cs using Guid(397e022cae034439bb343eac14eb96ba) Importer(2089858483,b0f066a214c2f5e87bad3c948f4d605d) (ScriptedImporter) -> (artifact id: '7d58ec88c528411a1c1f934c01915110') in 0.0097925 seconds
Number of updated asset objects reloaded before import = 0Number of asset objects unloaded after import = 0

========================================================================
Received Import Request.
  Time since last request: 0.000076 seconds.
  path: Assets/UnityTechnologies/TowerDefenseTemplate/Scripts/Core/UI/MainMenu.cs
  artifactKey: Guid(cbc00317213864723bd287833ab11fdf) Importer(2089858483,b0f066a214c2f5e87bad3c948f4d605d)
Start importing Assets/UnityTechnologies/TowerDefenseTemplate/Scripts/Core/UI/MainMenu.cs using Guid(cbc00317213864723bd287833ab11fdf) Importer(2089858483,b0f066a214c2f5e87bad3c948f4d605d) (ScriptedImporter) -> (artifact id: '88e7184c9c0c797745491f1d694482ab') in 0.0124105 seconds
Number of updated asset objects reloaded before import = 0Number of asset objects unloaded after import = 0

========================================================================
Received Import Request.
  Time since last request: 0.000032 seconds.
  path: Assets/UnityTechnologies/TowerDefenseTemplate/Scripts/TowerDefense/Effects/MobileParticleSelector.cs
  artifactKey: Guid(9f1b3950d58247008c0834d7e945fa91) Importer(2089858483,b0f066a214c2f5e87bad3c948f4d605d)
Start importing Assets/UnityTechnologies/TowerDefenseTemplate/Scripts/TowerDefense/Effects/MobileParticleSelector.cs using Guid(9f1b3950d58247008c0834d7e945fa91) Importer(2089858483,b0f066a214c2f5e87bad3c948f4d605d) (ScriptedImporter) -> (artifact id: '60348d8f57c9c03c16639f299a1a9486') in 0.0136773 seconds
Number of updated asset objects reloaded before import = 0Number of asset objects unloaded after import = 0

========================================================================
Received Import Request.
  Time since last request: 0.000055 seconds.
  path: Assets/UnityTechnologies/TowerDefenseTemplate/Scripts/Core/Health/Damageable.cs
  artifactKey: Guid(7132feca17128496a9372aa0a2a5a182) Importer(2089858483,b0f066a214c2f5e87bad3c948f4d605d)
Start importing Assets/UnityTechnologies/TowerDefenseTemplate/Scripts/Core/Health/Damageable.cs using Guid(7132feca17128496a9372aa0a2a5a182) Importer(2089858483,b0f066a214c2f5e87bad3c948f4d605d) (ScriptedImporter) -> (artifact id: 'e1a01dcb18f57cd7899a0227c05701ac') in 0.0096396 seconds
Number of updated asset objects reloaded before import = 0Number of asset objects unloaded after import = 0

========================================================================
Received Import Request.
  Time since last request: 0.000013 seconds.
  path: Assets/UnityTechnologies/TowerDefenseTemplate/Scripts/ActionGameFramework/Spawning/RandomHitObjectSpawner.cs
  artifactKey: Guid(fa0ff89ab1d7144e18e09bfeb80330a5) Importer(2089858483,b0f066a214c2f5e87bad3c948f4d605d)
Start importing Assets/UnityTechnologies/TowerDefenseTemplate/Scripts/ActionGameFramework/Spawning/RandomHitObjectSpawner.cs using Guid(fa0ff89ab1d7144e18e09bfeb80330a5) Importer(2089858483,b0f066a214c2f5e87bad3c948f4d605d) (ScriptedImporter) -> (artifact id: '1b49c01014f3858dbb97b91746eb01b8') in 0.0099644 seconds
Number of updated asset objects reloaded before import = 0Number of asset objects unloaded after import = 0

========================================================================
Received Import Request.
  Time since last request: 0.000044 seconds.
  path: Assets/UnityTechnologies/TowerDefenseTemplate/Scripts/Core/UI/SimpleMainMenuPage.cs
  artifactKey: Guid(2159c3df81e94deaa83a06f872efeb09) Importer(2089858483,b0f066a214c2f5e87bad3c948f4d605d)
Start importing Assets/UnityTechnologies/TowerDefenseTemplate/Scripts/Core/UI/SimpleMainMenuPage.cs using Guid(2159c3df81e94deaa83a06f872efeb09) Importer(2089858483,b0f066a214c2f5e87bad3c948f4d605d) (ScriptedImporter) -> (artifact id: '5cc5c80c11beabfa53e2a66533f85b30') in 0.0096158 seconds
Number of updated asset objects reloaded before import = 0Number of asset objects unloaded after import = 0

========================================================================
Received Import Request.
  Time since last request: 0.000024 seconds.
  path: Assets/UnityTechnologies/TowerDefenseTemplate/Scripts/Core/Input/MouseButtonInfo.cs
  artifactKey: Guid(4588b117ffbf4ee4a064be5c499368e6) Importer(2089858483,b0f066a214c2f5e87bad3c948f4d605d)
Start importing Assets/UnityTechnologies/TowerDefenseTemplate/Scripts/Core/Input/MouseButtonInfo.cs using Guid(4588b117ffbf4ee4a064be5c499368e6) Importer(2089858483,b0f066a214c2f5e87bad3c948f4d605d) (ScriptedImporter) -> (artifact id: '7e4d64b2be4ef3676d7804a1de4d5502') in 0.0100073 seconds
Number of updated asset objects reloaded before import = 0Number of asset objects unloaded after import = 0

========================================================================
Received Import Request.
  Time since last request: 0.000068 seconds.
  path: Assets/UnityTechnologies/TowerDefenseTemplate/Scripts/ActionGameFramework/Health/DamageZone.cs
  artifactKey: Guid(8f7fd0a98e7cb42819fe9287e44a853b) Importer(2089858483,b0f066a214c2f5e87bad3c948f4d605d)
Start importing Assets/UnityTechnologies/TowerDefenseTemplate/Scripts/ActionGameFramework/Health/DamageZone.cs using Guid(8f7fd0a98e7cb42819fe9287e44a853b) Importer(2089858483,b0f066a214c2f5e87bad3c948f4d605d) (ScriptedImporter) -> (artifact id: '89fcb0ed293b35f2e6ab39009e888c20') in 0.0124378 seconds
Number of updated asset objects reloaded before import = 0Number of asset objects unloaded after import = 0

========================================================================
Received Import Request.
  Time since last request: 0.000060 seconds.
  path: Assets/UnityTechnologies/TowerDefenseTemplate/PostProcessing/Runtime/PostProcessingBehaviour.cs
  artifactKey: Guid(ff26db721962cdf4a8edcdfa9a767d2a) Importer(2089858483,b0f066a214c2f5e87bad3c948f4d605d)
Start importing Assets/UnityTechnologies/TowerDefenseTemplate/PostProcessing/Runtime/PostProcessingBehaviour.cs using Guid(ff26db721962cdf4a8edcdfa9a767d2a) Importer(2089858483,b0f066a214c2f5e87bad3c948f4d605d) (ScriptedImporter) -> (artifact id: '4f49c4446cd7912f75fe745f78e6551c') in 0.013552 seconds
Number of updated asset objects reloaded before import = 0Number of asset objects unloaded after import = 0

========================================================================
Received Import Request.
  Time since last request: 0.000089 seconds.
  path: Assets/UnityTechnologies/TowerDefenseTemplate/Models/Towers/EMP Tower/EMP_Tower_level_3_tex_v001.tiff
  artifactKey: Guid(afcf8eec8162947e48439011ecb77f51) Importer(2089858483,b0f066a214c2f5e87bad3c948f4d605d)
Start importing Assets/UnityTechnologies/TowerDefenseTemplate/Models/Towers/EMP Tower/EMP_Tower_level_3_tex_v001.tiff using Guid(afcf8eec8162947e48439011ecb77f51) Importer(2089858483,b0f066a214c2f5e87bad3c948f4d605d) (ScriptedImporter) -> (artifact id: '2edf36d6fd14eea805ea8fa8d94cc9c5') in 0.0153327 seconds
Number of updated asset objects reloaded before import = 0Number of asset objects unloaded after import = 1

========================================================================
Received Import Request.
  Time since last request: 0.000031 seconds.
  path: Assets/UnityTechnologies/TowerDefenseTemplate/Materials/Particles/MuzzleFlash.mat
  artifactKey: Guid(4ae7a6ababf2440e29641f226bd6e7da) Importer(2089858483,b0f066a214c2f5e87bad3c948f4d605d)
Start importing Assets/UnityTechnologies/TowerDefenseTemplate/Materials/Particles/MuzzleFlash.mat using Guid(4ae7a6ababf2440e29641f226bd6e7da) Importer(2089858483,b0f066a214c2f5e87bad3c948f4d605d) (ScriptedImporter) -> (artifact id: 'fcfcdf8a334807230d53edccd52c6dc9') in 0.0134729 seconds
Number of updated asset objects reloaded before import = 0Number of asset objects unloaded after import = 2

========================================================================
Received Import Request.
  Time since last request: 0.000011 seconds.
  path: Assets/UnityTechnologies/TowerDefenseTemplate/PostProcessing/Editor/Attributes/PostProcessingModelEditorAttribute.cs
  artifactKey: Guid(c21938aa988055347a2271f03a3e731e) Importer(2089858483,b0f066a214c2f5e87bad3c948f4d605d)
Start importing Assets/UnityTechnologies/TowerDefenseTemplate/PostProcessing/Editor/Attributes/PostProcessingModelEditorAttribute.cs using Guid(c21938aa988055347a2271f03a3e731e) Importer(2089858483,b0f066a214c2f5e87bad3c948f4d605d) (ScriptedImporter) -> (artifact id: 'b1e6d540df01d32523c5026242c8fe2f') in 0.0103586 seconds
Number of updated asset objects reloaded before import = 0Number of asset objects unloaded after import = 0

========================================================================
Received Import Request.
  Time since last request: 0.000017 seconds.
  path: Assets/UnityTechnologies/TowerDefenseTemplate/PostProcessing/Editor/Models/EyeAdaptationModelEditor.cs
  artifactKey: Guid(489b5c785ba0f614d90c322fa0827216) Importer(2089858483,b0f066a214c2f5e87bad3c948f4d605d)
Start importing Assets/UnityTechnologies/TowerDefenseTemplate/PostProcessing/Editor/Models/EyeAdaptationModelEditor.cs using Guid(489b5c785ba0f614d90c322fa0827216) Importer(2089858483,b0f066a214c2f5e87bad3c948f4d605d) (ScriptedImporter) -> (artifact id: '3b2ed0add693baf1d538dc778b0f7919') in 0.0108261 seconds
Number of updated asset objects reloaded before import = 0Number of asset objects unloaded after import = 0

========================================================================
Received Import Request.
  Time since last request: 0.000100 seconds.
  path: Assets/UnityTechnologies/TowerDefenseTemplate/Materials/Levels/Level05_Road.mat
  artifactKey: Guid(633304ca6deaf4c0da384a79d43a91df) Importer(2089858483,b0f066a214c2f5e87bad3c948f4d605d)
Start importing Assets/UnityTechnologies/TowerDefenseTemplate/Materials/Levels/Level05_Road.mat using Guid(633304ca6deaf4c0da384a79d43a91df) Importer(2089858483,b0f066a214c2f5e87bad3c948f4d605d) (ScriptedImporter) -> (artifact id: '349d1a6822299e7c880fc28ed989d690') in 0.0155246 seconds
Number of updated asset objects reloaded before import = 0Number of asset objects unloaded after import = 2

========================================================================
Received Import Request.
  Time since last request: 0.000016 seconds.
  path: Assets/UnityTechnologies/TowerDefenseTemplate/PostProcessing/Editor/PropertyDrawers/MinDrawer.cs
  artifactKey: Guid(8995f52f410f0fb4cb1bdaa71a16e04e) Importer(2089858483,b0f066a214c2f5e87bad3c948f4d605d)
Start importing Assets/UnityTechnologies/TowerDefenseTemplate/PostProcessing/Editor/PropertyDrawers/MinDrawer.cs using Guid(8995f52f410f0fb4cb1bdaa71a16e04e) Importer(2089858483,b0f066a214c2f5e87bad3c948f4d605d) (ScriptedImporter) -> (artifact id: '7f16a833fcf46b01810d76b2ce594714') in 0.0089783 seconds
Number of updated asset objects reloaded before import = 0Number of asset objects unloaded after import = 0

========================================================================
Received Import Request.
  Time since last request: 0.000032 seconds.
  path: Assets/UnityTechnologies/TowerDefenseTemplate/PostProcessing/Editor/Models/ColorGradingModelEditor.cs
  artifactKey: Guid(c3e3bce1d5c900d4fa7aa0f2b21814cf) Importer(2089858483,b0f066a214c2f5e87bad3c948f4d605d)
Start importing Assets/UnityTechnologies/TowerDefenseTemplate/PostProcessing/Editor/Models/ColorGradingModelEditor.cs using Guid(c3e3bce1d5c900d4fa7aa0f2b21814cf) Importer(2089858483,b0f066a214c2f5e87bad3c948f4d605d) (ScriptedImporter) -> (artifact id: 'a721818ff8e6b3b445c27a64d32bf0de') in 0.0119449 seconds
Number of updated asset objects reloaded before import = 0Number of asset objects unloaded after import = 0

========================================================================
Received Import Request.
  Time since last request: 0.000039 seconds.
  path: Assets/UnityTechnologies/TowerDefenseTemplate/PostProcessing/Resources/Bluenoise64/LICENSE.txt
  artifactKey: Guid(48ffda675aa0afa4f9eec3a5d5487aeb) Importer(2089858483,b0f066a214c2f5e87bad3c948f4d605d)
Start importing Assets/UnityTechnologies/TowerDefenseTemplate/PostProcessing/Resources/Bluenoise64/LICENSE.txt using Guid(48ffda675aa0afa4f9eec3a5d5487aeb) Importer(2089858483,b0f066a214c2f5e87bad3c948f4d605d) (ScriptedImporter) -> (artifact id: '038634e6683429fde9d4320491424549') in 0.0112571 seconds
Number of updated asset objects reloaded before import = 0Number of asset objects unloaded after import = 1

========================================================================
Received Import Request.
  Time since last request: 0.000013 seconds.
  path: Assets/UnityTechnologies/TowerDefenseTemplate/Scripts/TowerDefense/Nodes/Node.cs
  artifactKey: Guid(5edfcc2c7442e48d7892db93d6807a1e) Importer(2089858483,b0f066a214c2f5e87bad3c948f4d605d)
Start importing Assets/UnityTechnologies/TowerDefenseTemplate/Scripts/TowerDefense/Nodes/Node.cs using Guid(5edfcc2c7442e48d7892db93d6807a1e) Importer(2089858483,b0f066a214c2f5e87bad3c948f4d605d) (ScriptedImporter) -> (artifact id: 'faca3b7b63c71b58535692adbe20b89a') in 0.0128792 seconds
Number of updated asset objects reloaded before import = 0Number of asset objects unloaded after import = 0

========================================================================
Received Import Request.
  Time since last request: 0.000038 seconds.
  path: Assets/UnityTechnologies/TowerDefenseTemplate/Audio/SFX/Towers/SuperTower/Super Tower Shot 3.wav
  artifactKey: Guid(dad118443943d4d31be3a3edb4bb9785) Importer(2089858483,b0f066a214c2f5e87bad3c948f4d605d)
Start importing Assets/UnityTechnologies/TowerDefenseTemplate/Audio/SFX/Towers/SuperTower/Super Tower Shot 3.wav using Guid(dad118443943d4d31be3a3edb4bb9785) Importer(2089858483,b0f066a214c2f5e87bad3c948f4d605d) (ScriptedImporter) -> (artifact id: '1c8ab6eb401a7d8bc4686980b749e6ae') in 0.0296674 seconds
Number of updated asset objects reloaded before import = 0Number of asset objects unloaded after import = 1

========================================================================
Received Import Request.
  Time since last request: 0.000020 seconds.
  path: Assets/UnityTechnologies/TowerDefenseTemplate/Scenes/Levels/Level1/Level1/LightingData.asset
  artifactKey: Guid(5eda4f9705f51459b9621be5eedc4579) Importer(2089858483,b0f066a214c2f5e87bad3c948f4d605d)
Start importing Assets/UnityTechnologies/TowerDefenseTemplate/Scenes/Levels/Level1/Level1/LightingData.asset using Guid(5eda4f9705f51459b9621be5eedc4579) Importer(2089858483,b0f066a214c2f5e87bad3c948f4d605d) (ScriptedImporter) -> (artifact id: '82b418872b4257ceba34e5c37d09eb58') in 0.0147261 seconds
Number of updated asset objects reloaded before import = 0Number of asset objects unloaded after import = 2

========================================================================
Received Import Request.
  Time since last request: 0.000026 seconds.
  path: Assets/UnityTechnologies/TowerDefenseTemplate/Scripts/Core/Utilities/Editor/HexPointTests.cs
  artifactKey: Guid(a7faa29aa64a4a7e85947d69629be868) Importer(2089858483,b0f066a214c2f5e87bad3c948f4d605d)
Start importing Assets/UnityTechnologies/TowerDefenseTemplate/Scripts/Core/Utilities/Editor/HexPointTests.cs using Guid(a7faa29aa64a4a7e85947d69629be868) Importer(2089858483,b0f066a214c2f5e87bad3c948f4d605d) (ScriptedImporter) -> (artifact id: 'd8c77976c77322c83f0d83772339ce68') in 0.0119215 seconds
Number of updated asset objects reloaded before import = 0Number of asset objects unloaded after import = 0

========================================================================
Received Import Request.
  Time since last request: 0.000086 seconds.
  path: Assets/UnityTechnologies/TowerDefenseTemplate/Scenes/Levels/Level5/Level5/NavMesh.asset
  artifactKey: Guid(a06e13de74fee43748bd1c5643119819) Importer(2089858483,b0f066a214c2f5e87bad3c948f4d605d)
Start importing Assets/UnityTechnologies/TowerDefenseTemplate/Scenes/Levels/Level5/Level5/NavMesh.asset using Guid(a06e13de74fee43748bd1c5643119819) Importer(2089858483,b0f066a214c2f5e87bad3c948f4d605d) (ScriptedImporter) -> (artifact id: '91b7268d4c2645ec39e2609930eeab59') in 0.0139953 seconds
Number of updated asset objects reloaded before import = 0Number of asset objects unloaded after import = 1

========================================================================
Received Import Request.
  Time since last request: 0.000025 seconds.
  path: Assets/UnityTechnologies/TowerDefenseTemplate/Scripts/TowerDefense/UI/IntervalParticleSystemPlayer.cs
  artifactKey: Guid(cf668ca179e1048b7bb3f5285be0e22c) Importer(2089858483,b0f066a214c2f5e87bad3c948f4d605d)
Start importing Assets/UnityTechnologies/TowerDefenseTemplate/Scripts/TowerDefense/UI/IntervalParticleSystemPlayer.cs using Guid(cf668ca179e1048b7bb3f5285be0e22c) Importer(2089858483,b0f066a214c2f5e87bad3c948f4d605d) (ScriptedImporter) -> (artifact id: '5eb9fa640df941006dc452b573edcefd') in 0.0167449 seconds
Number of updated asset objects reloaded before import = 0Number of asset objects unloaded after import = 0

========================================================================
Received Import Request.
  Time since last request: 0.000027 seconds.
  path: Assets/UnityTechnologies/TowerDefenseTemplate/Scenes/Levels/Level4/Level4/Lightmap-0_comp_light.exr
  artifactKey: Guid(f52b3aa3340224c3197293597caf9dc8) Importer(2089858483,b0f066a214c2f5e87bad3c948f4d605d)
Start importing Assets/UnityTechnologies/TowerDefenseTemplate/Scenes/Levels/Level4/Level4/Lightmap-0_comp_light.exr using Guid(f52b3aa3340224c3197293597caf9dc8) Importer(2089858483,b0f066a214c2f5e87bad3c948f4d605d) (ScriptedImporter) -> (artifact id: 'bf338b749b63b8a0fc2753da1a9d7c02') in 0.0523253 seconds
Number of updated asset objects reloaded before import = 0Number of asset objects unloaded after import = 1

========================================================================
Received Import Request.
  Time since last request: 0.000022 seconds.
  path: Assets/UnityTechnologies/TowerDefenseTemplate/Scenes/Levels/Level5/Level5/Lightmap-0_comp_shadowmask.png
  artifactKey: Guid(7df6dffea9ff84668bb75e2841ca9479) Importer(2089858483,b0f066a214c2f5e87bad3c948f4d605d)
Start importing Assets/UnityTechnologies/TowerDefenseTemplate/Scenes/Levels/Level5/Level5/Lightmap-0_comp_shadowmask.png using Guid(7df6dffea9ff84668bb75e2841ca9479) Importer(2089858483,b0f066a214c2f5e87bad3c948f4d605d) (ScriptedImporter) -> (artifact id: 'b415bf35b47183331fac72c731501022') in 0.0242718 seconds
Number of updated asset objects reloaded before import = 0Number of asset objects unloaded after import = 1

========================================================================
Received Import Request.
  Time since last request: 0.000034 seconds.
  path: Assets/UnityTechnologies/TowerDefenseTemplate/Scenes/Levels/Level5/Level5/LightingData.asset
  artifactKey: Guid(31e0501eeef9f41cd9a0ad30d4889a27) Importer(2089858483,b0f066a214c2f5e87bad3c948f4d605d)
Start importing Assets/UnityTechnologies/TowerDefenseTemplate/Scenes/Levels/Level5/Level5/LightingData.asset using Guid(31e0501eeef9f41cd9a0ad30d4889a27) Importer(2089858483,b0f066a214c2f5e87bad3c948f4d605d) (ScriptedImporter) -> (artifact id: '53e5b574dde46b5844fafdd0104fccc2') in 0.0129717 seconds
Number of updated asset objects reloaded before import = 0Number of asset objects unloaded after import = 2

========================================================================
Received Import Request.
  Time since last request: 0.000023 seconds.
  path: Assets/UnityTechnologies/TowerDefenseTemplate/Models/Towers/Laser/Materials/LaserTower_L02_Albedo_V001.mat
  artifactKey: Guid(c52f50d993c82b64a9a4f740e63cdf1e) Importer(2089858483,b0f066a214c2f5e87bad3c948f4d605d)
Start importing Assets/UnityTechnologies/TowerDefenseTemplate/Models/Towers/Laser/Materials/LaserTower_L02_Albedo_V001.mat using Guid(c52f50d993c82b64a9a4f740e63cdf1e) Importer(2089858483,b0f066a214c2f5e87bad3c948f4d605d) (ScriptedImporter) -> (artifact id: '275dffa378f560ba2e7765e4ce53b34b') in 0.0117718 seconds
Number of updated asset objects reloaded before import = 0Number of asset objects unloaded after import = 1

========================================================================
Received Import Request.
  Time since last request: 0.000025 seconds.
  path: Assets/UnityTechnologies/TowerDefenseTemplate/Scripts/TowerDefense/Nodes/RandomNodeSelector.cs
  artifactKey: Guid(af7386bac99144d40b4117ce8625b67d) Importer(2089858483,b0f066a214c2f5e87bad3c948f4d605d)
Start importing Assets/UnityTechnologies/TowerDefenseTemplate/Scripts/TowerDefense/Nodes/RandomNodeSelector.cs using Guid(af7386bac99144d40b4117ce8625b67d) Importer(2089858483,b0f066a214c2f5e87bad3c948f4d605d) (ScriptedImporter) -> (artifact id: '0fff3838ba896e4a97ee2238a929ae7b') in 0.0115472 seconds
Number of updated asset objects reloaded before import = 0Number of asset objects unloaded after import = 0

========================================================================
Received Import Request.
  Time since last request: 0.000049 seconds.
  path: Assets/UnityTechnologies/TowerDefenseTemplate/Scenes/Levels/Level1_Prototype/Prototype/Lightmap-0_comp_light.exr
  artifactKey: Guid(5de24374cf3254440918755296d845bc) Importer(2089858483,b0f066a214c2f5e87bad3c948f4d605d)
Start importing Assets/UnityTechnologies/TowerDefenseTemplate/Scenes/Levels/Level1_Prototype/Prototype/Lightmap-0_comp_light.exr using Guid(5de24374cf3254440918755296d845bc) Importer(2089858483,b0f066a214c2f5e87bad3c948f4d605d) (ScriptedImporter) -> (artifact id: '25c8f91f1f81ccf4203447ca94bc5d25') in 0.0173531 seconds
Number of updated asset objects reloaded before import = 0Number of asset objects unloaded after import = 1

========================================================================
Received Import Request.
  Time since last request: 0.000020 seconds.
  path: Assets/UnityTechnologies/TowerDefenseTemplate/Scripts/TowerDefense/Nodes/Editor/NodeEditor.cs
  artifactKey: Guid(cfdd86a44e81e4f6eb27b853b86ebe06) Importer(2089858483,b0f066a214c2f5e87bad3c948f4d605d)
Start importing Assets/UnityTechnologies/TowerDefenseTemplate/Scripts/TowerDefense/Nodes/Editor/NodeEditor.cs using Guid(cfdd86a44e81e4f6eb27b853b86ebe06) Importer(2089858483,b0f066a214c2f5e87bad3c948f4d605d) (ScriptedImporter) -> (artifact id: '12a264ceb3afe59e3d96b380320815ca') in 0.011266 seconds
Number of updated asset objects reloaded before import = 0Number of asset objects unloaded after import = 0

========================================================================
Received Import Request.
  Time since last request: 0.000085 seconds.
  path: Assets/UnityTechnologies/TowerDefenseTemplate/Scripts/TowerDefense/MeshCreator/Editor/AreaMeshCreatorEditor.cs
  artifactKey: Guid(b77099cfe6f4f4ee68f0990ce96d8163) Importer(2089858483,b0f066a214c2f5e87bad3c948f4d605d)
Start importing Assets/UnityTechnologies/TowerDefenseTemplate/Scripts/TowerDefense/MeshCreator/Editor/AreaMeshCreatorEditor.cs using Guid(b77099cfe6f4f4ee68f0990ce96d8163) Importer(2089858483,b0f066a214c2f5e87bad3c948f4d605d) (ScriptedImporter) -> (artifact id: 'e04a0833a90a67df84d52a9dea973166') in 0.0094115 seconds
Number of updated asset objects reloaded before import = 0Number of asset objects unloaded after import = 0

========================================================================
Received Import Request.
  Time since last request: 0.000053 seconds.
  path: Assets/UnityTechnologies/TowerDefenseTemplate/Scenes/Levels/Level2/Level2/Lightmap-0_comp_shadowmask.png
  artifactKey: Guid(836c4572387a5430fa38fe6f0484f2ec) Importer(2089858483,b0f066a214c2f5e87bad3c948f4d605d)
Start importing Assets/UnityTechnologies/TowerDefenseTemplate/Scenes/Levels/Level2/Level2/Lightmap-0_comp_shadowmask.png using Guid(836c4572387a5430fa38fe6f0484f2ec) Importer(2089858483,b0f066a214c2f5e87bad3c948f4d605d) (ScriptedImporter) -> (artifact id: 'b1f147944a3117acec13c685ffa3f79a') in 0.0224315 seconds
Number of updated asset objects reloaded before import = 0Number of asset objects unloaded after import = 1

========================================================================
Received Import Request.
  Time since last request: 0.000022 seconds.
  path: Assets/UnityTechnologies/TowerDefenseTemplate/Audio/SFX/Towers/MachineGun/MG 14.wav
  artifactKey: Guid(9cfc9c4c568e54e68a4038ecdf7ffac7) Importer(2089858483,b0f066a214c2f5e87bad3c948f4d605d)
Start importing Assets/UnityTechnologies/TowerDefenseTemplate/Audio/SFX/Towers/MachineGun/MG 14.wav using Guid(9cfc9c4c568e54e68a4038ecdf7ffac7) Importer(2089858483,b0f066a214c2f5e87bad3c948f4d605d) (ScriptedImporter) -> (artifact id: 'f94ce491060c592abc4265e5668e1030') in 0.0271244 seconds
Number of updated asset objects reloaded before import = 0Number of asset objects unloaded after import = 1

========================================================================
Received Import Request.
  Time since last request: 0.000031 seconds.
  path: Assets/UnityTechnologies/TowerDefenseTemplate/Scripts/TowerDefense/UI/PlayAnimation.cs
  artifactKey: Guid(61a4206aa236d4f3eacc218f31b04b62) Importer(2089858483,b0f066a214c2f5e87bad3c948f4d605d)
Start importing Assets/UnityTechnologies/TowerDefenseTemplate/Scripts/TowerDefense/UI/PlayAnimation.cs using Guid(61a4206aa236d4f3eacc218f31b04b62) Importer(2089858483,b0f066a214c2f5e87bad3c948f4d605d) (ScriptedImporter) -> (artifact id: 'ffd2850119188acaccaa0bd8bd0f0638') in 0.0101129 seconds
Number of updated asset objects reloaded before import = 0Number of asset objects unloaded after import = 0

========================================================================
Received Import Request.
  Time since last request: 0.000064 seconds.
  path: Assets/UnityTechnologies/TowerDefenseTemplate/Scripts/TowerDefense/MeshCreator/Triangulator.cs
  artifactKey: Guid(a428b6644ca5d4d3eb2a737d78b62b10) Importer(2089858483,b0f066a214c2f5e87bad3c948f4d605d)
Start importing Assets/UnityTechnologies/TowerDefenseTemplate/Scripts/TowerDefense/MeshCreator/Triangulator.cs using Guid(a428b6644ca5d4d3eb2a737d78b62b10) Importer(2089858483,b0f066a214c2f5e87bad3c948f4d605d) (ScriptedImporter) -> (artifact id: '3fc31aaab09794c1ae6ca48f3cb1be8c') in 0.0102293 seconds
Number of updated asset objects reloaded before import = 0Number of asset objects unloaded after import = 0

========================================================================
Received Import Request.
  Time since last request: 0.000031 seconds.
  path: Assets/UnityTechnologies/TowerDefenseTemplate/Scripts/TowerDefense/Nodes/NodeSelector.cs
  artifactKey: Guid(8a34769af39eb434baadbd6fe0cca976) Importer(2089858483,b0f066a214c2f5e87bad3c948f4d605d)
Start importing Assets/UnityTechnologies/TowerDefenseTemplate/Scripts/TowerDefense/Nodes/NodeSelector.cs using Guid(8a34769af39eb434baadbd6fe0cca976) Importer(2089858483,b0f066a214c2f5e87bad3c948f4d605d) (ScriptedImporter) -> (artifact id: 'b67ba415f5bca9d88e7ca63105b37959') in 0.0095448 seconds
Number of updated asset objects reloaded before import = 0Number of asset objects unloaded after import = 0

========================================================================
Received Import Request.
  Time since last request: 0.000019 seconds.
  path: Assets/UnityTechnologies/TowerDefenseTemplate/Scripts/TowerDefense/UI/TowerDefenseInputSchemeSwitcher.cs
  artifactKey: Guid(c488058b7a0746929e379d651807e08e) Importer(2089858483,b0f066a214c2f5e87bad3c948f4d605d)
Start importing Assets/UnityTechnologies/TowerDefenseTemplate/Scripts/TowerDefense/UI/TowerDefenseInputSchemeSwitcher.cs using Guid(c488058b7a0746929e379d651807e08e) Importer(2089858483,b0f066a214c2f5e87bad3c948f4d605d) (ScriptedImporter) -> (artifact id: 'db930f3476354d5aad2c7794dc7f05a8') in 0.0104396 seconds
Number of updated asset objects reloaded before import = 0Number of asset objects unloaded after import = 0

========================================================================
Received Import Request.
  Time since last request: 0.000024 seconds.
  path: Assets/UnityTechnologies/TowerDefenseTemplate/Audio/SFX/Towers/RocketLauncher/Rocket Tower Shoot.wav
  artifactKey: Guid(ce02cc583b9d84102a12a156e90ca692) Importer(2089858483,b0f066a214c2f5e87bad3c948f4d605d)
Start importing Assets/UnityTechnologies/TowerDefenseTemplate/Audio/SFX/Towers/RocketLauncher/Rocket Tower Shoot.wav using Guid(ce02cc583b9d84102a12a156e90ca692) Importer(2089858483,b0f066a214c2f5e87bad3c948f4d605d) (ScriptedImporter) -> (artifact id: 'aefebb50a0931f437b34debf17df9ece') in 0.0208421 seconds
Number of updated asset objects reloaded before import = 0Number of asset objects unloaded after import = 1

========================================================================
Received Import Request.
  Time since last request: 0.000021 seconds.
  path: Assets/UnityTechnologies/TowerDefenseTemplate/Scripts/Core/Utilities/Editor/SerializableInterfaceDrawer.cs
  artifactKey: Guid(aae2dd670156461081d3de61c15ae582) Importer(2089858483,b0f066a214c2f5e87bad3c948f4d605d)
Start importing Assets/UnityTechnologies/TowerDefenseTemplate/Scripts/Core/Utilities/Editor/SerializableInterfaceDrawer.cs using Guid(aae2dd670156461081d3de61c15ae582) Importer(2089858483,b0f066a214c2f5e87bad3c948f4d605d) (ScriptedImporter) -> (artifact id: '029d1b8c819b97a3d29a69feae51f789') in 0.0135837 seconds
Number of updated asset objects reloaded before import = 0Number of asset objects unloaded after import = 0

========================================================================
Received Import Request.
  Time since last request: 0.000033 seconds.
  path: Assets/UnityTechnologies/TowerDefenseTemplate/Scripts/TowerDefense/UI/LevelSelectButton.cs
  artifactKey: Guid(b046f32f124c49e6bc1f72ebc249cd79) Importer(2089858483,b0f066a214c2f5e87bad3c948f4d605d)
Start importing Assets/UnityTechnologies/TowerDefenseTemplate/Scripts/TowerDefense/UI/LevelSelectButton.cs using Guid(b046f32f124c49e6bc1f72ebc249cd79) Importer(2089858483,b0f066a214c2f5e87bad3c948f4d605d) (ScriptedImporter) -> (artifact id: '68ff743bbf11d52d7395a8afec4074b4') in 0.0144759 seconds
Number of updated asset objects reloaded before import = 0Number of asset objects unloaded after import = 0

========================================================================
Received Import Request.
  Time since last request: 0.000109 seconds.
  path: Assets/UnityTechnologies/TowerDefenseTemplate/Scenes/Levels/Level2/Level2/NavMesh.asset
  artifactKey: Guid(c691707eb576342f197eff8ab96e9323) Importer(2089858483,b0f066a214c2f5e87bad3c948f4d605d)
Start importing Assets/UnityTechnologies/TowerDefenseTemplate/Scenes/Levels/Level2/Level2/NavMesh.asset using Guid(c691707eb576342f197eff8ab96e9323) Importer(2089858483,b0f066a214c2f5e87bad3c948f4d605d) (ScriptedImporter) -> (artifact id: '4442337c99e4b2d738ba69d7f5ecde8f') in 0.0119671 seconds
Number of updated asset objects reloaded before import = 0Number of asset objects unloaded after import = 1

========================================================================
Received Import Request.
  Time since last request: 0.000060 seconds.
  path: Assets/UnityTechnologies/TowerDefenseTemplate/PostProcessing/Utilities/CustomMotionTexture/Materials/DebugQuad.mat
  artifactKey: Guid(3c40c8fdc50a841579d7cb15882ac9d9) Importer(2089858483,b0f066a214c2f5e87bad3c948f4d605d)
Start importing Assets/UnityTechnologies/TowerDefenseTemplate/PostProcessing/Utilities/CustomMotionTexture/Materials/DebugQuad.mat using Guid(3c40c8fdc50a841579d7cb15882ac9d9) Importer(2089858483,b0f066a214c2f5e87bad3c948f4d605d) (ScriptedImporter) -> (artifact id: '734c7ad7f6af359a739e0daed1aadf15') in 0.0139383 seconds
Number of updated asset objects reloaded before import = 0Number of asset objects unloaded after import = 2

========================================================================
Received Import Request.
  Time since last request: 0.000020 seconds.
  path: Assets/UnityTechnologies/TowerDefenseTemplate/Scripts/TowerDefense/UI/ExitButton.cs
  artifactKey: Guid(80d6a709a7df405ebdf57646ae0990be) Importer(2089858483,b0f066a214c2f5e87bad3c948f4d605d)
Start importing Assets/UnityTechnologies/TowerDefenseTemplate/Scripts/TowerDefense/UI/ExitButton.cs using Guid(80d6a709a7df405ebdf57646ae0990be) Importer(2089858483,b0f066a214c2f5e87bad3c948f4d605d) (ScriptedImporter) -> (artifact id: '5fb6f25943c7235954136a5193453f28') in 0.0124992 seconds
Number of updated asset objects reloaded before import = 0Number of asset objects unloaded after import = 0

========================================================================
Received Import Request.
  Time since last request: 0.000071 seconds.
  path: Assets/UnityTechnologies/TowerDefenseTemplate/Scripts/TowerDefense/Towers/ILauncher.cs
  artifactKey: Guid(0d97440d35e443e3be0801643e68a3cd) Importer(2089858483,b0f066a214c2f5e87bad3c948f4d605d)
Start importing Assets/UnityTechnologies/TowerDefenseTemplate/Scripts/TowerDefense/Towers/ILauncher.cs using Guid(0d97440d35e443e3be0801643e68a3cd) Importer(2089858483,b0f066a214c2f5e87bad3c948f4d605d) (ScriptedImporter) -> (artifact id: '8e577434470ec14e4e4fceb1541fd8ec') in 0.0155909 seconds
Number of updated asset objects reloaded before import = 0Number of asset objects unloaded after import = 0

========================================================================
Received Import Request.
  Time since last request: 0.000080 seconds.
  path: Assets/UnityTechnologies/TowerDefenseTemplate/Scripts/TowerDefense/UI/RadiusVisualizerController.cs
  artifactKey: Guid(15965ddbc95ad4c9285a5b8dd39f3e4e) Importer(2089858483,b0f066a214c2f5e87bad3c948f4d605d)
Start importing Assets/UnityTechnologies/TowerDefenseTemplate/Scripts/TowerDefense/UI/RadiusVisualizerController.cs using Guid(15965ddbc95ad4c9285a5b8dd39f3e4e) Importer(2089858483,b0f066a214c2f5e87bad3c948f4d605d) (ScriptedImporter) -> (artifact id: '8169ee89a5724a35e9df898fdc4b4a4f') in 0.0105078 seconds
Number of updated asset objects reloaded before import = 0Number of asset objects unloaded after import = 0

========================================================================
Received Import Request.
  Time since last request: 0.000091 seconds.
  path: Assets/UnityTechnologies/TowerDefenseTemplate/PostProcessing/Utilities/CustomMotionTexture/Models/WheelMovecs.FBX
  artifactKey: Guid(c4abfbff3b9d442f4b435849d2d2124c) Importer(2089858483,b0f066a214c2f5e87bad3c948f4d605d)
Start importing Assets/UnityTechnologies/TowerDefenseTemplate/PostProcessing/Utilities/CustomMotionTexture/Models/WheelMovecs.FBX using Guid(c4abfbff3b9d442f4b435849d2d2124c) Importer(2089858483,b0f066a214c2f5e87bad3c948f4d605d) (ScriptedImporter) -> (artifact id: 'b031200bf2a390e4d2c1dcef7d0f7930') in 0.0174838 seconds
Number of updated asset objects reloaded before import = 0Number of asset objects unloaded after import = 9

========================================================================
Received Import Request.
  Time since last request: 0.000019 seconds.
  path: Assets/UnityTechnologies/TowerDefenseTemplate/Scripts/TowerDefense/UI/UrlOpen.cs
  artifactKey: Guid(5424df9f684748688f21c32dc4e62514) Importer(2089858483,b0f066a214c2f5e87bad3c948f4d605d)
Start importing Assets/UnityTechnologies/TowerDefenseTemplate/Scripts/TowerDefense/UI/UrlOpen.cs using Guid(5424df9f684748688f21c32dc4e62514) Importer(2089858483,b0f066a214c2f5e87bad3c948f4d605d) (ScriptedImporter) -> (artifact id: '04b91940afae634153cc3b8ef0f6a5ee') in 0.0110202 seconds
Number of updated asset objects reloaded before import = 0Number of asset objects unloaded after import = 0

========================================================================
Received Import Request.
  Time since last request: 0.000089 seconds.
  path: Assets/UnityTechnologies/TowerDefenseTemplate/Scripts/TowerDefense/UI/EndGameScreen.cs
  artifactKey: Guid(90b8a68ca7b1748639823a13a9837bd4) Importer(2089858483,b0f066a214c2f5e87bad3c948f4d605d)
Start importing Assets/UnityTechnologies/TowerDefenseTemplate/Scripts/TowerDefense/UI/EndGameScreen.cs using Guid(90b8a68ca7b1748639823a13a9837bd4) Importer(2089858483,b0f066a214c2f5e87bad3c948f4d605d) (ScriptedImporter) -> (artifact id: '29cd88c9d4b9c9ee573f96474958f21b') in 0.0145304 seconds
Number of updated asset objects reloaded before import = 0Number of asset objects unloaded after import = 0

========================================================================
Received Import Request.
  Time since last request: 0.000073 seconds.
  path: Assets/UnityTechnologies/TowerDefenseTemplate/Scripts/TowerDefense/UI/HUD/TowerPlacementGhost.cs
  artifactKey: Guid(9b93acb82b2747678354bf447745c61f) Importer(2089858483,b0f066a214c2f5e87bad3c948f4d605d)
Start importing Assets/UnityTechnologies/TowerDefenseTemplate/Scripts/TowerDefense/UI/HUD/TowerPlacementGhost.cs using Guid(9b93acb82b2747678354bf447745c61f) Importer(2089858483,b0f066a214c2f5e87bad3c948f4d605d) (ScriptedImporter) -> (artifact id: 'e1e49e9d7f3d61536287163856091b35') in 0.0108321 seconds
Number of updated asset objects reloaded before import = 0Number of asset objects unloaded after import = 0

========================================================================
Received Import Request.
  Time since last request: 0.000052 seconds.
  path: Assets/UnityTechnologies/TowerDefenseTemplate/Scripts/TowerDefense/Targetting/Editor/TargetterEditor.cs
  artifactKey: Guid(212cd7c0df1454a81b688117a17964a7) Importer(2089858483,b0f066a214c2f5e87bad3c948f4d605d)
Start importing Assets/UnityTechnologies/TowerDefenseTemplate/Scripts/TowerDefense/Targetting/Editor/TargetterEditor.cs using Guid(212cd7c0df1454a81b688117a17964a7) Importer(2089858483,b0f066a214c2f5e87bad3c948f4d605d) (ScriptedImporter) -> (artifact id: '171338c203fb9e56ba892b67961eda84') in 0.0098379 seconds
Number of updated asset objects reloaded before import = 0Number of asset objects unloaded after import = 0

========================================================================
Received Import Request.
  Time since last request: 0.000036 seconds.
  path: Assets/UnityTechnologies/TowerDefenseTemplate/Scripts/TowerDefense/UI/HUD/PlayerBaseHealth.cs
  artifactKey: Guid(9ba55350ea35462ca0c4acd167b34dae) Importer(2089858483,b0f066a214c2f5e87bad3c948f4d605d)
Start importing Assets/UnityTechnologies/TowerDefenseTemplate/Scripts/TowerDefense/UI/HUD/PlayerBaseHealth.cs using Guid(9ba55350ea35462ca0c4acd167b34dae) Importer(2089858483,b0f066a214c2f5e87bad3c948f4d605d) (ScriptedImporter) -> (artifact id: '7e6815e390c59036bcaed41c4712b189') in 0.0113165 seconds
Number of updated asset objects reloaded before import = 0Number of asset objects unloaded after import = 0

========================================================================
Received Import Request.
  Time since last request: 0.000038 seconds.
  path: Assets/UnityTechnologies/TowerDefenseTemplate/Scripts/TowerDefense/Towers/Placement/IPlacementArea.cs
  artifactKey: Guid(0a08c123ccbe46cebdf39046112acf91) Importer(2089858483,b0f066a214c2f5e87bad3c948f4d605d)
Start importing Assets/UnityTechnologies/TowerDefenseTemplate/Scripts/TowerDefense/Towers/Placement/IPlacementArea.cs using Guid(0a08c123ccbe46cebdf39046112acf91) Importer(2089858483,b0f066a214c2f5e87bad3c948f4d605d) (ScriptedImporter) -> (artifact id: 'cb887a9076f4b22c80e03cac69eb5d88') in 0.0130554 seconds
Number of updated asset objects reloaded before import = 0Number of asset objects unloaded after import = 0

========================================================================
Received Import Request.
  Time since last request: 0.000072 seconds.
  path: Assets/UnityTechnologies/TowerDefenseTemplate/Scripts/TowerDefense/UI/HUD/CurrencyUI.cs
  artifactKey: Guid(5325b61d803c4d32a3d2a449cff892d8) Importer(2089858483,b0f066a214c2f5e87bad3c948f4d605d)
Start importing Assets/UnityTechnologies/TowerDefenseTemplate/Scripts/TowerDefense/UI/HUD/CurrencyUI.cs using Guid(5325b61d803c4d32a3d2a449cff892d8) Importer(2089858483,b0f066a214c2f5e87bad3c948f4d605d) (ScriptedImporter) -> (artifact id: '4c2a3e325f046bf20972fb412ee6da66') in 0.0106424 seconds
Number of updated asset objects reloaded before import = 0Number of asset objects unloaded after import = 0

========================================================================
Received Import Request.
  Time since last request: 0.000059 seconds.
  path: Assets/UnityTechnologies/TowerDefenseTemplate/Scripts/TowerDefense/Level/WaveManager.cs
  artifactKey: Guid(d0f6b517889714918b16fb770dc1db77) Importer(2089858483,b0f066a214c2f5e87bad3c948f4d605d)
Start importing Assets/UnityTechnologies/TowerDefenseTemplate/Scripts/TowerDefense/Level/WaveManager.cs using Guid(d0f6b517889714918b16fb770dc1db77) Importer(2089858483,b0f066a214c2f5e87bad3c948f4d605d) (ScriptedImporter) -> (artifact id: 'f2981153ffc36a8ace63301ee3885062') in 0.0099444 seconds
Number of updated asset objects reloaded before import = 0Number of asset objects unloaded after import = 0

========================================================================
Received Import Request.
  Time since last request: 0.000124 seconds.
  path: Assets/UnityTechnologies/TowerDefenseTemplate/Scripts/TowerDefense/Level/Wave.cs
  artifactKey: Guid(3e163b44e2cbd43b1b9d9b55ed78cca0) Importer(2089858483,b0f066a214c2f5e87bad3c948f4d605d)
Start importing Assets/UnityTechnologies/TowerDefenseTemplate/Scripts/TowerDefense/Level/Wave.cs using Guid(3e163b44e2cbd43b1b9d9b55ed78cca0) Importer(2089858483,b0f066a214c2f5e87bad3c948f4d605d) (ScriptedImporter) -> (artifact id: 'b8163adfd38d0a4554a3d2a4a01c3caf') in 0.0116229 seconds
Number of updated asset objects reloaded before import = 0Number of asset objects unloaded after import = 0

========================================================================
Received Import Request.
  Time since last request: 0.000153 seconds.
  path: Assets/UnityTechnologies/TowerDefenseTemplate/PostProcessing/Utilities/CustomMotionTexture/Materials/WheelMotionVectors.mat
  artifactKey: Guid(055f7217f136349d9b68e82b9e987dae) Importer(2089858483,b0f066a214c2f5e87bad3c948f4d605d)
Start importing Assets/UnityTechnologies/TowerDefenseTemplate/PostProcessing/Utilities/CustomMotionTexture/Materials/WheelMotionVectors.mat using Guid(055f7217f136349d9b68e82b9e987dae) Importer(2089858483,b0f066a214c2f5e87bad3c948f4d605d) (ScriptedImporter) -> (artifact id: '061d56de3dec3df28a5df6e8d37889fa') in 0.0132521 seconds
Number of updated asset objects reloaded before import = 0Number of asset objects unloaded after import = 2

========================================================================
Received Import Request.
  Time since last request: 0.000026 seconds.
  path: Assets/UnityTechnologies/TowerDefenseTemplate/PostProcessing/Utilities/CustomMotionTexture/Textures/WheelMotionVectors.png
  artifactKey: Guid(d1cc06458fe724df8837423c0a2f8f93) Importer(2089858483,b0f066a214c2f5e87bad3c948f4d605d)
Start importing Assets/UnityTechnologies/TowerDefenseTemplate/PostProcessing/Utilities/CustomMotionTexture/Textures/WheelMotionVectors.png using Guid(d1cc06458fe724df8837423c0a2f8f93) Importer(2089858483,b0f066a214c2f5e87bad3c948f4d605d) (ScriptedImporter) -> (artifact id: '4e7510fc28ea0110957689a5b2c4fe0d') in 0.0187395 seconds
Number of updated asset objects reloaded before import = 0Number of asset objects unloaded after import = 1

========================================================================
Received Import Request.
  Time since last request: 0.000204 seconds.
  path: Assets/UnityTechnologies/TowerDefenseTemplate/Scenes/Levels/Level3/Level3/Lightmap-0_comp_dir.png
  artifactKey: Guid(9ead20c40de584701bf696c4d936b9d3) Importer(2089858483,b0f066a214c2f5e87bad3c948f4d605d)
Start importing Assets/UnityTechnologies/TowerDefenseTemplate/Scenes/Levels/Level3/Level3/Lightmap-0_comp_dir.png using Guid(9ead20c40de584701bf696c4d936b9d3) Importer(2089858483,b0f066a214c2f5e87bad3c948f4d605d) (ScriptedImporter) -> (artifact id: 'd1d05d3d99521da9f7c1a90c1be30c74') in 0.0602173 seconds
Number of updated asset objects reloaded before import = 0Number of asset objects unloaded after import = 1

========================================================================
Received Import Request.
  Time since last request: 0.000046 seconds.
  path: Assets/UnityTechnologies/TowerDefenseTemplate/Scripts/TowerDefense/Level/TimedWave.cs
  artifactKey: Guid(e9dbbe0a9162d4ea08b6fb9ee3a23ade) Importer(2089858483,b0f066a214c2f5e87bad3c948f4d605d)
Start importing Assets/UnityTechnologies/TowerDefenseTemplate/Scripts/TowerDefense/Level/TimedWave.cs using Guid(e9dbbe0a9162d4ea08b6fb9ee3a23ade) Importer(2089858483,b0f066a214c2f5e87bad3c948f4d605d) (ScriptedImporter) -> (artifact id: 'e568314af2c6a1dd00f73ba98ce3bcc8') in 0.0182729 seconds
Number of updated asset objects reloaded before import = 0Number of asset objects unloaded after import = 0

========================================================================
Received Import Request.
  Time since last request: 0.000026 seconds.
  path: Assets/UnityTechnologies/TowerDefenseTemplate/Scenes/Levels/Level4/Level4/ReflectionProbe-0.exr
  artifactKey: Guid(2aad9d23ccf4d4ac0949ddc78d8a944f) Importer(2089858483,b0f066a214c2f5e87bad3c948f4d605d)
Start importing Assets/UnityTechnologies/TowerDefenseTemplate/Scenes/Levels/Level4/Level4/ReflectionProbe-0.exr using Guid(2aad9d23ccf4d4ac0949ddc78d8a944f) Importer(2089858483,b0f066a214c2f5e87bad3c948f4d605d) (ScriptedImporter) -> (artifact id: '761a2c50ecef2029e568e0b2e68a2a24') in 0.0231508 seconds
Number of updated asset objects reloaded before import = 0Number of asset objects unloaded after import = 1

========================================================================
Received Import Request.
  Time since last request: 0.000074 seconds.
  path: Assets/UnityTechnologies/TowerDefenseTemplate/Audio/SFX/Towers/MachineGun/MG 6.wav
  artifactKey: Guid(c44a398ac1bfe4fa79c75b96bebddd6a) Importer(2089858483,b0f066a214c2f5e87bad3c948f4d605d)
Start importing Assets/UnityTechnologies/TowerDefenseTemplate/Audio/SFX/Towers/MachineGun/MG 6.wav using Guid(c44a398ac1bfe4fa79c75b96bebddd6a) Importer(2089858483,b0f066a214c2f5e87bad3c948f4d605d) (ScriptedImporter) -> (artifact id: '14f0b8c1d5926474b0d775ade722d842') in 0.0232879 seconds
Number of updated asset objects reloaded before import = 0Number of asset objects unloaded after import = 1

========================================================================
Received Import Request.
  Time since last request: 0.000044 seconds.
  path: Assets/UnityTechnologies/TowerDefenseTemplate/Scenes/Levels/Level4/Level4/LightingData.asset
  artifactKey: Guid(c4328e203dd114a27b40ce21db0f5619) Importer(2089858483,b0f066a214c2f5e87bad3c948f4d605d)
Start importing Assets/UnityTechnologies/TowerDefenseTemplate/Scenes/Levels/Level4/Level4/LightingData.asset using Guid(c4328e203dd114a27b40ce21db0f5619) Importer(2089858483,b0f066a214c2f5e87bad3c948f4d605d) (ScriptedImporter) -> (artifact id: 'fe7845ff355d570608b2410d6b6faf17') in 0.0133944 seconds
Number of updated asset objects reloaded before import = 0Number of asset objects unloaded after import = 2

========================================================================
Received Import Request.
  Time since last request: 0.000024 seconds.
  path: Assets/UnityTechnologies/TowerDefenseTemplate/Audio/SFX/Towers/MachineGun/MG 11.wav
  artifactKey: Guid(3b5fc9b92d19541449a6b6ab388a7ffa) Importer(2089858483,b0f066a214c2f5e87bad3c948f4d605d)
Start importing Assets/UnityTechnologies/TowerDefenseTemplate/Audio/SFX/Towers/MachineGun/MG 11.wav using Guid(3b5fc9b92d19541449a6b6ab388a7ffa) Importer(2089858483,b0f066a214c2f5e87bad3c948f4d605d) (ScriptedImporter) -> (artifact id: '2f0456ac1bf5ddf5d372943c3f75c1eb') in 0.0190258 seconds
Number of updated asset objects reloaded before import = 0Number of asset objects unloaded after import = 1

========================================================================
Received Import Request.
  Time since last request: 0.000016 seconds.
  path: Assets/UnityTechnologies/TowerDefenseTemplate/PostProcessing/Utilities/CustomMotionTexture/Textures/DebugMotionVectors.png
  artifactKey: Guid(3aac3087967ea4fae858ec0494fd24d9) Importer(2089858483,b0f066a214c2f5e87bad3c948f4d605d)
Start importing Assets/UnityTechnologies/TowerDefenseTemplate/PostProcessing/Utilities/CustomMotionTexture/Textures/DebugMotionVectors.png using Guid(3aac3087967ea4fae858ec0494fd24d9) Importer(2089858483,b0f066a214c2f5e87bad3c948f4d605d) (ScriptedImporter) -> (artifact id: '714b132f438495abee1413b85e2bdd8d') in 0.0146244 seconds
Number of updated asset objects reloaded before import = 0Number of asset objects unloaded after import = 1

========================================================================
Received Import Request.
  Time since last request: 0.000043 seconds.
  path: Assets/UnityTechnologies/TowerDefenseTemplate/Scripts/TowerDefense/Towers/Projectiles/HitscanAttack.cs
  artifactKey: Guid(3e88b5a37d2f4bc1ad6d6414117ed141) Importer(2089858483,b0f066a214c2f5e87bad3c948f4d605d)
Start importing Assets/UnityTechnologies/TowerDefenseTemplate/Scripts/TowerDefense/Towers/Projectiles/HitscanAttack.cs using Guid(3e88b5a37d2f4bc1ad6d6414117ed141) Importer(2089858483,b0f066a214c2f5e87bad3c948f4d605d) (ScriptedImporter) -> (artifact id: '27e6dd991acad7cde81e8d8b9783a5f0') in 0.011093 seconds
Number of updated asset objects reloaded before import = 0Number of asset objects unloaded after import = 0

========================================================================
Received Import Request.
  Time since last request: 0.000065 seconds.
  path: Assets/UnityTechnologies/TowerDefenseTemplate/Scenes/Levels/Level3/Level3/LightingData.asset
  artifactKey: Guid(0c28fb69ce16f4c178f21aa176ae9851) Importer(2089858483,b0f066a214c2f5e87bad3c948f4d605d)
Start importing Assets/UnityTechnologies/TowerDefenseTemplate/Scenes/Levels/Level3/Level3/LightingData.asset using Guid(0c28fb69ce16f4c178f21aa176ae9851) Importer(2089858483,b0f066a214c2f5e87bad3c948f4d605d) (ScriptedImporter) -> (artifact id: '079be33a7f7719002c30fb6700bd46f3') in 0.0137121 seconds
Number of updated asset objects reloaded before import = 0Number of asset objects unloaded after import = 2

========================================================================
Received Import Request.
  Time since last request: 0.000023 seconds.
  path: Assets/UnityTechnologies/TowerDefenseTemplate/Models/Towers/Laser/Materials/LaserTower_L01_Albedo_V001.mat
  artifactKey: Guid(e97894936c58c3646aa5225b0ab9520a) Importer(2089858483,b0f066a214c2f5e87bad3c948f4d605d)
Start importing Assets/UnityTechnologies/TowerDefenseTemplate/Models/Towers/Laser/Materials/LaserTower_L01_Albedo_V001.mat using Guid(e97894936c58c3646aa5225b0ab9520a) Importer(2089858483,b0f066a214c2f5e87bad3c948f4d605d) (ScriptedImporter) -> (artifact id: 'be0565a22ca58045f656d75bb66939c9') in 0.0132984 seconds
Number of updated asset objects reloaded before import = 0Number of asset objects unloaded after import = 1

========================================================================
Received Import Request.
  Time since last request: 0.000040 seconds.
  path: Assets/UnityTechnologies/TowerDefenseTemplate/Scripts/TowerDefense/UI/HUD/WaveUI.cs
  artifactKey: Guid(3eb0cbf6d1d5420b91ef259cc18a6c0f) Importer(2089858483,b0f066a214c2f5e87bad3c948f4d605d)
Start importing Assets/UnityTechnologies/TowerDefenseTemplate/Scripts/TowerDefense/UI/HUD/WaveUI.cs using Guid(3eb0cbf6d1d5420b91ef259cc18a6c0f) Importer(2089858483,b0f066a214c2f5e87bad3c948f4d605d) (ScriptedImporter) -> (artifact id: 'e486cac21935a71f0a2c9c623f5f95e7') in 0.0121723 seconds
Number of updated asset objects reloaded before import = 0Number of asset objects unloaded after import = 0

========================================================================
Received Import Request.
  Time since last request: 0.000068 seconds.
  path: Assets/UnityTechnologies/TowerDefenseTemplate/Scripts/TowerDefense/UI/HUD/GameUI.cs
  artifactKey: Guid(6d14ac7f3a784ccc8759eb93dd7be791) Importer(2089858483,b0f066a214c2f5e87bad3c948f4d605d)
Start importing Assets/UnityTechnologies/TowerDefenseTemplate/Scripts/TowerDefense/UI/HUD/GameUI.cs using Guid(6d14ac7f3a784ccc8759eb93dd7be791) Importer(2089858483,b0f066a214c2f5e87bad3c948f4d605d) (ScriptedImporter) -> (artifact id: 'e5f836ea0cdba5a6ec33f64535e279d4') in 0.0104108 seconds
Number of updated asset objects reloaded before import = 0Number of asset objects unloaded after import = 0

========================================================================
Received Import Request.
  Time since last request: 0.000039 seconds.
  path: Assets/UnityTechnologies/TowerDefenseTemplate/Scripts/TowerDefense/UI/HUD/BuildSidebar.cs
  artifactKey: Guid(a1d4062358baf445bb965574e686e7d6) Importer(2089858483,b0f066a214c2f5e87bad3c948f4d605d)
Start importing Assets/UnityTechnologies/TowerDefenseTemplate/Scripts/TowerDefense/UI/HUD/BuildSidebar.cs using Guid(a1d4062358baf445bb965574e686e7d6) Importer(2089858483,b0f066a214c2f5e87bad3c948f4d605d) (ScriptedImporter) -> (artifact id: 'ba7b5fbe4680bdac4bfdccb671544976') in 0.0102186 seconds
Number of updated asset objects reloaded before import = 0Number of asset objects unloaded after import = 0

========================================================================
Received Import Request.
  Time since last request: 0.000040 seconds.
  path: Assets/UnityTechnologies/TowerDefenseTemplate/Scenes/Levels/Level5/Level5/ReflectionProbe-0.exr
  artifactKey: Guid(38e441c6b8f3647338a980e3c3632514) Importer(2089858483,b0f066a214c2f5e87bad3c948f4d605d)
Start importing Assets/UnityTechnologies/TowerDefenseTemplate/Scenes/Levels/Level5/Level5/ReflectionProbe-0.exr using Guid(38e441c6b8f3647338a980e3c3632514) Importer(2089858483,b0f066a214c2f5e87bad3c948f4d605d) (ScriptedImporter) -> (artifact id: '593de2957bd7e552267b7645d1552d7d') in 0.0136876 seconds
Number of updated asset objects reloaded before import = 0Number of asset objects unloaded after import = 1

========================================================================
Received Import Request.
  Time since last request: 0.000142 seconds.
  path: Assets/UnityTechnologies/TowerDefenseTemplate/Scripts/TowerDefense/Towers/Placement/SingleTowerPlacementArea.cs
  artifactKey: Guid(17fbcc5a385a4c0398a25d0f3018c34a) Importer(2089858483,b0f066a214c2f5e87bad3c948f4d605d)
Start importing Assets/UnityTechnologies/TowerDefenseTemplate/Scripts/TowerDefense/Towers/Placement/SingleTowerPlacementArea.cs using Guid(17fbcc5a385a4c0398a25d0f3018c34a) Importer(2089858483,b0f066a214c2f5e87bad3c948f4d605d) (ScriptedImporter) -> (artifact id: 'a646702a75194800209f32c8b5fe54dd') in 0.0112235 seconds
Number of updated asset objects reloaded before import = 0Number of asset objects unloaded after import = 0

========================================================================
Received Import Request.
  Time since last request: 0.000054 seconds.
  path: Assets/UnityTechnologies/TowerDefenseTemplate/PostProcessing/Resources/Shaders/GrainGen.shader
  artifactKey: Guid(11852d1b1b034654bb03e7c8fda28fbf) Importer(2089858483,b0f066a214c2f5e87bad3c948f4d605d)
Start importing Assets/UnityTechnologies/TowerDefenseTemplate/PostProcessing/Resources/Shaders/GrainGen.shader using Guid(11852d1b1b034654bb03e7c8fda28fbf) Importer(2089858483,b0f066a214c2f5e87bad3c948f4d605d) (ScriptedImporter) -> (artifact id: 'fcb4b28610fbe2018cce45c879e35b60') in 0.0120737 seconds
Number of updated asset objects reloaded before import = 0Number of asset objects unloaded after import = 1

========================================================================
Received Import Request.
  Time since last request: 0.000015 seconds.
  path: Assets/UnityTechnologies/TowerDefenseTemplate/PostProcessing/Resources/Shaders/TAA.cginc
  artifactKey: Guid(241b7a6a033e9dc4da9d2595cef7f477) Importer(2089858483,b0f066a214c2f5e87bad3c948f4d605d)
Start importing Assets/UnityTechnologies/TowerDefenseTemplate/PostProcessing/Resources/Shaders/TAA.cginc using Guid(241b7a6a033e9dc4da9d2595cef7f477) Importer(2089858483,b0f066a214c2f5e87bad3c948f4d605d) (ScriptedImporter) -> (artifact id: 'd3c4acb85b9e560122828e618d7752fd') in 0.0107254 seconds
Number of updated asset objects reloaded before import = 0Number of asset objects unloaded after import = 1

========================================================================
Received Import Request.
  Time since last request: 0.000029 seconds.
  path: Assets/UnityTechnologies/TowerDefenseTemplate/Models/Levels/Road_Tile_NormalMap_V003.tiff
  artifactKey: Guid(777f93d3f41014072b87a1eadb929fdc) Importer(2089858483,b0f066a214c2f5e87bad3c948f4d605d)
Start importing Assets/UnityTechnologies/TowerDefenseTemplate/Models/Levels/Road_Tile_NormalMap_V003.tiff using Guid(777f93d3f41014072b87a1eadb929fdc) Importer(2089858483,b0f066a214c2f5e87bad3c948f4d605d) (ScriptedImporter) -> (artifact id: '63179ea2093520c88092cb0e84e787e4') in 0.0142594 seconds
Number of updated asset objects reloaded before import = 0Number of asset objects unloaded after import = 1

========================================================================
Received Import Request.
  Time since last request: 0.000040 seconds.
  path: Assets/UnityTechnologies/TowerDefenseTemplate/Particles/Textures/explosion_Spark_3.png
  artifactKey: Guid(8a63d33908cde4af1a45ebdde7141783) Importer(2089858483,b0f066a214c2f5e87bad3c948f4d605d)
Start importing Assets/UnityTechnologies/TowerDefenseTemplate/Particles/Textures/explosion_Spark_3.png using Guid(8a63d33908cde4af1a45ebdde7141783) Importer(2089858483,b0f066a214c2f5e87bad3c948f4d605d) (ScriptedImporter) -> (artifact id: 'b9d2e5996b0d4eacc63fc8ad96b62d3d') in 0.0141098 seconds
Number of updated asset objects reloaded before import = 0Number of asset objects unloaded after import = 1

========================================================================
Received Import Request.
  Time since last request: 0.000054 seconds.
  path: Assets/UnityTechnologies/TowerDefenseTemplate/PostProcessing/Runtime/Models/GrainModel.cs
  artifactKey: Guid(f4fbcdb7f7a3c76489f32ffea74e6bb3) Importer(2089858483,b0f066a214c2f5e87bad3c948f4d605d)
Start importing Assets/UnityTechnologies/TowerDefenseTemplate/PostProcessing/Runtime/Models/GrainModel.cs using Guid(f4fbcdb7f7a3c76489f32ffea74e6bb3) Importer(2089858483,b0f066a214c2f5e87bad3c948f4d605d) (ScriptedImporter) -> (artifact id: '2d305f5d5ca1d935086893de41663829') in 0.0107784 seconds
Number of updated asset objects reloaded before import = 0Number of asset objects unloaded after import = 0

========================================================================
Received Import Request.
  Time since last request: 0.000016 seconds.
  path: Assets/UnityTechnologies/TowerDefenseTemplate/PostProcessing/Resources/Shaders/AmbientOcclusion.cginc
  artifactKey: Guid(447591ee3d9d4204899be5fe25968ea0) Importer(2089858483,b0f066a214c2f5e87bad3c948f4d605d)
Start importing Assets/UnityTechnologies/TowerDefenseTemplate/PostProcessing/Resources/Shaders/AmbientOcclusion.cginc using Guid(447591ee3d9d4204899be5fe25968ea0) Importer(2089858483,b0f066a214c2f5e87bad3c948f4d605d) (ScriptedImporter) -> (artifact id: '9fd345ea1cf71bb4c5433721cd26f219') in 0.0095923 seconds
Number of updated asset objects reloaded before import = 0Number of asset objects unloaded after import = 1

========================================================================
Received Import Request.
  Time since last request: 0.000013 seconds.
  path: Assets/UnityTechnologies/TowerDefenseTemplate/Audio/SFX/Tower Destruction/Destruction 2.wav
  artifactKey: Guid(dadcd6f20f187487ca6d872956f98c7d) Importer(2089858483,b0f066a214c2f5e87bad3c948f4d605d)
Start importing Assets/UnityTechnologies/TowerDefenseTemplate/Audio/SFX/Tower Destruction/Destruction 2.wav using Guid(dadcd6f20f187487ca6d872956f98c7d) Importer(2089858483,b0f066a214c2f5e87bad3c948f4d605d) (ScriptedImporter) -> (artifact id: 'c4f1900c78f4f82a0374e17bbdc5bc63') in 0.0226305 seconds
Number of updated asset objects reloaded before import = 0Number of asset objects unloaded after import = 1

========================================================================
Received Import Request.
  Time since last request: 0.000031 seconds.
  path: Assets/UnityTechnologies/TowerDefenseTemplate/Models/Towers/SuperTower/SuperTower_Turret_Shadow.fbx
  artifactKey: Guid(8ed8f5d3949844de39683546c79c9723) Importer(2089858483,b0f066a214c2f5e87bad3c948f4d605d)
Start importing Assets/UnityTechnologies/TowerDefenseTemplate/Models/Towers/SuperTower/SuperTower_Turret_Shadow.fbx using Guid(8ed8f5d3949844de39683546c79c9723) Importer(2089858483,b0f066a214c2f5e87bad3c948f4d605d) (ScriptedImporter) -> (artifact id: 'cacd21cddb43295c834ab00b481158dc') in 0.0126926 seconds
Number of updated asset objects reloaded before import = 0Number of asset objects unloaded after import = 7

