[Licensing::Module] Trying to connect to existing licensing client channel...
Built from '6000.3/staging' branch; Version is '6000.3.2f1 (a9779f353c9b) revision 11106207'; Using compiler version '194234433'; Build Type 'Release'
[Licensing::IpcConnector] Successfully connected to: "LicenseClient-david" at "2026-01-20T11:15:19.4508263Z"
OS: 'Windows 11  (10.0.26200) 64bit Core' Language: 'en' Physical Memory: 8033 MB
BatchMode: 1, IsHumanControllingUs: 0, StartBugReporterOnCrash: 0, Is64bit: 1
Date: 2026-01-20T11:15:19Z

COMMAND LINE ARGUMENTS:
C:\Program Files\Unity\Hub\Editor\6000.3.2f1\Editor\Unity.exe
-adb2
-batchMode
-noUpm
-name
AssetImportWorker2
-projectPath
C:/Users/david/Documents/GitHub/PandPGame/Project Folder/Tower Defense Template
-logFile
Logs/AssetImportWorker2.log
-srvPort
61277
-job-worker-count
5
-background-job-worker-count
8
-gc-helper-count
1
-name
AssetImport
Successfully changed project path to: C:/Users/david/Documents/GitHub/PandPGame/Project Folder/Tower Defense Template
C:/Users/david/Documents/GitHub/PandPGame/Project Folder/Tower Defense Template
[UnityMemory] Configuration Parameters - Can be set up in boot.config
    "memorysetup-temp-allocator-size-nav-mesh-worker=65536"
    "memorysetup-temp-allocator-size-audio-worker=65536"
    "memorysetup-temp-allocator-size-gfx=262144"
    "memorysetup-allocator-temp-initial-block-size-main=262144"
    "memorysetup-allocator-temp-initial-block-size-worker=262144"
    "memorysetup-temp-allocator-size-background-worker=32768"
    "memorysetup-temp-allocator-size-job-worker=262144"
    "memorysetup-temp-allocator-size-preload-manager=33554432"
    "memorysetup-temp-allocator-size-gi-baking-worker=262144"
    "memorysetup-temp-allocator-size-gi-baking-worker=262144"
    "memorysetup-temp-allocator-size-gi-baking-worker=262144"
    "memorysetup-temp-allocator-size-gi-baking-worker=262144"
    "memorysetup-temp-allocator-size-gi-baking-worker=262144"
    "memorysetup-bucket-allocator-granularity=16"
    "memorysetup-bucket-allocator-bucket-count=8"
    "memorysetup-bucket-allocator-block-size=33554432"
    "memorysetup-bucket-allocator-block-count=8"
    "memorysetup-main-allocator-block-size=16777216"
    "memorysetup-thread-allocator-block-size=16777216"
    "memorysetup-gfx-main-allocator-block-size=16777216"
    "memorysetup-gfx-thread-allocator-block-size=16777216"
    "memorysetup-cache-allocator-block-size=4194304"
    "memorysetup-typetree-allocator-block-size=2097152"
    "memorysetup-profiler-bucket-allocator-granularity=16"
    "memorysetup-profiler-bucket-allocator-bucket-count=8"
    "memorysetup-profiler-bucket-allocator-block-size=33554432"
    "memorysetup-profiler-bucket-allocator-block-count=8"
    "memorysetup-profiler-allocator-block-size=16777216"
    "memorysetup-profiler-editor-allocator-block-size=1048576"
    "memorysetup-temp-allocator-size-main=16777216"
    "memorysetup-job-temp-allocator-block-size=2097152"
    "memorysetup-job-temp-allocator-block-size-background=1048576"
    "memorysetup-job-temp-allocator-reduction-small-platforms=262144"
    "memorysetup-temp-allocator-size-cloud-worker=32768"
Player connection [11552]  Target information:

Player connection [11552]  * "[IP] 192.168.1.77 [Port] 0 [Flags] 2 [Guid] 3442440062 [EditorId] 3442440062 [Version] 1048832 [Id] WindowsEditor(7,Qwerty) [Debug] 1 [PackageName] WindowsEditor [ProjectName] Editor" 

Player connection [11552]  * "[IP] 192.168.137.1 [Port] 0 [Flags] 2 [Guid] 3442440062 [EditorId] 3442440062 [Version] 1048832 [Id] WindowsEditor(7,Qwerty) [Debug] 1 [PackageName] WindowsEditor [ProjectName] Editor" 

Player connection [11552] Host joined multi-casting on [225.0.0.222:54997]...
Player connection [11552] Host joined alternative multi-casting on [225.0.0.222:34997]...
JobSystem: Creating JobQueue using job-worker-count value 5
Input System module state changed to: Initialized.
[Physics::Module] Initialized fallback backend.
[Physics::Module] Id: 0xdecafbad
Library Redirect Path: Library/
[Physics::Module] Selected backend.
[Physics::Module] Name: PhysX
[Physics::Module] Id: 0xf2b8ea05
[Physics::Module] SDK Version: 4.1.2
[Physics::Module] Integration Version: 1.0.0
[Physics::Module] Threading Mode: Multi-Threaded
Refreshing native plugins compatible for Editor in 0.00 ms, found 0 plugins.
Preloading 0 native plugins for Editor in 0.00 ms.
Initialize engine version: 6000.3.2f1 (a9779f353c9b)
[Subsystems] Discovering subsystems at path C:/Program Files/Unity/Hub/Editor/6000.3.2f1/Editor/Data/Resources/UnitySubsystems
[Subsystems] Discovering subsystems at path C:/Users/david/Documents/GitHub/PandPGame/Project Folder/Tower Defense Template/Assets
GfxDevice: creating device client; kGfxThreadingModeNonThreaded
Direct3D:
    Version:  Direct3D 11.0 [level 11.1]
    Renderer: NVIDIA GeForce RTX 3050 (ID=0x2507)
    Vendor:   NVIDIA
    VRAM:     8042 MB
    Driver:   32.0.15.6094
Initialize mono
Mono path[0] = 'C:/Program Files/Unity/Hub/Editor/6000.3.2f1/Editor/Data/Managed'
Mono path[1] = 'C:/Program Files/Unity/Hub/Editor/6000.3.2f1/Editor/Data/MonoBleedingEdge/lib/mono/unityjit-win32'
Mono config path = 'C:/Program Files/Unity/Hub/Editor/6000.3.2f1/Editor/Data/MonoBleedingEdge/etc'
Using monoOptions --debugger-agent=transport=dt_socket,embedding=1,server=y,suspend=n,address=127.0.0.1:56972
Begin MonoManager ReloadAssembly
Registering precompiled unity dll's ...
Register platform support module: C:/Program Files/Unity/Hub/Editor/6000.3.2f1/Editor/Data/PlaybackEngines/WindowsStandaloneSupport/UnityEditor.WindowsStandalone.Extensions.dll
Registered in 0.001770 seconds.
- Loaded All Assemblies, in  0.516 seconds
Native extension for WindowsStandalone target not found
Mono: successfully reloaded assembly
- Finished resetting the current domain, in  0.522 seconds
Domain Reload Profiling: 1035ms
	BeginReloadAssembly (200ms)
		ExecutionOrderSort (0ms)
		DisableScriptedObjects (0ms)
		BackupInstance (0ms)
		ReleaseScriptingObjects (0ms)
		CreateAndSetChildDomain (1ms)
	RebuildCommonClasses (44ms)
	RebuildNativeTypeToScriptingClass (14ms)
	initialDomainReloadingComplete (54ms)
	LoadAllAssembliesAndSetupDomain (202ms)
		LoadAssemblies (197ms)
		RebuildTransferFunctionScriptingTraits (0ms)
		AnalyzeDomain (199ms)
			TypeCache.Refresh (197ms)
				TypeCache.ScanAssembly (178ms)
			BuildScriptInfoCaches (0ms)
			ResolveRequiredComponents (0ms)
	FinalizeReload (522ms)
		ReleaseScriptCaches (0ms)
		RebuildScriptCaches (0ms)
		SetupLoadedEditorAssemblies (480ms)
			LogAssemblyErrors (0ms)
			InitializePlatformSupportModulesInManaged (48ms)
			SetLoadedEditorAssemblies (3ms)
			BeforeProcessingInitializeOnLoad (97ms)
			ProcessInitializeOnLoadAttributes (189ms)
			ProcessInitializeOnLoadMethodAttributes (143ms)
			AfterProcessingInitializeOnLoad (0ms)
			EditorAssembliesLoaded (0ms)
		ExecutionOrderSort2 (0ms)
		AwakeInstancesAfterBackupRestoration (0ms)
========================================================================
Worker process is ready to serve import requests
Import Worker Mode flag is 0x00
Begin MonoManager ReloadAssembly
[Licensing::Module] Licensing is not yet initialized.
[Licensing::Client] Handshaking with LicensingClient:
  Version:                 1.17.4+4293ba1
  Session Id:              758c5421b9f04014935dba72997380c1
  Correlation Id:          98b50fba5274dda1afe2897c7e8cac37
  External correlation Id: 4816398973134164922
  Machine Id:              A6CeyOrsppipM6dAshma+TUbWa8=
[Licensing::Module] Successfully connected to LicensingClient on channel: "LicenseClient-david" (connect: 0.00s, validation: 0.01s, handshake: 2.20s)
[Licensing::IpcConnector] Successfully connected to: "LicenseClient-david-notifications" at "2026-01-20T11:15:21.6655345Z"
[Licensing::Module] Licensing Background thread has ended after 2.21s
[Licensing::Module] Licensing is initialized (took 0.50s).
[Licensing::Client] Successfully resolved entitlement details
[Licensing::Module] License group:
  Id: F4-ND5K-8W28-C636-FXKJ-XXXX
  Product: Unity Personal
  Type: ULF
  Expiration: Unlimited
[Licensing::Module] License group:
  Id: 20066303095614-UnityPersXXXX
  Product: Unity Personal
  Type: Assigned
  Expiration: Unlimited
- Loaded All Assemblies, in  0.800 seconds
Refreshing native plugins compatible for Editor in 0.00 ms, found 0 plugins.
Native extension for WindowsStandalone target not found
Mono: successfully reloaded assembly
- Finished resetting the current domain, in  0.357 seconds
Domain Reload Profiling: 1156ms
	BeginReloadAssembly (707ms)
		ExecutionOrderSort (0ms)
		DisableScriptedObjects (6ms)
		BackupInstance (0ms)
		ReleaseScriptingObjects (0ms)
		CreateAndSetChildDomain (31ms)
	RebuildCommonClasses (47ms)
	RebuildNativeTypeToScriptingClass (11ms)
	initialDomainReloadingComplete (18ms)
	LoadAllAssembliesAndSetupDomain (15ms)
		LoadAssemblies (130ms)
		RebuildTransferFunctionScriptingTraits (0ms)
		AnalyzeDomain (11ms)
			TypeCache.Refresh (7ms)
				TypeCache.ScanAssembly (2ms)
			BuildScriptInfoCaches (1ms)
			ResolveRequiredComponents (0ms)
	FinalizeReload (358ms)
		ReleaseScriptCaches (0ms)
		RebuildScriptCaches (0ms)
		SetupLoadedEditorAssemblies (263ms)
			LogAssemblyErrors (0ms)
			InitializePlatformSupportModulesInManaged (2ms)
			SetLoadedEditorAssemblies (4ms)
			BeforeProcessingInitializeOnLoad (96ms)
			ProcessInitializeOnLoadAttributes (127ms)
			ProcessInitializeOnLoadMethodAttributes (29ms)
			AfterProcessingInitializeOnLoad (5ms)
			EditorAssembliesLoaded (0ms)
		ExecutionOrderSort2 (0ms)
		AwakeInstancesAfterBackupRestoration (7ms)
Launched and connected shader compiler UnityShaderCompiler.exe after 0.02 seconds
Refreshing native plugins compatible for Editor in 0.00 ms, found 0 plugins.
Preloading 0 native plugins for Editor in 0.00 ms.
Unloading 4 Unused Serialized files (Serialized files now loaded: 0)
Unloading 322 unused Assets / (336.5 KB). Loaded Objects now: 931.
Memory consumption went from 68.9 MB to 68.5 MB.
Total: 7.366700 ms (FindLiveObjects: 0.165200 ms CreateObjectMapping: 0.027600 ms MarkObjects: 6.812000 ms  DeleteObjects: 0.360500 ms)

========================================================================
Received Import Request.
  Time since last request: 47785.107781 seconds.
  path: Assets/UnityTechnologies/TowerDefenseTemplate/Data/Levels/LevelList.asset
  artifactKey: Guid(bd74d68ece99a42fe8d32a39ff8e7949) Importer(2089858483,b0f066a214c2f5e87bad3c948f4d605d)
Start importing Assets/UnityTechnologies/TowerDefenseTemplate/Data/Levels/LevelList.asset using Guid(bd74d68ece99a42fe8d32a39ff8e7949) Importer(2089858483,b0f066a214c2f5e87bad3c948f4d605d) (ScriptedImporter) -> (artifact id: '24e2e568ce0e84fdd93cbd707ddfd913') in 0.1077241 seconds
Number of updated asset objects reloaded before import = 0Number of asset objects unloaded after import = 1

========================================================================
Received Import Request.
  Time since last request: 0.000023 seconds.
  path: Assets/UnityTechnologies/TowerDefenseTemplate/Data/Agents/Hovercopter.asset
  artifactKey: Guid(f288f6c0804db40c393d7c70b6cca646) Importer(2089858483,b0f066a214c2f5e87bad3c948f4d605d)
Start importing Assets/UnityTechnologies/TowerDefenseTemplate/Data/Agents/Hovercopter.asset using Guid(f288f6c0804db40c393d7c70b6cca646) Importer(2089858483,b0f066a214c2f5e87bad3c948f4d605d) (ScriptedImporter) -> (artifact id: '5fd9bcb57d74c95b7c9e3ad44d1ec83b') in 0.0205419 seconds
Number of updated asset objects reloaded before import = 0Number of asset objects unloaded after import = 1

========================================================================
Received Import Request.
  Time since last request: 0.000030 seconds.
  path: Assets/UnityTechnologies/TowerDefenseTemplate/UI/icon_restart.png
  artifactKey: Guid(192535fb7c11042b7982f930f099f426) Importer(2089858483,b0f066a214c2f5e87bad3c948f4d605d)
Start importing Assets/UnityTechnologies/TowerDefenseTemplate/UI/icon_restart.png using Guid(192535fb7c11042b7982f930f099f426) Importer(2089858483,b0f066a214c2f5e87bad3c948f4d605d) (ScriptedImporter) -> (artifact id: '3fdcb39b61920a4436970673675be398') in 0.1365824 seconds
Number of updated asset objects reloaded before import = 0Number of asset objects unloaded after import = 3

========================================================================
Received Import Request.
  Time since last request: 0.000035 seconds.
  path: Assets/UnityTechnologies/TowerDefenseTemplate/UI/icon_energy.png
  artifactKey: Guid(3568b996ada474c18bb75841d1116d7e) Importer(2089858483,b0f066a214c2f5e87bad3c948f4d605d)
Start importing Assets/UnityTechnologies/TowerDefenseTemplate/UI/icon_energy.png using Guid(3568b996ada474c18bb75841d1116d7e) Importer(2089858483,b0f066a214c2f5e87bad3c948f4d605d) (ScriptedImporter) -> (artifact id: 'ae4853626199b3558d0f3f7cb422b3ce') in 0.0290918 seconds
Number of updated asset objects reloaded before import = 0Number of asset objects unloaded after import = 3

========================================================================
Received Import Request.
  Time since last request: 0.000034 seconds.
  path: Assets/UnityTechnologies/TowerDefenseTemplate/Data/Tower/MachineGun3.asset
  artifactKey: Guid(93dd4e6472af64186a96aca626aeb5b7) Importer(2089858483,b0f066a214c2f5e87bad3c948f4d605d)
Start importing Assets/UnityTechnologies/TowerDefenseTemplate/Data/Tower/MachineGun3.asset using Guid(93dd4e6472af64186a96aca626aeb5b7) Importer(2089858483,b0f066a214c2f5e87bad3c948f4d605d) (ScriptedImporter) -> (artifact id: '600b08ad4ec2b1aae679dfb6d3c50aff') in 0.0227018 seconds
Number of updated asset objects reloaded before import = 0Number of asset objects unloaded after import = 1

========================================================================
Received Import Request.
  Time since last request: 0.000036 seconds.
  path: Assets/UnityTechnologies/TowerDefenseTemplate/UI/square_white.png
  artifactKey: Guid(1c3e0a2d60151454385f46320f6c0e43) Importer(2089858483,b0f066a214c2f5e87bad3c948f4d605d)
Start importing Assets/UnityTechnologies/TowerDefenseTemplate/UI/square_white.png using Guid(1c3e0a2d60151454385f46320f6c0e43) Importer(2089858483,b0f066a214c2f5e87bad3c948f4d605d) (ScriptedImporter) -> (artifact id: '8324f5cc2860996afce66e05c2d707ce') in 0.0295755 seconds
Number of updated asset objects reloaded before import = 0Number of asset objects unloaded after import = 3

========================================================================
Received Import Request.
  Time since last request: 0.000028 seconds.
  path: Assets/UnityTechnologies/TowerDefenseTemplate/Data/Tower/SuperTower.asset
  artifactKey: Guid(ad419182a62d8451880b3a85b8abdd07) Importer(2089858483,b0f066a214c2f5e87bad3c948f4d605d)
Start importing Assets/UnityTechnologies/TowerDefenseTemplate/Data/Tower/SuperTower.asset using Guid(ad419182a62d8451880b3a85b8abdd07) Importer(2089858483,b0f066a214c2f5e87bad3c948f4d605d) (ScriptedImporter) -> (artifact id: '98faa46797f6de1f6b419ec355e56f61') in 0.0185693 seconds
Number of updated asset objects reloaded before import = 0Number of asset objects unloaded after import = 1

========================================================================
Received Import Request.
  Time since last request: 0.000032 seconds.
  path: Assets/UnityTechnologies/TowerDefenseTemplate/Data/Tower/MachineGun1.asset
  artifactKey: Guid(67687baaef809441e8b698087793fe51) Importer(2089858483,b0f066a214c2f5e87bad3c948f4d605d)
Start importing Assets/UnityTechnologies/TowerDefenseTemplate/Data/Tower/MachineGun1.asset using Guid(67687baaef809441e8b698087793fe51) Importer(2089858483,b0f066a214c2f5e87bad3c948f4d605d) (ScriptedImporter) -> (artifact id: '89258119c2f5c3d10d94ece80c5eca7e') in 0.015096 seconds
Number of updated asset objects reloaded before import = 0Number of asset objects unloaded after import = 1

========================================================================
Received Import Request.
  Time since last request: 0.000053 seconds.
  path: Assets/UnityTechnologies/TowerDefenseTemplate/Gizmos/build_zone.png
  artifactKey: Guid(1db3ad284e98244f5a6dffd2fee0c176) Importer(2089858483,b0f066a214c2f5e87bad3c948f4d605d)
Start importing Assets/UnityTechnologies/TowerDefenseTemplate/Gizmos/build_zone.png using Guid(1db3ad284e98244f5a6dffd2fee0c176) Importer(2089858483,b0f066a214c2f5e87bad3c948f4d605d) (ScriptedImporter) -> (artifact id: 'e0ecefd3601d553a1755523ec22d9d51') in 0.0164393 seconds
Number of updated asset objects reloaded before import = 0Number of asset objects unloaded after import = 3

========================================================================
Received Import Request.
  Time since last request: 0.000021 seconds.
  path: Assets/UnityTechnologies/TowerDefenseTemplate/Fonts/Roboto/Roboto-Regular.ttf
  artifactKey: Guid(acf4716a8fa254a2589ba008c867a3bc) Importer(2089858483,b0f066a214c2f5e87bad3c948f4d605d)
Start importing Assets/UnityTechnologies/TowerDefenseTemplate/Fonts/Roboto/Roboto-Regular.ttf using Guid(acf4716a8fa254a2589ba008c867a3bc) Importer(2089858483,b0f066a214c2f5e87bad3c948f4d605d) (ScriptedImporter) -> (artifact id: '3255cf11f5e96250255d32d4fd9a86ad') in 0.027954 seconds
Number of updated asset objects reloaded before import = 0Number of asset objects unloaded after import = 3

========================================================================
Received Import Request.
  Time since last request: 0.000027 seconds.
  path: Assets/UnityTechnologies/TowerDefenseTemplate/Audio/SFX/Weapon Placement 1.wav
  artifactKey: Guid(9e8f3edaab6574afa99416a6ec7b5250) Importer(2089858483,b0f066a214c2f5e87bad3c948f4d605d)
Start importing Assets/UnityTechnologies/TowerDefenseTemplate/Audio/SFX/Weapon Placement 1.wav using Guid(9e8f3edaab6574afa99416a6ec7b5250) Importer(2089858483,b0f066a214c2f5e87bad3c948f4d605d) (ScriptedImporter) -> (artifact id: '71e54461a50ac192d7f893b2d40285bb') in 0.0274759 seconds
Number of updated asset objects reloaded before import = 0Number of asset objects unloaded after import = 1

========================================================================
Received Import Request.
  Time since last request: 0.000028 seconds.
  path: Assets/UnityTechnologies/TowerDefenseTemplate/UI/unity-logo-white-rgb.png
  artifactKey: Guid(d221906debfb0484b886388aeee3646b) Importer(2089858483,b0f066a214c2f5e87bad3c948f4d605d)
Start importing Assets/UnityTechnologies/TowerDefenseTemplate/UI/unity-logo-white-rgb.png using Guid(d221906debfb0484b886388aeee3646b) Importer(2089858483,b0f066a214c2f5e87bad3c948f4d605d) (ScriptedImporter) -> (artifact id: '2fbda36bb4cef96165137df56963629c') in 0.0249894 seconds
Number of updated asset objects reloaded before import = 0Number of asset objects unloaded after import = 3

========================================================================
Received Import Request.
  Time since last request: 0.000021 seconds.
  path: Assets/UnityTechnologies/TowerDefenseTemplate/Data/Agents/Super Hovertank.asset
  artifactKey: Guid(044f0f5c89b974431b9cb2861bd22375) Importer(2089858483,b0f066a214c2f5e87bad3c948f4d605d)
Start importing Assets/UnityTechnologies/TowerDefenseTemplate/Data/Agents/Super Hovertank.asset using Guid(044f0f5c89b974431b9cb2861bd22375) Importer(2089858483,b0f066a214c2f5e87bad3c948f4d605d) (ScriptedImporter) -> (artifact id: '80dc7aeb11aee4920c809fc5029a0cb8') in 0.0136205 seconds
Number of updated asset objects reloaded before import = 0Number of asset objects unloaded after import = 1

========================================================================
Received Import Request.
  Time since last request: 0.000017 seconds.
  path: Assets/UnityTechnologies/TowerDefenseTemplate/Data/Tower/Pylon3.asset
  artifactKey: Guid(f6f1de74a6a0146e3ba0df2375cca98b) Importer(2089858483,b0f066a214c2f5e87bad3c948f4d605d)
Start importing Assets/UnityTechnologies/TowerDefenseTemplate/Data/Tower/Pylon3.asset using Guid(f6f1de74a6a0146e3ba0df2375cca98b) Importer(2089858483,b0f066a214c2f5e87bad3c948f4d605d) (ScriptedImporter) -> (artifact id: 'e905fabd809283440f545c166c357648') in 0.0120291 seconds
Number of updated asset objects reloaded before import = 0Number of asset objects unloaded after import = 1

========================================================================
Received Import Request.
  Time since last request: 0.000029 seconds.
  path: Assets/UnityTechnologies/TowerDefenseTemplate/Data/Agents/Hoverboss.asset
  artifactKey: Guid(8e50ea1672e1f4e9db2dc02c126bd2b6) Importer(2089858483,b0f066a214c2f5e87bad3c948f4d605d)
Start importing Assets/UnityTechnologies/TowerDefenseTemplate/Data/Agents/Hoverboss.asset using Guid(8e50ea1672e1f4e9db2dc02c126bd2b6) Importer(2089858483,b0f066a214c2f5e87bad3c948f4d605d) (ScriptedImporter) -> (artifact id: 'cf67c03d480ba01a5a7a033a922b0530') in 0.0122572 seconds
Number of updated asset objects reloaded before import = 0Number of asset objects unloaded after import = 1

========================================================================
Received Import Request.
  Time since last request: 0.000035 seconds.
  path: Assets/UnityTechnologies/TowerDefenseTemplate/Data/LowQPostprocessingMenu.asset
  artifactKey: Guid(4366b371eafa04c7ea362a4ac0f6db82) Importer(2089858483,b0f066a214c2f5e87bad3c948f4d605d)
Start importing Assets/UnityTechnologies/TowerDefenseTemplate/Data/LowQPostprocessingMenu.asset using Guid(4366b371eafa04c7ea362a4ac0f6db82) Importer(2089858483,b0f066a214c2f5e87bad3c948f4d605d) (ScriptedImporter) -> (artifact id: 'fd537ccfacb55bc7e0bb35e63c06abc1') in 0.014412 seconds
Number of updated asset objects reloaded before import = 0Number of asset objects unloaded after import = 1

========================================================================
Received Import Request.
  Time since last request: 0.000023 seconds.
  path: Assets/UnityTechnologies/TowerDefenseTemplate/Data/Tower/Laser2.asset
  artifactKey: Guid(94451cb5b8c4e4c5098e1426401af682) Importer(2089858483,b0f066a214c2f5e87bad3c948f4d605d)
Start importing Assets/UnityTechnologies/TowerDefenseTemplate/Data/Tower/Laser2.asset using Guid(94451cb5b8c4e4c5098e1426401af682) Importer(2089858483,b0f066a214c2f5e87bad3c948f4d605d) (ScriptedImporter) -> (artifact id: '8a5ecf65e592badd0fc7788cec374593') in 0.0147462 seconds
Number of updated asset objects reloaded before import = 0Number of asset objects unloaded after import = 1

========================================================================
Received Import Request.
  Time since last request: 0.000022 seconds.
  path: Assets/UnityTechnologies/TowerDefenseTemplate/Data/LowQPostprocessing.asset
  artifactKey: Guid(268808a5589c44cc0949038f87d065b3) Importer(2089858483,b0f066a214c2f5e87bad3c948f4d605d)
Start importing Assets/UnityTechnologies/TowerDefenseTemplate/Data/LowQPostprocessing.asset using Guid(268808a5589c44cc0949038f87d065b3) Importer(2089858483,b0f066a214c2f5e87bad3c948f4d605d) (ScriptedImporter) -> (artifact id: 'a3395f8a7cd8125c99f51cecf6b9afdc') in 0.0157124 seconds
Number of updated asset objects reloaded before import = 0Number of asset objects unloaded after import = 1

========================================================================
Received Import Request.
  Time since last request: 0.000019 seconds.
  path: Assets/UnityTechnologies/TowerDefenseTemplate/Audio/UI/TD Tower Sell.wav
  artifactKey: Guid(3fcb7fef61bc54750bd9dde9a1280199) Importer(2089858483,b0f066a214c2f5e87bad3c948f4d605d)
Start importing Assets/UnityTechnologies/TowerDefenseTemplate/Audio/UI/TD Tower Sell.wav using Guid(3fcb7fef61bc54750bd9dde9a1280199) Importer(2089858483,b0f066a214c2f5e87bad3c948f4d605d) (ScriptedImporter) -> (artifact id: 'fc70e21b5fcf3d1cf3b953b4a73f3c9e') in 0.0396374 seconds
Number of updated asset objects reloaded before import = 0Number of asset objects unloaded after import = 1

========================================================================
Received Import Request.
  Time since last request: 0.000024 seconds.
  path: Assets/UnityTechnologies/TowerDefenseTemplate/UI/icon_pause.png
  artifactKey: Guid(cf9a13f1c5163457eaad64d224ce1df6) Importer(2089858483,b0f066a214c2f5e87bad3c948f4d605d)
Start importing Assets/UnityTechnologies/TowerDefenseTemplate/UI/icon_pause.png using Guid(cf9a13f1c5163457eaad64d224ce1df6) Importer(2089858483,b0f066a214c2f5e87bad3c948f4d605d) (ScriptedImporter) -> (artifact id: '5933b9b263c63769f5317f27a049afae') in 0.0207269 seconds
Number of updated asset objects reloaded before import = 0Number of asset objects unloaded after import = 3

========================================================================
Received Import Request.
  Time since last request: 0.000025 seconds.
  path: Assets/UnityTechnologies/TowerDefenseTemplate/Data/Tower/Emp3.asset
  artifactKey: Guid(0ff3c20215a93468b8e017a30c2424fe) Importer(2089858483,b0f066a214c2f5e87bad3c948f4d605d)
Start importing Assets/UnityTechnologies/TowerDefenseTemplate/Data/Tower/Emp3.asset using Guid(0ff3c20215a93468b8e017a30c2424fe) Importer(2089858483,b0f066a214c2f5e87bad3c948f4d605d) (ScriptedImporter) -> (artifact id: '68bc392b4a88543fa1b0bfd717ed857f') in 0.0140616 seconds
Number of updated asset objects reloaded before import = 0Number of asset objects unloaded after import = 1

========================================================================
Received Import Request.
  Time since last request: 0.000046 seconds.
  path: Assets/UnityTechnologies/TowerDefenseTemplate/Audio/SFX/Weapon Placement 2.wav
  artifactKey: Guid(54bcf6a5292ce4272bd93e41de81a19e) Importer(2089858483,b0f066a214c2f5e87bad3c948f4d605d)
Start importing Assets/UnityTechnologies/TowerDefenseTemplate/Audio/SFX/Weapon Placement 2.wav using Guid(54bcf6a5292ce4272bd93e41de81a19e) Importer(2089858483,b0f066a214c2f5e87bad3c948f4d605d) (ScriptedImporter) -> (artifact id: 'ca9b36d334e7fbaaeb06e20dd6cc6022') in 0.0246695 seconds
Number of updated asset objects reloaded before import = 0Number of asset objects unloaded after import = 1

========================================================================
Received Import Request.
  Time since last request: 0.000028 seconds.
  path: Assets/UnityTechnologies/TowerDefenseTemplate/UI/build_deadly.png
  artifactKey: Guid(d6c11b9a43dfb413b86a3ff8908088db) Importer(2089858483,b0f066a214c2f5e87bad3c948f4d605d)
Start importing Assets/UnityTechnologies/TowerDefenseTemplate/UI/build_deadly.png using Guid(d6c11b9a43dfb413b86a3ff8908088db) Importer(2089858483,b0f066a214c2f5e87bad3c948f4d605d) (ScriptedImporter) -> (artifact id: '545998a436e595fab27c208046cb236a') in 0.0153974 seconds
Number of updated asset objects reloaded before import = 0Number of asset objects unloaded after import = 3

========================================================================
Received Import Request.
  Time since last request: 0.000027 seconds.
  path: Assets/UnityTechnologies/TowerDefenseTemplate/UI/Circle.png
  artifactKey: Guid(7cea8ac03b57a40f8be2baa55f4f4146) Importer(2089858483,b0f066a214c2f5e87bad3c948f4d605d)
Start importing Assets/UnityTechnologies/TowerDefenseTemplate/UI/Circle.png using Guid(7cea8ac03b57a40f8be2baa55f4f4146) Importer(2089858483,b0f066a214c2f5e87bad3c948f4d605d) (ScriptedImporter) -> (artifact id: 'ddc4d79e9f102fe42176c3b16bb08e6d') in 0.017471 seconds
Number of updated asset objects reloaded before import = 0Number of asset objects unloaded after import = 1

========================================================================
Received Import Request.
  Time since last request: 0.000021 seconds.
  path: Assets/UnityTechnologies/TowerDefenseTemplate/Audio/UI/TD Victory.wav
  artifactKey: Guid(c4256d7b0022a4e628edc3721077fe30) Importer(2089858483,b0f066a214c2f5e87bad3c948f4d605d)
Start importing Assets/UnityTechnologies/TowerDefenseTemplate/Audio/UI/TD Victory.wav using Guid(c4256d7b0022a4e628edc3721077fe30) Importer(2089858483,b0f066a214c2f5e87bad3c948f4d605d) (ScriptedImporter) -> (artifact id: '3ee14e69fa74766ff621f21868335931') in 0.040487 seconds
Number of updated asset objects reloaded before import = 0Number of asset objects unloaded after import = 1

========================================================================
Received Import Request.
  Time since last request: 0.000031 seconds.
  path: Assets/UnityTechnologies/TowerDefenseTemplate/Gizmos/movement_node.png
  artifactKey: Guid(5ccc01938e5544720bb77504b24471ab) Importer(2089858483,b0f066a214c2f5e87bad3c948f4d605d)
Start importing Assets/UnityTechnologies/TowerDefenseTemplate/Gizmos/movement_node.png using Guid(5ccc01938e5544720bb77504b24471ab) Importer(2089858483,b0f066a214c2f5e87bad3c948f4d605d) (ScriptedImporter) -> (artifact id: '61487b377877fe0c72eedd72231f4919') in 0.0144602 seconds
Number of updated asset objects reloaded before import = 0Number of asset objects unloaded after import = 3

========================================================================
Received Import Request.
  Time since last request: 0.000031 seconds.
  path: Assets/UnityTechnologies/TowerDefenseTemplate/UI/icon_quit.png
  artifactKey: Guid(19ee0cb90aa04476ab8f4bd83da46786) Importer(2089858483,b0f066a214c2f5e87bad3c948f4d605d)
Start importing Assets/UnityTechnologies/TowerDefenseTemplate/UI/icon_quit.png using Guid(19ee0cb90aa04476ab8f4bd83da46786) Importer(2089858483,b0f066a214c2f5e87bad3c948f4d605d) (ScriptedImporter) -> (artifact id: 'd9d39bcffeb827d8ce8a884cc985f4ab') in 0.0152545 seconds
Number of updated asset objects reloaded before import = 0Number of asset objects unloaded after import = 3

========================================================================
Received Import Request.
  Time since last request: 0.000019 seconds.
  path: Assets/UnityTechnologies/TowerDefenseTemplate/Animations/MainMenu/CameraMove0.anim
  artifactKey: Guid(0733c0328cb56431cad0690004057096) Importer(2089858483,b0f066a214c2f5e87bad3c948f4d605d)
Start importing Assets/UnityTechnologies/TowerDefenseTemplate/Animations/MainMenu/CameraMove0.anim using Guid(0733c0328cb56431cad0690004057096) Importer(2089858483,b0f066a214c2f5e87bad3c948f4d605d) (ScriptedImporter) -> (artifact id: '1128df0958c7310258228e733bc7f449') in 0.0183365 seconds
Number of updated asset objects reloaded before import = 0Number of asset objects unloaded after import = 1

========================================================================
Received Import Request.
  Time since last request: 0.000023 seconds.
  path: Assets/UnityTechnologies/TowerDefenseTemplate/UI/icon_energy_small_white.png
  artifactKey: Guid(10f6c8d03930b4a449f543633892e711) Importer(2089858483,b0f066a214c2f5e87bad3c948f4d605d)
Start importing Assets/UnityTechnologies/TowerDefenseTemplate/UI/icon_energy_small_white.png using Guid(10f6c8d03930b4a449f543633892e711) Importer(2089858483,b0f066a214c2f5e87bad3c948f4d605d) (ScriptedImporter) -> (artifact id: '34b92522ace2e1b5deaaec0bd6f37708') in 0.0166213 seconds
Number of updated asset objects reloaded before import = 0Number of asset objects unloaded after import = 3

========================================================================
Received Import Request.
  Time since last request: 0.000017 seconds.
  path: Assets/UnityTechnologies/TowerDefenseTemplate/Audio/SFX/Macross Placement.wav
  artifactKey: Guid(599f5b1a96b0b478a8f61210e4a9aa48) Importer(2089858483,b0f066a214c2f5e87bad3c948f4d605d)
Start importing Assets/UnityTechnologies/TowerDefenseTemplate/Audio/SFX/Macross Placement.wav using Guid(599f5b1a96b0b478a8f61210e4a9aa48) Importer(2089858483,b0f066a214c2f5e87bad3c948f4d605d) (ScriptedImporter) -> (artifact id: '43f0f14a186f113f487ac98ff48f80a6') in 0.0257761 seconds
Number of updated asset objects reloaded before import = 0Number of asset objects unloaded after import = 1

========================================================================
Received Import Request.
  Time since last request: 0.000012 seconds.
  path: Assets/UnityTechnologies/TowerDefenseTemplate/UI/star_big_grey.png
  artifactKey: Guid(aa18303c92d9e490abfac36b6e0e8646) Importer(2089858483,b0f066a214c2f5e87bad3c948f4d605d)
Start importing Assets/UnityTechnologies/TowerDefenseTemplate/UI/star_big_grey.png using Guid(aa18303c92d9e490abfac36b6e0e8646) Importer(2089858483,b0f066a214c2f5e87bad3c948f4d605d) (ScriptedImporter) -> (artifact id: 'b6db906cf0c75998af9edf1aa3730d48') in 0.0178725 seconds
Number of updated asset objects reloaded before import = 0Number of asset objects unloaded after import = 3

========================================================================
Received Import Request.
  Time since last request: 0.000031 seconds.
  path: Assets/UnityTechnologies/TowerDefenseTemplate/UI/box_white_bottomright.png
  artifactKey: Guid(0d476ca4e633b4f8d9a46f3b25579fa8) Importer(2089858483,b0f066a214c2f5e87bad3c948f4d605d)
Start importing Assets/UnityTechnologies/TowerDefenseTemplate/UI/box_white_bottomright.png using Guid(0d476ca4e633b4f8d9a46f3b25579fa8) Importer(2089858483,b0f066a214c2f5e87bad3c948f4d605d) (ScriptedImporter) -> (artifact id: 'f866dc696a597af447971419ec9de73f') in 0.0160834 seconds
Number of updated asset objects reloaded before import = 0Number of asset objects unloaded after import = 3

========================================================================
Received Import Request.
  Time since last request: 0.000015 seconds.
  path: Assets/UnityTechnologies/TowerDefenseTemplate/Audio/UI/TD EMP Idle.wav
  artifactKey: Guid(b5ee9f342b3094e2d99d192801c1c247) Importer(2089858483,b0f066a214c2f5e87bad3c948f4d605d)
Start importing Assets/UnityTechnologies/TowerDefenseTemplate/Audio/UI/TD EMP Idle.wav using Guid(b5ee9f342b3094e2d99d192801c1c247) Importer(2089858483,b0f066a214c2f5e87bad3c948f4d605d) (ScriptedImporter) -> (artifact id: 'f9ee7170a7efa1cdc7997c21649289eb') in 0.0397813 seconds
Number of updated asset objects reloaded before import = 0Number of asset objects unloaded after import = 1

========================================================================
Received Import Request.
  Time since last request: 0.000017 seconds.
  path: Assets/UnityTechnologies/TowerDefenseTemplate/UI/24BGLogo.png
  artifactKey: Guid(2d85e7ba511ee4a32937bd1623e7d17b) Importer(2089858483,b0f066a214c2f5e87bad3c948f4d605d)
Start importing Assets/UnityTechnologies/TowerDefenseTemplate/UI/24BGLogo.png using Guid(2d85e7ba511ee4a32937bd1623e7d17b) Importer(2089858483,b0f066a214c2f5e87bad3c948f4d605d) (ScriptedImporter) -> (artifact id: '2348e31c2cd4b3ec0c6c12b0baf01e00') in 0.0187216 seconds
Number of updated asset objects reloaded before import = 0Number of asset objects unloaded after import = 3

========================================================================
Received Import Request.
  Time since last request: 0.000077 seconds.
  path: Assets/UnityTechnologies/TowerDefenseTemplate/Audio/UI/ui_sound_back.mp3
  artifactKey: Guid(5f46b33e3c50b44b0af0b921b6373a3e) Importer(2089858483,b0f066a214c2f5e87bad3c948f4d605d)
Start importing Assets/UnityTechnologies/TowerDefenseTemplate/Audio/UI/ui_sound_back.mp3 using Guid(5f46b33e3c50b44b0af0b921b6373a3e) Importer(2089858483,b0f066a214c2f5e87bad3c948f4d605d) (ScriptedImporter) -> (artifact id: '5d8c5ac95601b0ce7e37442ac582bb92') in 0.0253709 seconds
Number of updated asset objects reloaded before import = 0Number of asset objects unloaded after import = 1

========================================================================
Received Import Request.
  Time since last request: 0.000032 seconds.
  path: Assets/UnityTechnologies/TowerDefenseTemplate/Data/Agents/Super Hovercopter.asset
  artifactKey: Guid(dbc9a9a280d954f8a8da3b53ca26f80b) Importer(2089858483,b0f066a214c2f5e87bad3c948f4d605d)
Start importing Assets/UnityTechnologies/TowerDefenseTemplate/Data/Agents/Super Hovercopter.asset using Guid(dbc9a9a280d954f8a8da3b53ca26f80b) Importer(2089858483,b0f066a214c2f5e87bad3c948f4d605d) (ScriptedImporter) -> (artifact id: 'c8d5aeafc011d7b4356d34d658ed7273') in 0.0120223 seconds
Number of updated asset objects reloaded before import = 0Number of asset objects unloaded after import = 1

========================================================================
Received Import Request.
  Time since last request: 0.000041 seconds.
  path: Assets/UnityTechnologies/TowerDefenseTemplate/Data/TowerLibrary/Level_3_TowerLibrary.asset
  artifactKey: Guid(90cba741d9b574c489ca36b0e3ae6a0b) Importer(2089858483,b0f066a214c2f5e87bad3c948f4d605d)
Start importing Assets/UnityTechnologies/TowerDefenseTemplate/Data/TowerLibrary/Level_3_TowerLibrary.asset using Guid(90cba741d9b574c489ca36b0e3ae6a0b) Importer(2089858483,b0f066a214c2f5e87bad3c948f4d605d) (ScriptedImporter) -> (artifact id: '9fae51fd40a30f4e297bde8ecf76702c') in 0.0138545 seconds
Number of updated asset objects reloaded before import = 0Number of asset objects unloaded after import = 1

========================================================================
Received Import Request.
  Time since last request: 0.000016 seconds.
  path: Assets/UnityTechnologies/TowerDefenseTemplate/Audio/UI/TD Tower Upgrade.wav
  artifactKey: Guid(ceddc15e2d07b4a65bdb173d7eb22830) Importer(2089858483,b0f066a214c2f5e87bad3c948f4d605d)
Start importing Assets/UnityTechnologies/TowerDefenseTemplate/Audio/UI/TD Tower Upgrade.wav using Guid(ceddc15e2d07b4a65bdb173d7eb22830) Importer(2089858483,b0f066a214c2f5e87bad3c948f4d605d) (ScriptedImporter) -> (artifact id: 'bd55c323e7de29233eaeffc4ff467001') in 0.0360355 seconds
Number of updated asset objects reloaded before import = 0Number of asset objects unloaded after import = 1

========================================================================
Received Import Request.
  Time since last request: 0.181042 seconds.
  path: Assets/UnityTechnologies/TowerDefenseTemplate/Materials/Levels/Level02_Road.mat
  artifactKey: Guid(7462df81b88c94f7f91bbb8b4fda9f30) Importer(2089858483,b0f066a214c2f5e87bad3c948f4d605d)
Start importing Assets/UnityTechnologies/TowerDefenseTemplate/Materials/Levels/Level02_Road.mat using Guid(7462df81b88c94f7f91bbb8b4fda9f30) Importer(2089858483,b0f066a214c2f5e87bad3c948f4d605d) (ScriptedImporter) -> (artifact id: 'b7570418bc0dfeec6fc0add0ac29f366') in 0.0730927 seconds
Number of updated asset objects reloaded before import = 0Number of asset objects unloaded after import = 2

========================================================================
Received Import Request.
  Time since last request: 0.000024 seconds.
  path: Assets/UnityTechnologies/TowerDefenseTemplate/Models/Units/Helicopter_Orange_Albedo_V002.tiff
  artifactKey: Guid(ae83b87fc59fb4b81b58448f1903ba85) Importer(2089858483,b0f066a214c2f5e87bad3c948f4d605d)
Start importing Assets/UnityTechnologies/TowerDefenseTemplate/Models/Units/Helicopter_Orange_Albedo_V002.tiff using Guid(ae83b87fc59fb4b81b58448f1903ba85) Importer(2089858483,b0f066a214c2f5e87bad3c948f4d605d) (ScriptedImporter) -> (artifact id: 'ae34401d1c4ba3751c264f8aaa4e9288') in 0.0219534 seconds
Number of updated asset objects reloaded before import = 0Number of asset objects unloaded after import = 1

========================================================================
Received Import Request.
  Time since last request: 0.000056 seconds.
  path: Assets/UnityTechnologies/TowerDefenseTemplate/Models/Levels/Enviro_Level_4_COL.fbx
  artifactKey: Guid(ae0df43d824ba4648821b8b7bea6a956) Importer(2089858483,b0f066a214c2f5e87bad3c948f4d605d)
Start importing Assets/UnityTechnologies/TowerDefenseTemplate/Models/Levels/Enviro_Level_4_COL.fbx using Guid(ae0df43d824ba4648821b8b7bea6a956) Importer(2089858483,b0f066a214c2f5e87bad3c948f4d605d) (ScriptedImporter) -> (artifact id: '3558e7a615ff237169245e762c141bb2') in 0.0542252 seconds
Number of updated asset objects reloaded before import = 0Number of asset objects unloaded after import = 9

========================================================================
Received Import Request.
  Time since last request: 0.000021 seconds.
  path: Assets/UnityTechnologies/TowerDefenseTemplate/Materials/Towers/TowerGhost.mat
  artifactKey: Guid(6fe9580bd67b34580977e0aa4eab9755) Importer(2089858483,b0f066a214c2f5e87bad3c948f4d605d)
Start importing Assets/UnityTechnologies/TowerDefenseTemplate/Materials/Towers/TowerGhost.mat using Guid(6fe9580bd67b34580977e0aa4eab9755) Importer(2089858483,b0f066a214c2f5e87bad3c948f4d605d) (ScriptedImporter) -> (artifact id: 'dc458a148f913a64e17c1858caccbe08') in 0.0183609 seconds
Number of updated asset objects reloaded before import = 0Number of asset objects unloaded after import = 1

========================================================================
Received Import Request.
  Time since last request: 0.000044 seconds.
  path: Assets/UnityTechnologies/TowerDefenseTemplate/Models/Levels/Skybox.hdr
  artifactKey: Guid(2be281650d1134d16a0d7495ebf44612) Importer(2089858483,b0f066a214c2f5e87bad3c948f4d605d)
Start importing Assets/UnityTechnologies/TowerDefenseTemplate/Models/Levels/Skybox.hdr using Guid(2be281650d1134d16a0d7495ebf44612) Importer(2089858483,b0f066a214c2f5e87bad3c948f4d605d) (ScriptedImporter) -> (artifact id: 'e7ba7fa483f36723ecbb1621e41f63cb') in 0.0830835 seconds
Number of updated asset objects reloaded before import = 0Number of asset objects unloaded after import = 1

========================================================================
Received Import Request.
  Time since last request: 0.000043 seconds.
  path: Assets/UnityTechnologies/TowerDefenseTemplate/Models/Units/Buggy.fbx
  artifactKey: Guid(b7d3ea14f798b45309e64cbf222d83ad) Importer(2089858483,b0f066a214c2f5e87bad3c948f4d605d)
Start importing Assets/UnityTechnologies/TowerDefenseTemplate/Models/Units/Buggy.fbx using Guid(b7d3ea14f798b45309e64cbf222d83ad) Importer(2089858483,b0f066a214c2f5e87bad3c948f4d605d) (ScriptedImporter) -> (artifact id: '04c54ad601c5bed537109d4c2b5da067') in 0.0231576 seconds
Number of updated asset objects reloaded before import = 0Number of asset objects unloaded after import = 9

========================================================================
Received Import Request.
  Time since last request: 0.000023 seconds.
  path: Assets/UnityTechnologies/TowerDefenseTemplate/Materials/Towers/TowerGhostInvalid.mat
  artifactKey: Guid(a33edf12f3c0044e8ba582a16ddaae3f) Importer(2089858483,b0f066a214c2f5e87bad3c948f4d605d)
Start importing Assets/UnityTechnologies/TowerDefenseTemplate/Materials/Towers/TowerGhostInvalid.mat using Guid(a33edf12f3c0044e8ba582a16ddaae3f) Importer(2089858483,b0f066a214c2f5e87bad3c948f4d605d) (ScriptedImporter) -> (artifact id: 'e693d83a50ada246ea87c61666b8eda3') in 0.0170428 seconds
Number of updated asset objects reloaded before import = 0Number of asset objects unloaded after import = 1

========================================================================
Received Import Request.
  Time since last request: 0.000035 seconds.
  path: Assets/UnityTechnologies/TowerDefenseTemplate/Models/Units/TankBasic_Orange_Albedo_V001.tiff
  artifactKey: Guid(16e785c45e68e4ac6aefc28aa512b71a) Importer(2089858483,b0f066a214c2f5e87bad3c948f4d605d)
Start importing Assets/UnityTechnologies/TowerDefenseTemplate/Models/Units/TankBasic_Orange_Albedo_V001.tiff using Guid(16e785c45e68e4ac6aefc28aa512b71a) Importer(2089858483,b0f066a214c2f5e87bad3c948f4d605d) (ScriptedImporter) -> (artifact id: 'f30a49af3b6e389f75aaf7d338365c7a') in 0.018668 seconds
Number of updated asset objects reloaded before import = 0Number of asset objects unloaded after import = 1

========================================================================
Received Import Request.
  Time since last request: 0.000045 seconds.
  path: Assets/UnityTechnologies/TowerDefenseTemplate/Models/Units/HoverTank_Base_Shadow.fbx
  artifactKey: Guid(dda571f6dbd694b2b9ef9e97209dd450) Importer(2089858483,b0f066a214c2f5e87bad3c948f4d605d)
Start importing Assets/UnityTechnologies/TowerDefenseTemplate/Models/Units/HoverTank_Base_Shadow.fbx using Guid(dda571f6dbd694b2b9ef9e97209dd450) Importer(2089858483,b0f066a214c2f5e87bad3c948f4d605d) (ScriptedImporter) -> (artifact id: '2f7506710eb5471e6285ba6901314f51') in 0.0161323 seconds
Number of updated asset objects reloaded before import = 0Number of asset objects unloaded after import = 7

========================================================================
Received Import Request.
  Time since last request: 0.000061 seconds.
  path: Assets/UnityTechnologies/TowerDefenseTemplate/Materials/Particles/explosion_Flame_4.mat
  artifactKey: Guid(6bf5dca62a2204b17841dccad7db30f8) Importer(2089858483,b0f066a214c2f5e87bad3c948f4d605d)
Start importing Assets/UnityTechnologies/TowerDefenseTemplate/Materials/Particles/explosion_Flame_4.mat using Guid(6bf5dca62a2204b17841dccad7db30f8) Importer(2089858483,b0f066a214c2f5e87bad3c948f4d605d) (ScriptedImporter) -> (artifact id: '9d067145a7316e4e27108e32fd3db9bb') in 0.0219481 seconds
Number of updated asset objects reloaded before import = 0Number of asset objects unloaded after import = 2

========================================================================
Received Import Request.
  Time since last request: 0.000033 seconds.
  path: Assets/UnityTechnologies/TowerDefenseTemplate/Materials/UI/HealthBarRed.mat
  artifactKey: Guid(008790df986e3469285ea0c078de4b7f) Importer(2089858483,b0f066a214c2f5e87bad3c948f4d605d)
Start importing Assets/UnityTechnologies/TowerDefenseTemplate/Materials/UI/HealthBarRed.mat using Guid(008790df986e3469285ea0c078de4b7f) Importer(2089858483,b0f066a214c2f5e87bad3c948f4d605d) (ScriptedImporter) -> (artifact id: '4d839c89149746bc4acbec5d87c99e6d') in 0.0120656 seconds
Number of updated asset objects reloaded before import = 0Number of asset objects unloaded after import = 1

========================================================================
Received Import Request.
  Time since last request: 0.000044 seconds.
  path: Assets/UnityTechnologies/TowerDefenseTemplate/Materials/Units/TankBoss_Orange_Albedo_V001.mat
  artifactKey: Guid(48efc3760d51645329779dabd538be0c) Importer(2089858483,b0f066a214c2f5e87bad3c948f4d605d)
Start importing Assets/UnityTechnologies/TowerDefenseTemplate/Materials/Units/TankBoss_Orange_Albedo_V001.mat using Guid(48efc3760d51645329779dabd538be0c) Importer(2089858483,b0f066a214c2f5e87bad3c948f4d605d) (ScriptedImporter) -> (artifact id: 'daa4ff86ab33e80bd157036db0d638c1') in 0.0183983 seconds
Number of updated asset objects reloaded before import = 0Number of asset objects unloaded after import = 2

========================================================================
Received Import Request.
  Time since last request: 0.000028 seconds.
  path: Assets/UnityTechnologies/TowerDefenseTemplate/Materials/UI/PlacementAreaFillled.mat
  artifactKey: Guid(446a72560c44e44d8acea2562be7901a) Importer(2089858483,b0f066a214c2f5e87bad3c948f4d605d)
Start importing Assets/UnityTechnologies/TowerDefenseTemplate/Materials/UI/PlacementAreaFillled.mat using Guid(446a72560c44e44d8acea2562be7901a) Importer(2089858483,b0f066a214c2f5e87bad3c948f4d605d) (ScriptedImporter) -> (artifact id: '02c6a1af17c850cc8d7aaa6e270de9f4') in 0.0413318 seconds
Number of updated asset objects reloaded before import = 0Number of asset objects unloaded after import = 2

========================================================================
Received Import Request.
  Time since last request: 0.000015 seconds.
  path: Assets/UnityTechnologies/TowerDefenseTemplate/Models/Levels/Enviro_Level_3.fbx
  artifactKey: Guid(1ba446b13ace04844b8a65c7f903c2a1) Importer(2089858483,b0f066a214c2f5e87bad3c948f4d605d)
Start importing Assets/UnityTechnologies/TowerDefenseTemplate/Models/Levels/Enviro_Level_3.fbx using Guid(1ba446b13ace04844b8a65c7f903c2a1) Importer(2089858483,b0f066a214c2f5e87bad3c948f4d605d) (ScriptedImporter) -> (artifact id: '02935c8ec12cf7508f6923752d29b39b') in 0.0340806 seconds
Number of updated asset objects reloaded before import = 0Number of asset objects unloaded after import = 64

========================================================================
Received Import Request.
  Time since last request: 0.000028 seconds.
  path: Assets/UnityTechnologies/TowerDefenseTemplate/Models/Levels/Enviro_Level_5_COL.fbx
  artifactKey: Guid(294f92d21d8ab4241aa55b1670e20f3c) Importer(2089858483,b0f066a214c2f5e87bad3c948f4d605d)
Start importing Assets/UnityTechnologies/TowerDefenseTemplate/Models/Levels/Enviro_Level_5_COL.fbx using Guid(294f92d21d8ab4241aa55b1670e20f3c) Importer(2089858483,b0f066a214c2f5e87bad3c948f4d605d) (ScriptedImporter) -> (artifact id: '23c1012fb460efb0f5acfc6632378e82') in 0.0223149 seconds
Number of updated asset objects reloaded before import = 0Number of asset objects unloaded after import = 7

========================================================================
Received Import Request.
  Time since last request: 0.000045 seconds.
  path: Assets/UnityTechnologies/TowerDefenseTemplate/Materials/Units/TankBasic_Albedo_V001.mat
  artifactKey: Guid(592800eaa57a9407a91c20aead2b3d03) Importer(2089858483,b0f066a214c2f5e87bad3c948f4d605d)
Start importing Assets/UnityTechnologies/TowerDefenseTemplate/Materials/Units/TankBasic_Albedo_V001.mat using Guid(592800eaa57a9407a91c20aead2b3d03) Importer(2089858483,b0f066a214c2f5e87bad3c948f4d605d) (ScriptedImporter) -> (artifact id: '2fd6ed775beb1c8286c187730e1a3fec') in 0.0184053 seconds
Number of updated asset objects reloaded before import = 0Number of asset objects unloaded after import = 2

========================================================================
Received Import Request.
  Time since last request: 0.000030 seconds.
  path: Assets/UnityTechnologies/TowerDefenseTemplate/Materials/UI/SinglePlacementTile.mat
  artifactKey: Guid(a43023b0c4b884a1a8db3b57f1602440) Importer(2089858483,b0f066a214c2f5e87bad3c948f4d605d)
Start importing Assets/UnityTechnologies/TowerDefenseTemplate/Materials/UI/SinglePlacementTile.mat using Guid(a43023b0c4b884a1a8db3b57f1602440) Importer(2089858483,b0f066a214c2f5e87bad3c948f4d605d) (ScriptedImporter) -> (artifact id: '814b8ae9ff5a3b3d3cc92b5510da3b5f') in 0.0152667 seconds
Number of updated asset objects reloaded before import = 0Number of asset objects unloaded after import = 2

========================================================================
Received Import Request.
  Time since last request: 0.000017 seconds.
  path: Assets/UnityTechnologies/TowerDefenseTemplate/Materials/Units/Buggy_Albedo_V001.mat
  artifactKey: Guid(6d0f3745ac74f4783907288920b96775) Importer(2089858483,b0f066a214c2f5e87bad3c948f4d605d)
Start importing Assets/UnityTechnologies/TowerDefenseTemplate/Materials/Units/Buggy_Albedo_V001.mat using Guid(6d0f3745ac74f4783907288920b96775) Importer(2089858483,b0f066a214c2f5e87bad3c948f4d605d) (ScriptedImporter) -> (artifact id: '984083d34d8a0a532b93afdc859a1d4f') in 0.0194151 seconds
Number of updated asset objects reloaded before import = 0Number of asset objects unloaded after import = 2

========================================================================
Received Import Request.
  Time since last request: 0.000030 seconds.
  path: Assets/UnityTechnologies/TowerDefenseTemplate/Materials/Particles/explosion_Spark_3.mat
  artifactKey: Guid(a78dd0f6e2aa54870b8ced4051fd71e0) Importer(2089858483,b0f066a214c2f5e87bad3c948f4d605d)
Start importing Assets/UnityTechnologies/TowerDefenseTemplate/Materials/Particles/explosion_Spark_3.mat using Guid(a78dd0f6e2aa54870b8ced4051fd71e0) Importer(2089858483,b0f066a214c2f5e87bad3c948f4d605d) (ScriptedImporter) -> (artifact id: '5eb5b13e580628dcc95df4f5532d7029') in 0.0187263 seconds
Number of updated asset objects reloaded before import = 0Number of asset objects unloaded after import = 2

========================================================================
Received Import Request.
  Time since last request: 0.000015 seconds.
  path: Assets/UnityTechnologies/TowerDefenseTemplate/Models/Units/TankBasic_Albedo_V001.tiff
  artifactKey: Guid(b7726eac847aa40dfaf13be34338c0ad) Importer(2089858483,b0f066a214c2f5e87bad3c948f4d605d)
Start importing Assets/UnityTechnologies/TowerDefenseTemplate/Models/Units/TankBasic_Albedo_V001.tiff using Guid(b7726eac847aa40dfaf13be34338c0ad) Importer(2089858483,b0f066a214c2f5e87bad3c948f4d605d) (ScriptedImporter) -> (artifact id: '2db77e30a05eaf9cb52ee3004280a7fe') in 0.0215028 seconds
Number of updated asset objects reloaded before import = 0Number of asset objects unloaded after import = 1

========================================================================
Received Import Request.
  Time since last request: 0.000046 seconds.
  path: Assets/UnityTechnologies/TowerDefenseTemplate/Models/Units/BossTank_Base.fbx
  artifactKey: Guid(b88344621c1aa461f9f426b4146b3cd2) Importer(2089858483,b0f066a214c2f5e87bad3c948f4d605d)
Start importing Assets/UnityTechnologies/TowerDefenseTemplate/Models/Units/BossTank_Base.fbx using Guid(b88344621c1aa461f9f426b4146b3cd2) Importer(2089858483,b0f066a214c2f5e87bad3c948f4d605d) (ScriptedImporter) -> (artifact id: '98cbff4fdf3a3ae5cefa57e6a2e03853') in 0.0247442 seconds
Number of updated asset objects reloaded before import = 0Number of asset objects unloaded after import = 11

========================================================================
Received Import Request.
  Time since last request: 0.000026 seconds.
  path: Assets/UnityTechnologies/TowerDefenseTemplate/Materials/Levels/Level05_Environment.mat
  artifactKey: Guid(9887a4dd80b104bd891b506842104b30) Importer(2089858483,b0f066a214c2f5e87bad3c948f4d605d)
Start importing Assets/UnityTechnologies/TowerDefenseTemplate/Materials/Levels/Level05_Environment.mat using Guid(9887a4dd80b104bd891b506842104b30) Importer(2089858483,b0f066a214c2f5e87bad3c948f4d605d) (ScriptedImporter) -> (artifact id: 'e6ab8bd036cc86023881edaac5d3b56e') in 0.0180852 seconds
Number of updated asset objects reloaded before import = 0Number of asset objects unloaded after import = 1

========================================================================
Received Import Request.
  Time since last request: 0.000024 seconds.
  path: Assets/UnityTechnologies/TowerDefenseTemplate/Materials/Particles/explosion_Flame.mat
  artifactKey: Guid(f672b73decdc5432686a09bb689c7e2d) Importer(2089858483,b0f066a214c2f5e87bad3c948f4d605d)
Start importing Assets/UnityTechnologies/TowerDefenseTemplate/Materials/Particles/explosion_Flame.mat using Guid(f672b73decdc5432686a09bb689c7e2d) Importer(2089858483,b0f066a214c2f5e87bad3c948f4d605d) (ScriptedImporter) -> (artifact id: '1ea322500088ebeb0a6472d3b1968b6f') in 0.0184799 seconds
Number of updated asset objects reloaded before import = 0Number of asset objects unloaded after import = 2

========================================================================
Received Import Request.
  Time since last request: 0.000031 seconds.
  path: Assets/UnityTechnologies/TowerDefenseTemplate/Materials/Levels/Level04_Road.mat
  artifactKey: Guid(518f26152095f425f86fc3ac2a7f7a39) Importer(2089858483,b0f066a214c2f5e87bad3c948f4d605d)
Start importing Assets/UnityTechnologies/TowerDefenseTemplate/Materials/Levels/Level04_Road.mat using Guid(518f26152095f425f86fc3ac2a7f7a39) Importer(2089858483,b0f066a214c2f5e87bad3c948f4d605d) (ScriptedImporter) -> (artifact id: 'baf386663bfd999becbd3e43749a3ad8') in 0.019183 seconds
Number of updated asset objects reloaded before import = 0Number of asset objects unloaded after import = 2

========================================================================
Received Import Request.
  Time since last request: 0.000029 seconds.
  path: Assets/UnityTechnologies/TowerDefenseTemplate/Models/Levels/Enviro_Level_1.fbx
  artifactKey: Guid(4a4f98795c1bb4f299e0a3d35e32dc0e) Importer(2089858483,b0f066a214c2f5e87bad3c948f4d605d)
Start importing Assets/UnityTechnologies/TowerDefenseTemplate/Models/Levels/Enviro_Level_1.fbx using Guid(4a4f98795c1bb4f299e0a3d35e32dc0e) Importer(2089858483,b0f066a214c2f5e87bad3c948f4d605d) (ScriptedImporter) -> (artifact id: '9e789b89b9c3712c7e914bfd90dbe52c') in 0.0312362 seconds
Number of updated asset objects reloaded before import = 0Number of asset objects unloaded after import = 54

========================================================================
Received Import Request.
  Time since last request: 0.000021 seconds.
  path: Assets/UnityTechnologies/TowerDefenseTemplate/Materials/Particles/LaserImpact.mat
  artifactKey: Guid(130c02f63c5e04bc7b4c526420052385) Importer(2089858483,b0f066a214c2f5e87bad3c948f4d605d)
Start importing Assets/UnityTechnologies/TowerDefenseTemplate/Materials/Particles/LaserImpact.mat using Guid(130c02f63c5e04bc7b4c526420052385) Importer(2089858483,b0f066a214c2f5e87bad3c948f4d605d) (ScriptedImporter) -> (artifact id: '6f7d7bf54187b4a9583791564e286e6f') in 0.0186634 seconds
Number of updated asset objects reloaded before import = 0Number of asset objects unloaded after import = 2

========================================================================
Received Import Request.
  Time since last request: 0.000017 seconds.
  path: Assets/UnityTechnologies/TowerDefenseTemplate/Materials/Particles/LaserBeam.mat
  artifactKey: Guid(a9a5ed9e4d3114c74b9733f0485da335) Importer(2089858483,b0f066a214c2f5e87bad3c948f4d605d)
Start importing Assets/UnityTechnologies/TowerDefenseTemplate/Materials/Particles/LaserBeam.mat using Guid(a9a5ed9e4d3114c74b9733f0485da335) Importer(2089858483,b0f066a214c2f5e87bad3c948f4d605d) (ScriptedImporter) -> (artifact id: 'e6ca26f7d488caf4241e1f6572382546') in 0.0139985 seconds
Number of updated asset objects reloaded before import = 0Number of asset objects unloaded after import = 2

========================================================================
Received Import Request.
  Time since last request: 0.000037 seconds.
  path: Assets/UnityTechnologies/TowerDefenseTemplate/Models/Units/HoverTank_Turret_Shadow.fbx
  artifactKey: Guid(79fb234c376dd454a93424ab22f17a14) Importer(2089858483,b0f066a214c2f5e87bad3c948f4d605d)
Start importing Assets/UnityTechnologies/TowerDefenseTemplate/Models/Units/HoverTank_Turret_Shadow.fbx using Guid(79fb234c376dd454a93424ab22f17a14) Importer(2089858483,b0f066a214c2f5e87bad3c948f4d605d) (ScriptedImporter) -> (artifact id: '7bc0d330e3f99c5075e50e0a4a02a670') in 0.0187911 seconds
Number of updated asset objects reloaded before import = 0Number of asset objects unloaded after import = 7

========================================================================
Received Import Request.
  Time since last request: 0.000017 seconds.
  path: Assets/UnityTechnologies/TowerDefenseTemplate/Materials/Units/Buggy_Orange_Albedo_V001.mat
  artifactKey: Guid(3d51fdac1cf5b4c9f80488ae73e3e3cd) Importer(2089858483,b0f066a214c2f5e87bad3c948f4d605d)
Start importing Assets/UnityTechnologies/TowerDefenseTemplate/Materials/Units/Buggy_Orange_Albedo_V001.mat using Guid(3d51fdac1cf5b4c9f80488ae73e3e3cd) Importer(2089858483,b0f066a214c2f5e87bad3c948f4d605d) (ScriptedImporter) -> (artifact id: '4c92ab6aa09e4f77fb20d7cf9bdae9d4') in 0.0175445 seconds
Number of updated asset objects reloaded before import = 0Number of asset objects unloaded after import = 2

========================================================================
Received Import Request.
  Time since last request: 0.000014 seconds.
  path: Assets/UnityTechnologies/TowerDefenseTemplate/Prefabs/UI/SinglePlacementTileMobile.prefab
  artifactKey: Guid(0040958718f46439495b6df7f78b62ac) Importer(2089858483,b0f066a214c2f5e87bad3c948f4d605d)
Start importing Assets/UnityTechnologies/TowerDefenseTemplate/Prefabs/UI/SinglePlacementTileMobile.prefab using Guid(0040958718f46439495b6df7f78b62ac) Importer(2089858483,b0f066a214c2f5e87bad3c948f4d605d) (ScriptedImporter) -> (artifact id: '5033a6674a3c55a9de86477bf4fd5dcc') in 0.0178364 seconds
Number of updated asset objects reloaded before import = 0Number of asset objects unloaded after import = 9

========================================================================
Received Import Request.
  Time since last request: 0.000016 seconds.
  path: Assets/UnityTechnologies/TowerDefenseTemplate/Audio/SFX/Enemies Exploding/Enemies Exploding 4.wav
  artifactKey: Guid(af2a0d5f6c52c4117aed93341b8f36cb) Importer(2089858483,b0f066a214c2f5e87bad3c948f4d605d)
Start importing Assets/UnityTechnologies/TowerDefenseTemplate/Audio/SFX/Enemies Exploding/Enemies Exploding 4.wav using Guid(af2a0d5f6c52c4117aed93341b8f36cb) Importer(2089858483,b0f066a214c2f5e87bad3c948f4d605d) (ScriptedImporter) -> (artifact id: '7cd1a3b60d89c5ce16793ef2729a18b0') in 0.0261266 seconds
Number of updated asset objects reloaded before import = 0Number of asset objects unloaded after import = 1

========================================================================
Received Import Request.
  Time since last request: 0.000023 seconds.
  path: Assets/UnityTechnologies/TowerDefenseTemplate/Particles/Prefabs/RocketTrail.prefab
  artifactKey: Guid(ea352f082d23a483daa35dba1978a527) Importer(2089858483,b0f066a214c2f5e87bad3c948f4d605d)
Start importing Assets/UnityTechnologies/TowerDefenseTemplate/Particles/Prefabs/RocketTrail.prefab using Guid(ea352f082d23a483daa35dba1978a527) Importer(2089858483,b0f066a214c2f5e87bad3c948f4d605d) (ScriptedImporter) -> (artifact id: '4ed102da43a3364bdb28287811b15a42') in 0.0181229 seconds
Number of updated asset objects reloaded before import = 0Number of asset objects unloaded after import = 19

========================================================================
Received Import Request.
  Time since last request: 0.000017 seconds.
  path: Assets/UnityTechnologies/TowerDefenseTemplate/Models/Towers/EnergyPylon/EnergyPylon_L02_Albedo_V002.tiff
  artifactKey: Guid(36be37cf1318040a9995e9fa24699757) Importer(2089858483,b0f066a214c2f5e87bad3c948f4d605d)
Start importing Assets/UnityTechnologies/TowerDefenseTemplate/Models/Towers/EnergyPylon/EnergyPylon_L02_Albedo_V002.tiff using Guid(36be37cf1318040a9995e9fa24699757) Importer(2089858483,b0f066a214c2f5e87bad3c948f4d605d) (ScriptedImporter) -> (artifact id: '7982fff8f8a5fa3bf90e31fff0be3e25') in 0.0203801 seconds
Number of updated asset objects reloaded before import = 0Number of asset objects unloaded after import = 1

========================================================================
Received Import Request.
  Time since last request: 0.000021 seconds.
  path: Assets/UnityTechnologies/TowerDefenseTemplate/Models/Towers/Laser/LaserTower_BASE_L01.fbx
  artifactKey: Guid(b033c863a55c94b0faefde576ffd460a) Importer(2089858483,b0f066a214c2f5e87bad3c948f4d605d)
Start importing Assets/UnityTechnologies/TowerDefenseTemplate/Models/Towers/Laser/LaserTower_BASE_L01.fbx using Guid(b033c863a55c94b0faefde576ffd460a) Importer(2089858483,b0f066a214c2f5e87bad3c948f4d605d) (ScriptedImporter) -> (artifact id: '113e4fb7dc04e7a845c7b2bb0d98859a') in 0.0208951 seconds
Number of updated asset objects reloaded before import = 0Number of asset objects unloaded after import = 10

========================================================================
Received Import Request.
  Time since last request: 0.000029 seconds.
  path: Assets/UnityTechnologies/TowerDefenseTemplate/Particles/Textures/explosion_Spark_1.png
  artifactKey: Guid(f1d2742654601415894e1089b3dddc00) Importer(2089858483,b0f066a214c2f5e87bad3c948f4d605d)
Start importing Assets/UnityTechnologies/TowerDefenseTemplate/Particles/Textures/explosion_Spark_1.png using Guid(f1d2742654601415894e1089b3dddc00) Importer(2089858483,b0f066a214c2f5e87bad3c948f4d605d) (ScriptedImporter) -> (artifact id: '96467b33c65d2d7e26f9f2c0cd0a70ad') in 0.0185395 seconds
Number of updated asset objects reloaded before import = 0Number of asset objects unloaded after import = 1

========================================================================
Received Import Request.
  Time since last request: 0.000047 seconds.
  path: Assets/UnityTechnologies/TowerDefenseTemplate/Prefabs/Managers/PoolManager.prefab
  artifactKey: Guid(a384eb6f3d0e94b8cbb9f2f549014170) Importer(2089858483,b0f066a214c2f5e87bad3c948f4d605d)
Start importing Assets/UnityTechnologies/TowerDefenseTemplate/Prefabs/Managers/PoolManager.prefab using Guid(a384eb6f3d0e94b8cbb9f2f549014170) Importer(2089858483,b0f066a214c2f5e87bad3c948f4d605d) (ScriptedImporter) -> (artifact id: '4426488995147ab619731137c1e023ab') in 0.018926 seconds
Number of updated asset objects reloaded before import = 0Number of asset objects unloaded after import = 5

========================================================================
Received Import Request.
  Time since last request: 0.000018 seconds.
  path: Assets/UnityTechnologies/TowerDefenseTemplate/Materials/Towers/MachineGun/MachineGun_Level1_tex_v001.mat
  artifactKey: Guid(76423a82f9c0241df9f051e3c0f4722d) Importer(2089858483,b0f066a214c2f5e87bad3c948f4d605d)
Start importing Assets/UnityTechnologies/TowerDefenseTemplate/Materials/Towers/MachineGun/MachineGun_Level1_tex_v001.mat using Guid(76423a82f9c0241df9f051e3c0f4722d) Importer(2089858483,b0f066a214c2f5e87bad3c948f4d605d) (ScriptedImporter) -> (artifact id: '4a92c3b73d46250d5f70931bd79baa4d') in 0.0215632 seconds
Number of updated asset objects reloaded before import = 0Number of asset objects unloaded after import = 2

========================================================================
Received Import Request.
  Time since last request: 0.000039 seconds.
  path: Assets/UnityTechnologies/TowerDefenseTemplate/Models/Towers/EMP Tower/EMP_Tower_level_2.fbx
  artifactKey: Guid(fa8bb063ccd904dd39b00c479f9e1484) Importer(2089858483,b0f066a214c2f5e87bad3c948f4d605d)
Start importing Assets/UnityTechnologies/TowerDefenseTemplate/Models/Towers/EMP Tower/EMP_Tower_level_2.fbx using Guid(fa8bb063ccd904dd39b00c479f9e1484) Importer(2089858483,b0f066a214c2f5e87bad3c948f4d605d) (ScriptedImporter) -> (artifact id: 'd60fa5384ca2176bfd5eb22ad1dab0d1') in 0.0231363 seconds
Number of updated asset objects reloaded before import = 0Number of asset objects unloaded after import = 8

========================================================================
Received Import Request.
  Time since last request: 0.000017 seconds.
  path: Assets/UnityTechnologies/TowerDefenseTemplate/PostProcessing/Editor/PostProcessingBehaviourEditor.cs
  artifactKey: Guid(0c12e797b02402246a52aa270c45059b) Importer(2089858483,b0f066a214c2f5e87bad3c948f4d605d)
Start importing Assets/UnityTechnologies/TowerDefenseTemplate/PostProcessing/Editor/PostProcessingBehaviourEditor.cs using Guid(0c12e797b02402246a52aa270c45059b) Importer(2089858483,b0f066a214c2f5e87bad3c948f4d605d) (ScriptedImporter) -> (artifact id: 'd632048c2c967cd0520132fa1bf62e1b') in 0.0165038 seconds
Number of updated asset objects reloaded before import = 0Number of asset objects unloaded after import = 0

========================================================================
Received Import Request.
  Time since last request: 0.000105 seconds.
  path: Assets/UnityTechnologies/TowerDefenseTemplate/Particles/Textures/Flare.png
  artifactKey: Guid(60ef6e57f00d84ceea154bb83f48a345) Importer(2089858483,b0f066a214c2f5e87bad3c948f4d605d)
Start importing Assets/UnityTechnologies/TowerDefenseTemplate/Particles/Textures/Flare.png using Guid(60ef6e57f00d84ceea154bb83f48a345) Importer(2089858483,b0f066a214c2f5e87bad3c948f4d605d) (ScriptedImporter) -> (artifact id: '193bc31bf9d1b5d74fb9fc913a681019') in 0.021878 seconds
Number of updated asset objects reloaded before import = 0Number of asset objects unloaded after import = 1

========================================================================
Received Import Request.
  Time since last request: 0.000034 seconds.
  path: Assets/UnityTechnologies/TowerDefenseTemplate/Prefabs/Managers/GameManager.prefab
  artifactKey: Guid(86d7078c8f1d34aaeaa4541b1dc2e90b) Importer(2089858483,b0f066a214c2f5e87bad3c948f4d605d)
Start importing Assets/UnityTechnologies/TowerDefenseTemplate/Prefabs/Managers/GameManager.prefab using Guid(86d7078c8f1d34aaeaa4541b1dc2e90b) Importer(2089858483,b0f066a214c2f5e87bad3c948f4d605d) (ScriptedImporter) -> (artifact id: '73ef85b18c69e5010195bde78fa23cd9') in 0.015559 seconds
Number of updated asset objects reloaded before import = 0Number of asset objects unloaded after import = 5

========================================================================
Received Import Request.
  Time since last request: 0.000027 seconds.
  path: Assets/UnityTechnologies/TowerDefenseTemplate/Models/Towers/EnergyPylon/EnergyPylon_L03_Albedo_V001.tiff
  artifactKey: Guid(da42da7650c9a43d2a79636cc00ade3e) Importer(2089858483,b0f066a214c2f5e87bad3c948f4d605d)
Start importing Assets/UnityTechnologies/TowerDefenseTemplate/Models/Towers/EnergyPylon/EnergyPylon_L03_Albedo_V001.tiff using Guid(da42da7650c9a43d2a79636cc00ade3e) Importer(2089858483,b0f066a214c2f5e87bad3c948f4d605d) (ScriptedImporter) -> (artifact id: '00a8e4b30f1b55e745a74d58e365f8ab') in 0.0242322 seconds
Number of updated asset objects reloaded before import = 0Number of asset objects unloaded after import = 1

========================================================================
Received Import Request.
  Time since last request: 0.000018 seconds.
  path: Assets/UnityTechnologies/TowerDefenseTemplate/Prefabs/UI/RadiusVisualiser.prefab
  artifactKey: Guid(037db0977f12f4f92915a74fe6e66d6a) Importer(2089858483,b0f066a214c2f5e87bad3c948f4d605d)
Start importing Assets/UnityTechnologies/TowerDefenseTemplate/Prefabs/UI/RadiusVisualiser.prefab using Guid(037db0977f12f4f92915a74fe6e66d6a) Importer(2089858483,b0f066a214c2f5e87bad3c948f4d605d) (ScriptedImporter) -> (artifact id: 'd6e13a48e8f5c0e2282e9393c2979217') in 0.0162261 seconds
Number of updated asset objects reloaded before import = 0Number of asset objects unloaded after import = 7

========================================================================
Received Import Request.
  Time since last request: 0.000020 seconds.
  path: Assets/UnityTechnologies/TowerDefenseTemplate/Models/Towers/Laser/LaserTower_TURRET_L03.fbx
  artifactKey: Guid(8031707b196244358abb896d165def8f) Importer(2089858483,b0f066a214c2f5e87bad3c948f4d605d)
Start importing Assets/UnityTechnologies/TowerDefenseTemplate/Models/Towers/Laser/LaserTower_TURRET_L03.fbx using Guid(8031707b196244358abb896d165def8f) Importer(2089858483,b0f066a214c2f5e87bad3c948f4d605d) (ScriptedImporter) -> (artifact id: 'b357b8fabfcea3bd2ba7f5f801525622') in 0.020177 seconds
Number of updated asset objects reloaded before import = 0Number of asset objects unloaded after import = 10

========================================================================
Received Import Request.
  Time since last request: 0.000017 seconds.
  path: Assets/UnityTechnologies/TowerDefenseTemplate/Prefabs/Enemies/SlowFx.prefab
  artifactKey: Guid(2a2145ba402264aca9c0deb7d222e5bc) Importer(2089858483,b0f066a214c2f5e87bad3c948f4d605d)
Start importing Assets/UnityTechnologies/TowerDefenseTemplate/Prefabs/Enemies/SlowFx.prefab using Guid(2a2145ba402264aca9c0deb7d222e5bc) Importer(2089858483,b0f066a214c2f5e87bad3c948f4d605d) (ScriptedImporter) -> (artifact id: '4d8a1b4239b5933146d0e56e108463cf') in 0.0203041 seconds
Number of updated asset objects reloaded before import = 0Number of asset objects unloaded after import = 12

========================================================================
Received Import Request.
  Time since last request: 0.000036 seconds.
  path: Assets/UnityTechnologies/TowerDefenseTemplate/Models/Towers/EMP Tower/EMP_Tower_level_2_tex_v001.tiff
  artifactKey: Guid(92ff3e2c433684de6b80ed9f6f48f0ea) Importer(2089858483,b0f066a214c2f5e87bad3c948f4d605d)
Start importing Assets/UnityTechnologies/TowerDefenseTemplate/Models/Towers/EMP Tower/EMP_Tower_level_2_tex_v001.tiff using Guid(92ff3e2c433684de6b80ed9f6f48f0ea) Importer(2089858483,b0f066a214c2f5e87bad3c948f4d605d) (ScriptedImporter) -> (artifact id: '6af6dae91e3791e3e0096c4ca6bf5199') in 0.0183133 seconds
Number of updated asset objects reloaded before import = 0Number of asset objects unloaded after import = 1

========================================================================
Received Import Request.
  Time since last request: 0.000083 seconds.
  path: Assets/UnityTechnologies/TowerDefenseTemplate/Models/Towers/EnergyPylon/EnergyPylon_L01.fbx
  artifactKey: Guid(0469414daa61e4dec9cdcdfa9bd58f74) Importer(2089858483,b0f066a214c2f5e87bad3c948f4d605d)
Start importing Assets/UnityTechnologies/TowerDefenseTemplate/Models/Towers/EnergyPylon/EnergyPylon_L01.fbx using Guid(0469414daa61e4dec9cdcdfa9bd58f74) Importer(2089858483,b0f066a214c2f5e87bad3c948f4d605d) (ScriptedImporter) -> (artifact id: 'f91896faf1d3fc8565412236c8d4fa96') in 0.0215676 seconds
Number of updated asset objects reloaded before import = 0Number of asset objects unloaded after import = 11

========================================================================
Received Import Request.
  Time since last request: 0.000021 seconds.
  path: Assets/UnityTechnologies/TowerDefenseTemplate/Particles/Textures/explosion_Smoke_3.png
  artifactKey: Guid(0eb91412e977a4cd8b7239436a1013e4) Importer(2089858483,b0f066a214c2f5e87bad3c948f4d605d)
Start importing Assets/UnityTechnologies/TowerDefenseTemplate/Particles/Textures/explosion_Smoke_3.png using Guid(0eb91412e977a4cd8b7239436a1013e4) Importer(2089858483,b0f066a214c2f5e87bad3c948f4d605d) (ScriptedImporter) -> (artifact id: 'd9ef0bd3bc20d8be3e0a50a4e93db838') in 0.0146007 seconds
Number of updated asset objects reloaded before import = 0Number of asset objects unloaded after import = 1

========================================================================
Received Import Request.
  Time since last request: 0.000048 seconds.
  path: Assets/UnityTechnologies/TowerDefenseTemplate/Models/Towers/EnergyPylon/EnergyPylon_L02_Shadow.fbx
  artifactKey: Guid(3a9fb61ffbe5144c7bcdf82cd331932f) Importer(2089858483,b0f066a214c2f5e87bad3c948f4d605d)
Start importing Assets/UnityTechnologies/TowerDefenseTemplate/Models/Towers/EnergyPylon/EnergyPylon_L02_Shadow.fbx using Guid(3a9fb61ffbe5144c7bcdf82cd331932f) Importer(2089858483,b0f066a214c2f5e87bad3c948f4d605d) (ScriptedImporter) -> (artifact id: '55d9ce043b820d84569e52c937ead5af') in 0.0199033 seconds
Number of updated asset objects reloaded before import = 0Number of asset objects unloaded after import = 7

========================================================================
Received Import Request.
  Time since last request: 0.000029 seconds.
  path: Assets/UnityTechnologies/TowerDefenseTemplate/Particles/Textures/Smoke.png
  artifactKey: Guid(836b2be9efdfb438b98aea9315952698) Importer(2089858483,b0f066a214c2f5e87bad3c948f4d605d)
Start importing Assets/UnityTechnologies/TowerDefenseTemplate/Particles/Textures/Smoke.png using Guid(836b2be9efdfb438b98aea9315952698) Importer(2089858483,b0f066a214c2f5e87bad3c948f4d605d) (ScriptedImporter) -> (artifact id: 'aeaf5cc26ec8019490ceec8b64dffe3e') in 0.0176717 seconds
Number of updated asset objects reloaded before import = 0Number of asset objects unloaded after import = 1

========================================================================
Received Import Request.
  Time since last request: 0.000030 seconds.
  path: Assets/UnityTechnologies/TowerDefenseTemplate/Particles/Textures/LaserBeam.png
  artifactKey: Guid(190712892bdc046c184d20fad6097c80) Importer(2089858483,b0f066a214c2f5e87bad3c948f4d605d)
Start importing Assets/UnityTechnologies/TowerDefenseTemplate/Particles/Textures/LaserBeam.png using Guid(190712892bdc046c184d20fad6097c80) Importer(2089858483,b0f066a214c2f5e87bad3c948f4d605d) (ScriptedImporter) -> (artifact id: 'af87ad93efedb4f05f171f69cac7371b') in 0.0154888 seconds
Number of updated asset objects reloaded before import = 0Number of asset objects unloaded after import = 1

========================================================================
Received Import Request.
  Time since last request: 0.000017 seconds.
  path: Assets/UnityTechnologies/TowerDefenseTemplate/PostProcessing/Editor/PostProcessingModelEditor.cs
  artifactKey: Guid(afe296d4ede60a0479734dc8c7df82c2) Importer(2089858483,b0f066a214c2f5e87bad3c948f4d605d)
Start importing Assets/UnityTechnologies/TowerDefenseTemplate/PostProcessing/Editor/PostProcessingModelEditor.cs using Guid(afe296d4ede60a0479734dc8c7df82c2) Importer(2089858483,b0f066a214c2f5e87bad3c948f4d605d) (ScriptedImporter) -> (artifact id: '1fecbae94d7e7838a46e66a486e0e07b') in 0.0133148 seconds
Number of updated asset objects reloaded before import = 0Number of asset objects unloaded after import = 0

========================================================================
Received Import Request.
  Time since last request: 0.000238 seconds.
  path: Assets/UnityTechnologies/TowerDefenseTemplate/Particles/Textures/LaserMuzzleFlash.png
  artifactKey: Guid(f1af2deb9e6d84bc091947966f7e17ff) Importer(2089858483,b0f066a214c2f5e87bad3c948f4d605d)
Start importing Assets/UnityTechnologies/TowerDefenseTemplate/Particles/Textures/LaserMuzzleFlash.png using Guid(f1af2deb9e6d84bc091947966f7e17ff) Importer(2089858483,b0f066a214c2f5e87bad3c948f4d605d) (ScriptedImporter) -> (artifact id: '1a1a7506e74491dd1fb629c98291e2a6') in 0.0196866 seconds
Number of updated asset objects reloaded before import = 0Number of asset objects unloaded after import = 1

========================================================================
Received Import Request.
  Time since last request: 0.000179 seconds.
  path: Assets/UnityTechnologies/TowerDefenseTemplate/Materials/Towers/SuperTower/SuperTower_Albedo_V001.mat
  artifactKey: Guid(2e04dff9c064c4e9e895a2396156bd66) Importer(2089858483,b0f066a214c2f5e87bad3c948f4d605d)
Start importing Assets/UnityTechnologies/TowerDefenseTemplate/Materials/Towers/SuperTower/SuperTower_Albedo_V001.mat using Guid(2e04dff9c064c4e9e895a2396156bd66) Importer(2089858483,b0f066a214c2f5e87bad3c948f4d605d) (ScriptedImporter) -> (artifact id: 'b2395b55262d23af85e045336b56f0cc') in 0.0466598 seconds
Number of updated asset objects reloaded before import = 0Number of asset objects unloaded after import = 2

========================================================================
Received Import Request.
  Time since last request: 0.000026 seconds.
  path: Assets/UnityTechnologies/TowerDefenseTemplate/Particles/Textures/explosion_Flame_4.png
  artifactKey: Guid(f114a7eb5ccbb4160ab790fcf4500e22) Importer(2089858483,b0f066a214c2f5e87bad3c948f4d605d)
Start importing Assets/UnityTechnologies/TowerDefenseTemplate/Particles/Textures/explosion_Flame_4.png using Guid(f114a7eb5ccbb4160ab790fcf4500e22) Importer(2089858483,b0f066a214c2f5e87bad3c948f4d605d) (ScriptedImporter) -> (artifact id: 'dacd2ea99533e1dbb7ad6ab3dd94577c') in 0.0199606 seconds
Number of updated asset objects reloaded before import = 0Number of asset objects unloaded after import = 1

========================================================================
Received Import Request.
  Time since last request: 0.000037 seconds.
  path: Assets/UnityTechnologies/TowerDefenseTemplate/Particles/Textures/BulletImpact.png
  artifactKey: Guid(fe9b460536dce4dae81dbb3e752a55bc) Importer(2089858483,b0f066a214c2f5e87bad3c948f4d605d)
Start importing Assets/UnityTechnologies/TowerDefenseTemplate/Particles/Textures/BulletImpact.png using Guid(fe9b460536dce4dae81dbb3e752a55bc) Importer(2089858483,b0f066a214c2f5e87bad3c948f4d605d) (ScriptedImporter) -> (artifact id: '667d1f395d387481917105e8d9319a52') in 0.0210814 seconds
Number of updated asset objects reloaded before import = 0Number of asset objects unloaded after import = 1

========================================================================
Received Import Request.
  Time since last request: 0.000032 seconds.
  path: Assets/UnityTechnologies/TowerDefenseTemplate/Particles/Textures/explosion_Flame_2.png
  artifactKey: Guid(d63c06c24facc47b6a4f28642b9b8277) Importer(2089858483,b0f066a214c2f5e87bad3c948f4d605d)
Start importing Assets/UnityTechnologies/TowerDefenseTemplate/Particles/Textures/explosion_Flame_2.png using Guid(d63c06c24facc47b6a4f28642b9b8277) Importer(2089858483,b0f066a214c2f5e87bad3c948f4d605d) (ScriptedImporter) -> (artifact id: '1834045e766914bdac662606cf7fc457') in 0.013442 seconds
Number of updated asset objects reloaded before import = 0Number of asset objects unloaded after import = 1

========================================================================
Received Import Request.
  Time since last request: 0.000035 seconds.
  path: Assets/UnityTechnologies/TowerDefenseTemplate/Materials/Towers/EMP Tower/EMP_Tower_level_2_tex_v001.mat
  artifactKey: Guid(1746bc6cb1bbc4c838b0dc492b4d195c) Importer(2089858483,b0f066a214c2f5e87bad3c948f4d605d)
Start importing Assets/UnityTechnologies/TowerDefenseTemplate/Materials/Towers/EMP Tower/EMP_Tower_level_2_tex_v001.mat using Guid(1746bc6cb1bbc4c838b0dc492b4d195c) Importer(2089858483,b0f066a214c2f5e87bad3c948f4d605d) (ScriptedImporter) -> (artifact id: '08e263e9ff4e69ec0b16ffe82abfd477') in 0.0166889 seconds
Number of updated asset objects reloaded before import = 0Number of asset objects unloaded after import = 2

========================================================================
Received Import Request.
  Time since last request: 0.000027 seconds.
  path: Assets/UnityTechnologies/TowerDefenseTemplate/Prefabs/Enemies/Hovertank.prefab
  artifactKey: Guid(114ecf184ff1c4e988d77a088effc364) Importer(2089858483,b0f066a214c2f5e87bad3c948f4d605d)
Start importing Assets/UnityTechnologies/TowerDefenseTemplate/Prefabs/Enemies/Hovertank.prefab using Guid(114ecf184ff1c4e988d77a088effc364) Importer(2089858483,b0f066a214c2f5e87bad3c948f4d605d) (ScriptedImporter) -> (artifact id: '346113d0c1557a2de4220ece6f1453ea') in 0.039276 seconds
Number of updated asset objects reloaded before import = 0Number of asset objects unloaded after import = 111

========================================================================
Received Import Request.
  Time since last request: 0.000024 seconds.
  path: Assets/UnityTechnologies/TowerDefenseTemplate/Materials/Towers/Rocket/Rocket_Tower_L01_Texture_V001.mat
  artifactKey: Guid(e63234a5bcebc41de96bbde36fccd9f0) Importer(2089858483,b0f066a214c2f5e87bad3c948f4d605d)
Start importing Assets/UnityTechnologies/TowerDefenseTemplate/Materials/Towers/Rocket/Rocket_Tower_L01_Texture_V001.mat using Guid(e63234a5bcebc41de96bbde36fccd9f0) Importer(2089858483,b0f066a214c2f5e87bad3c948f4d605d) (ScriptedImporter) -> (artifact id: '6cd864c8ea25e9c2a8e1d90c36edeaa8') in 0.0174568 seconds
Number of updated asset objects reloaded before import = 0Number of asset objects unloaded after import = 2

========================================================================
Received Import Request.
  Time since last request: 0.000029 seconds.
  path: Assets/UnityTechnologies/TowerDefenseTemplate/Prefabs/Player/GameCamera.prefab
  artifactKey: Guid(28035762430e74813854d9ca46df3ebd) Importer(2089858483,b0f066a214c2f5e87bad3c948f4d605d)
Start importing Assets/UnityTechnologies/TowerDefenseTemplate/Prefabs/Player/GameCamera.prefab using Guid(28035762430e74813854d9ca46df3ebd) Importer(2089858483,b0f066a214c2f5e87bad3c948f4d605d) (ScriptedImporter) -> (artifact id: 'a6623fb3da1ffaf2265bd1c94c92a3d5') in 0.0269534 seconds
Number of updated asset objects reloaded before import = 0Number of asset objects unloaded after import = 21

========================================================================
Received Import Request.
  Time since last request: 0.000018 seconds.
  path: Assets/UnityTechnologies/TowerDefenseTemplate/PostProcessing/Resources/Bluenoise64/LDR_LLL1_11.png
  artifactKey: Guid(771903fe7b4674445829e52e91cff019) Importer(2089858483,b0f066a214c2f5e87bad3c948f4d605d)
Start importing Assets/UnityTechnologies/TowerDefenseTemplate/PostProcessing/Resources/Bluenoise64/LDR_LLL1_11.png using Guid(771903fe7b4674445829e52e91cff019) Importer(2089858483,b0f066a214c2f5e87bad3c948f4d605d) (ScriptedImporter) -> (artifact id: 'ba741cb1ea7b6d1788b42df3b2a14f26') in 0.0226777 seconds
Number of updated asset objects reloaded before import = 0Number of asset objects unloaded after import = 1

========================================================================
Received Import Request.
  Time since last request: 0.000035 seconds.
  path: Assets/UnityTechnologies/TowerDefenseTemplate/Models/Towers/Rocket/Rocket_Tower_L02_Texture_V003.tif
  artifactKey: Guid(23ac691ae76604964857686fac3afecd) Importer(2089858483,b0f066a214c2f5e87bad3c948f4d605d)
Start importing Assets/UnityTechnologies/TowerDefenseTemplate/Models/Towers/Rocket/Rocket_Tower_L02_Texture_V003.tif using Guid(23ac691ae76604964857686fac3afecd) Importer(2089858483,b0f066a214c2f5e87bad3c948f4d605d) (ScriptedImporter) -> (artifact id: '14879a3ab01a0d1fb6a9650592c4f843') in 0.022603 seconds
Number of updated asset objects reloaded before import = 0Number of asset objects unloaded after import = 1

========================================================================
Received Import Request.
  Time since last request: 0.000035 seconds.
  path: Assets/UnityTechnologies/TowerDefenseTemplate/PostProcessing/Resources/Bluenoise64/LDR_LLL1_19.png
  artifactKey: Guid(729a3ae164bcb3b4380459386adcf331) Importer(2089858483,b0f066a214c2f5e87bad3c948f4d605d)
Start importing Assets/UnityTechnologies/TowerDefenseTemplate/PostProcessing/Resources/Bluenoise64/LDR_LLL1_19.png using Guid(729a3ae164bcb3b4380459386adcf331) Importer(2089858483,b0f066a214c2f5e87bad3c948f4d605d) (ScriptedImporter) -> (artifact id: '31309bb4ff5af2e8a73c75b3f76a3de7') in 0.0192074 seconds
Number of updated asset objects reloaded before import = 0Number of asset objects unloaded after import = 1

========================================================================
Received Import Request.
  Time since last request: 0.000014 seconds.
  path: Assets/UnityTechnologies/TowerDefenseTemplate/PostProcessing/Editor/Models/BloomModelEditor.cs
  artifactKey: Guid(a95f3f10e7e437c49ade656f531b30d2) Importer(2089858483,b0f066a214c2f5e87bad3c948f4d605d)
Start importing Assets/UnityTechnologies/TowerDefenseTemplate/PostProcessing/Editor/Models/BloomModelEditor.cs using Guid(a95f3f10e7e437c49ade656f531b30d2) Importer(2089858483,b0f066a214c2f5e87bad3c948f4d605d) (ScriptedImporter) -> (artifact id: 'ae3a7add0a79184bb73d65625c5a6523') in 0.0125566 seconds
Number of updated asset objects reloaded before import = 0Number of asset objects unloaded after import = 0

========================================================================
Received Import Request.
  Time since last request: 0.000022 seconds.
  path: Assets/UnityTechnologies/TowerDefenseTemplate/PostProcessing/Editor/Monitors/VectorscopeMonitor.cs
  artifactKey: Guid(805119df0d94800418006c621cc99cc2) Importer(2089858483,b0f066a214c2f5e87bad3c948f4d605d)
Start importing Assets/UnityTechnologies/TowerDefenseTemplate/PostProcessing/Editor/Monitors/VectorscopeMonitor.cs using Guid(805119df0d94800418006c621cc99cc2) Importer(2089858483,b0f066a214c2f5e87bad3c948f4d605d) (ScriptedImporter) -> (artifact id: 'd352dfc882ade3a0bbbee06165094bc4') in 0.0139898 seconds
Number of updated asset objects reloaded before import = 0Number of asset objects unloaded after import = 0

========================================================================
Received Import Request.
  Time since last request: 0.000084 seconds.
  path: Assets/UnityTechnologies/TowerDefenseTemplate/Models/Towers/MachineGun/Turret_MachineGun_L02.fbx
  artifactKey: Guid(b29d7ff11c99340e38246a09f771946f) Importer(2089858483,b0f066a214c2f5e87bad3c948f4d605d)
Start importing Assets/UnityTechnologies/TowerDefenseTemplate/Models/Towers/MachineGun/Turret_MachineGun_L02.fbx using Guid(b29d7ff11c99340e38246a09f771946f) Importer(2089858483,b0f066a214c2f5e87bad3c948f4d605d) (ScriptedImporter) -> (artifact id: 'cbd3c33452720bd707bb365eb1c53019') in 0.0198553 seconds
Number of updated asset objects reloaded before import = 0Number of asset objects unloaded after import = 9

========================================================================
Received Import Request.
  Time since last request: 0.000022 seconds.
  path: Assets/UnityTechnologies/TowerDefenseTemplate/PostProcessing/Resources/Bluenoise64/LDR_LLL1_13.png
  artifactKey: Guid(68613e6a221be1a4b9f31d7fa1c2d1bf) Importer(2089858483,b0f066a214c2f5e87bad3c948f4d605d)
Start importing Assets/UnityTechnologies/TowerDefenseTemplate/PostProcessing/Resources/Bluenoise64/LDR_LLL1_13.png using Guid(68613e6a221be1a4b9f31d7fa1c2d1bf) Importer(2089858483,b0f066a214c2f5e87bad3c948f4d605d) (ScriptedImporter) -> (artifact id: 'fbde87a353ed64cc33a1dc2303b63bcf') in 0.0166184 seconds
Number of updated asset objects reloaded before import = 0Number of asset objects unloaded after import = 1

========================================================================
Received Import Request.
  Time since last request: 0.000026 seconds.
  path: Assets/UnityTechnologies/TowerDefenseTemplate/Models/Towers/SuperTower/SuperTower_Albedo_V001.tif
  artifactKey: Guid(aa641dfadd2d1490fa27b0dbdfb7f121) Importer(2089858483,b0f066a214c2f5e87bad3c948f4d605d)
Start importing Assets/UnityTechnologies/TowerDefenseTemplate/Models/Towers/SuperTower/SuperTower_Albedo_V001.tif using Guid(aa641dfadd2d1490fa27b0dbdfb7f121) Importer(2089858483,b0f066a214c2f5e87bad3c948f4d605d) (ScriptedImporter) -> (artifact id: 'bb59f265faa7c62d395d0a3a63a6c938') in 0.0193983 seconds
Number of updated asset objects reloaded before import = 0Number of asset objects unloaded after import = 1

========================================================================
Received Import Request.
  Time since last request: 0.000098 seconds.
  path: Assets/UnityTechnologies/TowerDefenseTemplate/Models/Towers/Rocket/Turret_RocketTower_L03.fbx
  artifactKey: Guid(1c9385b2c3c07479f80437a2cef1fafa) Importer(2089858483,b0f066a214c2f5e87bad3c948f4d605d)
Start importing Assets/UnityTechnologies/TowerDefenseTemplate/Models/Towers/Rocket/Turret_RocketTower_L03.fbx using Guid(1c9385b2c3c07479f80437a2cef1fafa) Importer(2089858483,b0f066a214c2f5e87bad3c948f4d605d) (ScriptedImporter) -> (artifact id: 'c73db6606f8272a681b44053a059d0d3') in 0.0223005 seconds
Number of updated asset objects reloaded before import = 0Number of asset objects unloaded after import = 10

========================================================================
Received Import Request.
  Time since last request: 0.000016 seconds.
  path: Assets/UnityTechnologies/TowerDefenseTemplate/PostProcessing/Editor/PropertyDrawers/GetSetDrawer.cs
  artifactKey: Guid(e1a43b92f2bbd914ca2e6b4c6a5dba48) Importer(2089858483,b0f066a214c2f5e87bad3c948f4d605d)
Start importing Assets/UnityTechnologies/TowerDefenseTemplate/PostProcessing/Editor/PropertyDrawers/GetSetDrawer.cs using Guid(e1a43b92f2bbd914ca2e6b4c6a5dba48) Importer(2089858483,b0f066a214c2f5e87bad3c948f4d605d) (ScriptedImporter) -> (artifact id: 'b9ff8c9c94de7bdf983ca43ff742854a') in 0.0129211 seconds
Number of updated asset objects reloaded before import = 0Number of asset objects unloaded after import = 0

========================================================================
Received Import Request.
  Time since last request: 0.000065 seconds.
  path: Assets/UnityTechnologies/TowerDefenseTemplate/PostProcessing/Resources/Bluenoise64/LDR_LLL1_2.png
  artifactKey: Guid(a469f920b21fc7c4fb5b950917ce2fb2) Importer(2089858483,b0f066a214c2f5e87bad3c948f4d605d)
Start importing Assets/UnityTechnologies/TowerDefenseTemplate/PostProcessing/Resources/Bluenoise64/LDR_LLL1_2.png using Guid(a469f920b21fc7c4fb5b950917ce2fb2) Importer(2089858483,b0f066a214c2f5e87bad3c948f4d605d) (ScriptedImporter) -> (artifact id: '8476efea3275cd45ba0a5408bb531653') in 0.0184514 seconds
Number of updated asset objects reloaded before import = 0Number of asset objects unloaded after import = 1

========================================================================
Received Import Request.
  Time since last request: 0.000046 seconds.
  path: Assets/UnityTechnologies/TowerDefenseTemplate/PostProcessing/Editor/Monitors/ParadeMonitor.cs
  artifactKey: Guid(b1f878f3742072e40a280683573bd0ee) Importer(2089858483,b0f066a214c2f5e87bad3c948f4d605d)
Start importing Assets/UnityTechnologies/TowerDefenseTemplate/PostProcessing/Editor/Monitors/ParadeMonitor.cs using Guid(b1f878f3742072e40a280683573bd0ee) Importer(2089858483,b0f066a214c2f5e87bad3c948f4d605d) (ScriptedImporter) -> (artifact id: 'ad969c96d3af173f8f2e2c9ebabe4b62') in 0.0152328 seconds
Number of updated asset objects reloaded before import = 0Number of asset objects unloaded after import = 0

========================================================================
Received Import Request.
  Time since last request: 0.000091 seconds.
  path: Assets/UnityTechnologies/TowerDefenseTemplate/PostProcessing/Editor/Monitors/WaveformMonitor.cs
  artifactKey: Guid(2d45bc7edb5916446b4fa1ae1b6f9065) Importer(2089858483,b0f066a214c2f5e87bad3c948f4d605d)
Start importing Assets/UnityTechnologies/TowerDefenseTemplate/PostProcessing/Editor/Monitors/WaveformMonitor.cs using Guid(2d45bc7edb5916446b4fa1ae1b6f9065) Importer(2089858483,b0f066a214c2f5e87bad3c948f4d605d) (ScriptedImporter) -> (artifact id: '942c5787393ca38306dd5fe9fe9c4972') in 0.0133443 seconds
Number of updated asset objects reloaded before import = 0Number of asset objects unloaded after import = 0

========================================================================
Received Import Request.
  Time since last request: 0.000065 seconds.
  path: Assets/UnityTechnologies/TowerDefenseTemplate/Models/Towers/Rocket/Base_RocketTower_L02_Shadow.fbx
  artifactKey: Guid(4e9bdb986bdc54cf79e5ea7f079df436) Importer(2089858483,b0f066a214c2f5e87bad3c948f4d605d)
Start importing Assets/UnityTechnologies/TowerDefenseTemplate/Models/Towers/Rocket/Base_RocketTower_L02_Shadow.fbx using Guid(4e9bdb986bdc54cf79e5ea7f079df436) Importer(2089858483,b0f066a214c2f5e87bad3c948f4d605d) (ScriptedImporter) -> (artifact id: '4b5f7b7e88848c3216444a2bc50b804c') in 0.019209 seconds
Number of updated asset objects reloaded before import = 0Number of asset objects unloaded after import = 7

========================================================================
Received Import Request.
  Time since last request: 0.000027 seconds.
  path: Assets/UnityTechnologies/TowerDefenseTemplate/PostProcessing/Resources/Bluenoise64/LDR_LLL1_0.png
  artifactKey: Guid(50b54341495978843a6f85583ed4417d) Importer(2089858483,b0f066a214c2f5e87bad3c948f4d605d)
Start importing Assets/UnityTechnologies/TowerDefenseTemplate/PostProcessing/Resources/Bluenoise64/LDR_LLL1_0.png using Guid(50b54341495978843a6f85583ed4417d) Importer(2089858483,b0f066a214c2f5e87bad3c948f4d605d) (ScriptedImporter) -> (artifact id: 'c485f0cd56af38c8399e47ff15b5b13d') in 0.0158716 seconds
Number of updated asset objects reloaded before import = 0Number of asset objects unloaded after import = 1

========================================================================
Received Import Request.
  Time since last request: 0.000061 seconds.
  path: Assets/UnityTechnologies/TowerDefenseTemplate/PostProcessing/Editor/Utils/ReflectionUtils.cs
  artifactKey: Guid(71f7e805a7fc35046afbcf5c2639d116) Importer(2089858483,b0f066a214c2f5e87bad3c948f4d605d)
Start importing Assets/UnityTechnologies/TowerDefenseTemplate/PostProcessing/Editor/Utils/ReflectionUtils.cs using Guid(71f7e805a7fc35046afbcf5c2639d116) Importer(2089858483,b0f066a214c2f5e87bad3c948f4d605d) (ScriptedImporter) -> (artifact id: 'beb39c5f209409a6b19f46e9b7d8ac39') in 0.0100613 seconds
Number of updated asset objects reloaded before import = 0Number of asset objects unloaded after import = 0

========================================================================
Received Import Request.
  Time since last request: 0.000404 seconds.
  path: Assets/UnityTechnologies/TowerDefenseTemplate/Models/Towers/Rocket/Turret_RocketTower_L02_Shadow.fbx
  artifactKey: Guid(c5281a82deb8f42e5ba57e4aaab6dc3a) Importer(2089858483,b0f066a214c2f5e87bad3c948f4d605d)
Start importing Assets/UnityTechnologies/TowerDefenseTemplate/Models/Towers/Rocket/Turret_RocketTower_L02_Shadow.fbx using Guid(c5281a82deb8f42e5ba57e4aaab6dc3a) Importer(2089858483,b0f066a214c2f5e87bad3c948f4d605d) (ScriptedImporter) -> (artifact id: 'e4693add2c93f8aaa1b98d7c19e32a3a') in 0.0180759 seconds
Number of updated asset objects reloaded before import = 0Number of asset objects unloaded after import = 7

========================================================================
Received Import Request.
  Time since last request: 0.000023 seconds.
  path: Assets/UnityTechnologies/TowerDefenseTemplate/PostProcessing/Resources/Bluenoise64/LDR_LLL1_22.png
  artifactKey: Guid(df01d03f056c6f445b4b8a0ae054207c) Importer(2089858483,b0f066a214c2f5e87bad3c948f4d605d)
Start importing Assets/UnityTechnologies/TowerDefenseTemplate/PostProcessing/Resources/Bluenoise64/LDR_LLL1_22.png using Guid(df01d03f056c6f445b4b8a0ae054207c) Importer(2089858483,b0f066a214c2f5e87bad3c948f4d605d) (ScriptedImporter) -> (artifact id: 'd4e16fc25efeb7a12ba8a967c058a6d6') in 0.0165044 seconds
Number of updated asset objects reloaded before import = 0Number of asset objects unloaded after import = 1

========================================================================
Received Import Request.
  Time since last request: 0.000027 seconds.
  path: Assets/UnityTechnologies/TowerDefenseTemplate/PostProcessing/Editor Resources/Monitors/WaveformRender.shader
  artifactKey: Guid(8b3e43c50424ab2428a9c172843bc66d) Importer(2089858483,b0f066a214c2f5e87bad3c948f4d605d)
Start importing Assets/UnityTechnologies/TowerDefenseTemplate/PostProcessing/Editor Resources/Monitors/WaveformRender.shader using Guid(8b3e43c50424ab2428a9c172843bc66d) Importer(2089858483,b0f066a214c2f5e87bad3c948f4d605d) (ScriptedImporter) -> (artifact id: 'b459e7a3b31071bc977aed89c633e4fa') in 0.0158094 seconds
Number of updated asset objects reloaded before import = 0Number of asset objects unloaded after import = 1

========================================================================
Received Import Request.
  Time since last request: 0.000015 seconds.
  path: Assets/UnityTechnologies/TowerDefenseTemplate/PostProcessing/Resources/Bluenoise64/LDR_LLL1_12.png
  artifactKey: Guid(980acadb960f8424c94307ec0e585b4e) Importer(2089858483,b0f066a214c2f5e87bad3c948f4d605d)
Start importing Assets/UnityTechnologies/TowerDefenseTemplate/PostProcessing/Resources/Bluenoise64/LDR_LLL1_12.png using Guid(980acadb960f8424c94307ec0e585b4e) Importer(2089858483,b0f066a214c2f5e87bad3c948f4d605d) (ScriptedImporter) -> (artifact id: '0806a6a24d51cec973379b6451362cce') in 0.0191095 seconds
Number of updated asset objects reloaded before import = 0Number of asset objects unloaded after import = 1

========================================================================
Received Import Request.
  Time since last request: 0.000043 seconds.
  path: Assets/UnityTechnologies/TowerDefenseTemplate/Models/Towers/MachineGun/Base_MachineGun_L01_Shadow.fbx
  artifactKey: Guid(490fe486658304ca6887fd910d5ed644) Importer(2089858483,b0f066a214c2f5e87bad3c948f4d605d)
Start importing Assets/UnityTechnologies/TowerDefenseTemplate/Models/Towers/MachineGun/Base_MachineGun_L01_Shadow.fbx using Guid(490fe486658304ca6887fd910d5ed644) Importer(2089858483,b0f066a214c2f5e87bad3c948f4d605d) (ScriptedImporter) -> (artifact id: '3714fc1db49766f7234fbe03faadb230') in 0.0180545 seconds
Number of updated asset objects reloaded before import = 0Number of asset objects unloaded after import = 7

========================================================================
Received Import Request.
  Time since last request: 0.000025 seconds.
  path: Assets/UnityTechnologies/TowerDefenseTemplate/Models/Towers/MachineGun/Base_MachineGun_L02.fbx
  artifactKey: Guid(eef9d1528875a43edb151eb2f6326ff4) Importer(2089858483,b0f066a214c2f5e87bad3c948f4d605d)
Start importing Assets/UnityTechnologies/TowerDefenseTemplate/Models/Towers/MachineGun/Base_MachineGun_L02.fbx using Guid(eef9d1528875a43edb151eb2f6326ff4) Importer(2089858483,b0f066a214c2f5e87bad3c948f4d605d) (ScriptedImporter) -> (artifact id: 'b6e7aa284bd15844380558cfd96aaea7') in 0.0202798 seconds
Number of updated asset objects reloaded before import = 0Number of asset objects unloaded after import = 9

========================================================================
Received Import Request.
  Time since last request: 0.000026 seconds.
  path: Assets/UnityTechnologies/TowerDefenseTemplate/PostProcessing/Editor/Models/DitheringModelEditor.cs
  artifactKey: Guid(87377c86d84f49a4e912d37d28353e7f) Importer(2089858483,b0f066a214c2f5e87bad3c948f4d605d)
Start importing Assets/UnityTechnologies/TowerDefenseTemplate/PostProcessing/Editor/Models/DitheringModelEditor.cs using Guid(87377c86d84f49a4e912d37d28353e7f) Importer(2089858483,b0f066a214c2f5e87bad3c948f4d605d) (ScriptedImporter) -> (artifact id: '64a00e051cf846f474aedc0e92dde493') in 0.0148117 seconds
Number of updated asset objects reloaded before import = 0Number of asset objects unloaded after import = 0

========================================================================
Received Import Request.
  Time since last request: 0.000059 seconds.
  path: Assets/UnityTechnologies/TowerDefenseTemplate/PostProcessing/Editor Resources/UI/CurveBackground.shader
  artifactKey: Guid(b1b2bfb2897659e45983f0c3e7dda2c8) Importer(2089858483,b0f066a214c2f5e87bad3c948f4d605d)
Start importing Assets/UnityTechnologies/TowerDefenseTemplate/PostProcessing/Editor Resources/UI/CurveBackground.shader using Guid(b1b2bfb2897659e45983f0c3e7dda2c8) Importer(2089858483,b0f066a214c2f5e87bad3c948f4d605d) (ScriptedImporter) -> (artifact id: '962d5cb658fb16dd5ccdda71587c4c75') in 0.0124835 seconds
Number of updated asset objects reloaded before import = 0Number of asset objects unloaded after import = 1

========================================================================
Received Import Request.
  Time since last request: 0.000038 seconds.
  path: Assets/UnityTechnologies/TowerDefenseTemplate/Models/Towers/Laser/LaserTower_TURRET_L01_Shadow.fbx
  artifactKey: Guid(5264b22d57d4e4c9c9caec9d8b65452c) Importer(2089858483,b0f066a214c2f5e87bad3c948f4d605d)
Start importing Assets/UnityTechnologies/TowerDefenseTemplate/Models/Towers/Laser/LaserTower_TURRET_L01_Shadow.fbx using Guid(5264b22d57d4e4c9c9caec9d8b65452c) Importer(2089858483,b0f066a214c2f5e87bad3c948f4d605d) (ScriptedImporter) -> (artifact id: 'f079e9ebcd9ae79b77163aa4ab6217c9') in 0.0242361 seconds
Number of updated asset objects reloaded before import = 0Number of asset objects unloaded after import = 7

========================================================================
Received Import Request.
  Time since last request: 0.000076 seconds.
  path: Assets/UnityTechnologies/TowerDefenseTemplate/Particles/Textures/explosion_Smoke_1.png
  artifactKey: Guid(33306dfdeac694f39bc2c2674f969f9c) Importer(2089858483,b0f066a214c2f5e87bad3c948f4d605d)
Start importing Assets/UnityTechnologies/TowerDefenseTemplate/Particles/Textures/explosion_Smoke_1.png using Guid(33306dfdeac694f39bc2c2674f969f9c) Importer(2089858483,b0f066a214c2f5e87bad3c948f4d605d) (ScriptedImporter) -> (artifact id: 'f34619a55a3d6afc4c0af8babab072a4') in 0.0179165 seconds
Number of updated asset objects reloaded before import = 0Number of asset objects unloaded after import = 1

========================================================================
Received Import Request.
  Time since last request: 0.000017 seconds.
  path: Assets/UnityTechnologies/TowerDefenseTemplate/Prefabs/UI/PlacementTile.prefab
  artifactKey: Guid(8ce97201eea4a404b86d7d0906b89847) Importer(2089858483,b0f066a214c2f5e87bad3c948f4d605d)
Start importing Assets/UnityTechnologies/TowerDefenseTemplate/Prefabs/UI/PlacementTile.prefab using Guid(8ce97201eea4a404b86d7d0906b89847) Importer(2089858483,b0f066a214c2f5e87bad3c948f4d605d) (ScriptedImporter) -> (artifact id: 'e8a24df7f08e3608cea6a90dfa91ccad') in 0.0171208 seconds
Number of updated asset objects reloaded before import = 0Number of asset objects unloaded after import = 9

========================================================================
Received Import Request.
  Time since last request: 0.000028 seconds.
  path: Assets/UnityTechnologies/TowerDefenseTemplate/Models/Towers/MachineGun/Base_MachineGun_L03.fbx
  artifactKey: Guid(dca1d127a63854ace99cfd10bf9916cd) Importer(2089858483,b0f066a214c2f5e87bad3c948f4d605d)
Start importing Assets/UnityTechnologies/TowerDefenseTemplate/Models/Towers/MachineGun/Base_MachineGun_L03.fbx using Guid(dca1d127a63854ace99cfd10bf9916cd) Importer(2089858483,b0f066a214c2f5e87bad3c948f4d605d) (ScriptedImporter) -> (artifact id: 'ab368b2292b0ec112dac8b8767989e45') in 0.01853 seconds
Number of updated asset objects reloaded before import = 0Number of asset objects unloaded after import = 9

========================================================================
Received Import Request.
  Time since last request: 0.000023 seconds.
  path: Assets/UnityTechnologies/TowerDefenseTemplate/PostProcessing/Editor/Models/MotionBlurModelEditor.cs
  artifactKey: Guid(870806eda355b5144879155e2ba37eb6) Importer(2089858483,b0f066a214c2f5e87bad3c948f4d605d)
Start importing Assets/UnityTechnologies/TowerDefenseTemplate/PostProcessing/Editor/Models/MotionBlurModelEditor.cs using Guid(870806eda355b5144879155e2ba37eb6) Importer(2089858483,b0f066a214c2f5e87bad3c948f4d605d) (ScriptedImporter) -> (artifact id: '5d48dd380f4a5bf9759fad3eceb9fbd5') in 0.013633 seconds
Number of updated asset objects reloaded before import = 0Number of asset objects unloaded after import = 0

========================================================================
Received Import Request.
  Time since last request: 0.000044 seconds.
  path: Assets/UnityTechnologies/TowerDefenseTemplate/Particles/Textures/explosion_Spark_2.png
  artifactKey: Guid(9e7a2f91333814d1ba21be6f54e64af8) Importer(2089858483,b0f066a214c2f5e87bad3c948f4d605d)
Start importing Assets/UnityTechnologies/TowerDefenseTemplate/Particles/Textures/explosion_Spark_2.png using Guid(9e7a2f91333814d1ba21be6f54e64af8) Importer(2089858483,b0f066a214c2f5e87bad3c948f4d605d) (ScriptedImporter) -> (artifact id: '3cd2cfb3a6cc252f5ae54ea33e4f0dd3') in 0.0184286 seconds
Number of updated asset objects reloaded before import = 0Number of asset objects unloaded after import = 1

========================================================================
Received Import Request.
  Time since last request: 0.000029 seconds.
  path: Assets/UnityTechnologies/TowerDefenseTemplate/PostProcessing/Editor/Models/UserLutModelEditor.cs
  artifactKey: Guid(b235eb1c486b38c4fa06470234bbfd32) Importer(2089858483,b0f066a214c2f5e87bad3c948f4d605d)
Start importing Assets/UnityTechnologies/TowerDefenseTemplate/PostProcessing/Editor/Models/UserLutModelEditor.cs using Guid(b235eb1c486b38c4fa06470234bbfd32) Importer(2089858483,b0f066a214c2f5e87bad3c948f4d605d) (ScriptedImporter) -> (artifact id: 'e13ddc3d7247203d30994addac0c56f9') in 0.0131063 seconds
Number of updated asset objects reloaded before import = 0Number of asset objects unloaded after import = 0

========================================================================
Received Import Request.
  Time since last request: 0.000049 seconds.
  path: Assets/UnityTechnologies/TowerDefenseTemplate/Models/Towers/MachineGun/Turret_MachineGun_L03.fbx
  artifactKey: Guid(7b4f0cb8fc3314059b88194196134996) Importer(2089858483,b0f066a214c2f5e87bad3c948f4d605d)
Start importing Assets/UnityTechnologies/TowerDefenseTemplate/Models/Towers/MachineGun/Turret_MachineGun_L03.fbx using Guid(7b4f0cb8fc3314059b88194196134996) Importer(2089858483,b0f066a214c2f5e87bad3c948f4d605d) (ScriptedImporter) -> (artifact id: 'b3950b56392002ab4049319d08e61569') in 0.0198178 seconds
Number of updated asset objects reloaded before import = 0Number of asset objects unloaded after import = 9

========================================================================
Received Import Request.
  Time since last request: 0.000030 seconds.
  path: Assets/UnityTechnologies/TowerDefenseTemplate/Audio/SFX/Enemies Exploding/Enemies Exploding 1.wav
  artifactKey: Guid(f0f4d264bc72b4d0a8832cff5dd5a1de) Importer(2089858483,b0f066a214c2f5e87bad3c948f4d605d)
Start importing Assets/UnityTechnologies/TowerDefenseTemplate/Audio/SFX/Enemies Exploding/Enemies Exploding 1.wav using Guid(f0f4d264bc72b4d0a8832cff5dd5a1de) Importer(2089858483,b0f066a214c2f5e87bad3c948f4d605d) (ScriptedImporter) -> (artifact id: '0ce8404942b10497bac90bf91f9600a9') in 0.0252575 seconds
Number of updated asset objects reloaded before import = 0Number of asset objects unloaded after import = 1

========================================================================
Received Import Request.
  Time since last request: 0.000028 seconds.
  path: Assets/UnityTechnologies/TowerDefenseTemplate/PostProcessing/Resources/Shaders/Common.cginc
  artifactKey: Guid(eb88496804341c648b32a75843d92ccb) Importer(2089858483,b0f066a214c2f5e87bad3c948f4d605d)
Start importing Assets/UnityTechnologies/TowerDefenseTemplate/PostProcessing/Resources/Shaders/Common.cginc using Guid(eb88496804341c648b32a75843d92ccb) Importer(2089858483,b0f066a214c2f5e87bad3c948f4d605d) (ScriptedImporter) -> (artifact id: '29407facbcbb6250bc1af590ac16bd86') in 0.0130113 seconds
Number of updated asset objects reloaded before import = 0Number of asset objects unloaded after import = 1

========================================================================
Received Import Request.
  Time since last request: 0.000024 seconds.
  path: Assets/UnityTechnologies/TowerDefenseTemplate/PostProcessing/Resources/Bluenoise64/LDR_LLL1_39.png
  artifactKey: Guid(547dbd5f858c74047ba3f213e4408307) Importer(2089858483,b0f066a214c2f5e87bad3c948f4d605d)
Start importing Assets/UnityTechnologies/TowerDefenseTemplate/PostProcessing/Resources/Bluenoise64/LDR_LLL1_39.png using Guid(547dbd5f858c74047ba3f213e4408307) Importer(2089858483,b0f066a214c2f5e87bad3c948f4d605d) (ScriptedImporter) -> (artifact id: 'c4d3988b741b3c7a921a0e9bdf424e52') in 0.011923 seconds
Number of updated asset objects reloaded before import = 0Number of asset objects unloaded after import = 1

========================================================================
Received Import Request.
  Time since last request: 0.000021 seconds.
  path: Assets/UnityTechnologies/TowerDefenseTemplate/PostProcessing/Resources/Bluenoise64/LDR_LLL1_32.png
  artifactKey: Guid(87a5e40cc271ea648b583616f6ebe7fe) Importer(2089858483,b0f066a214c2f5e87bad3c948f4d605d)
Start importing Assets/UnityTechnologies/TowerDefenseTemplate/PostProcessing/Resources/Bluenoise64/LDR_LLL1_32.png using Guid(87a5e40cc271ea648b583616f6ebe7fe) Importer(2089858483,b0f066a214c2f5e87bad3c948f4d605d) (ScriptedImporter) -> (artifact id: '5f5e0298c9b561dd922ea2a024617ca8') in 0.0151752 seconds
Number of updated asset objects reloaded before import = 0Number of asset objects unloaded after import = 1

========================================================================
Received Import Request.
  Time since last request: 0.000041 seconds.
  path: Assets/UnityTechnologies/TowerDefenseTemplate/PostProcessing/Runtime/Components/DitheringComponent.cs
  artifactKey: Guid(35ceb4b3cfab56d43a3f0efeb9d68c43) Importer(2089858483,b0f066a214c2f5e87bad3c948f4d605d)
Start importing Assets/UnityTechnologies/TowerDefenseTemplate/PostProcessing/Runtime/Components/DitheringComponent.cs using Guid(35ceb4b3cfab56d43a3f0efeb9d68c43) Importer(2089858483,b0f066a214c2f5e87bad3c948f4d605d) (ScriptedImporter) -> (artifact id: '64c1d61bcd0f41ee05a984b836e874fa') in 0.0089807 seconds
Number of updated asset objects reloaded before import = 0Number of asset objects unloaded after import = 0

========================================================================
Received Import Request.
  Time since last request: 0.000018 seconds.
  path: Assets/UnityTechnologies/TowerDefenseTemplate/PostProcessing/Resources/Shaders/EyeAdaptation.shader
  artifactKey: Guid(81899cddfbc72494497a6db0ae045f2c) Importer(2089858483,b0f066a214c2f5e87bad3c948f4d605d)
Start importing Assets/UnityTechnologies/TowerDefenseTemplate/PostProcessing/Resources/Shaders/EyeAdaptation.shader using Guid(81899cddfbc72494497a6db0ae045f2c) Importer(2089858483,b0f066a214c2f5e87bad3c948f4d605d) (ScriptedImporter) -> (artifact id: 'ad715d39b1585db17a7a52886bf578f6') in 0.0111922 seconds
Number of updated asset objects reloaded before import = 0Number of asset objects unloaded after import = 1

========================================================================
Received Import Request.
  Time since last request: 0.000017 seconds.
  path: Assets/UnityTechnologies/TowerDefenseTemplate/PostProcessing/Resources/Bluenoise64/LDR_LLL1_29.png
  artifactKey: Guid(aa80dc44aa4fe4c43bb9d51d90cf2958) Importer(2089858483,b0f066a214c2f5e87bad3c948f4d605d)
Start importing Assets/UnityTechnologies/TowerDefenseTemplate/PostProcessing/Resources/Bluenoise64/LDR_LLL1_29.png using Guid(aa80dc44aa4fe4c43bb9d51d90cf2958) Importer(2089858483,b0f066a214c2f5e87bad3c948f4d605d) (ScriptedImporter) -> (artifact id: 'd405b33cf010506fc9dfb664de42604d') in 0.0131842 seconds
Number of updated asset objects reloaded before import = 0Number of asset objects unloaded after import = 1

========================================================================
Received Import Request.
  Time since last request: 0.000016 seconds.
  path: Assets/UnityTechnologies/TowerDefenseTemplate/PostProcessing/Runtime/Components/ChromaticAberrationComponent.cs
  artifactKey: Guid(b9c65642df654a84d84ded1b07448a4c) Importer(2089858483,b0f066a214c2f5e87bad3c948f4d605d)
Start importing Assets/UnityTechnologies/TowerDefenseTemplate/PostProcessing/Runtime/Components/ChromaticAberrationComponent.cs using Guid(b9c65642df654a84d84ded1b07448a4c) Importer(2089858483,b0f066a214c2f5e87bad3c948f4d605d) (ScriptedImporter) -> (artifact id: '8eba1a2a97c91d5dc9765d23abcb13aa') in 0.010332 seconds
Number of updated asset objects reloaded before import = 0Number of asset objects unloaded after import = 0

========================================================================
Received Import Request.
  Time since last request: 0.000029 seconds.
  path: Assets/UnityTechnologies/TowerDefenseTemplate/PostProcessing/Resources/Bluenoise64/LDR_LLL1_35.png
  artifactKey: Guid(0a79c155edf9b2d429d4736abee5acdb) Importer(2089858483,b0f066a214c2f5e87bad3c948f4d605d)
Start importing Assets/UnityTechnologies/TowerDefenseTemplate/PostProcessing/Resources/Bluenoise64/LDR_LLL1_35.png using Guid(0a79c155edf9b2d429d4736abee5acdb) Importer(2089858483,b0f066a214c2f5e87bad3c948f4d605d) (ScriptedImporter) -> (artifact id: 'a7311ab5dd01768fb21f2222c1a02472') in 0.0136961 seconds
Number of updated asset objects reloaded before import = 0Number of asset objects unloaded after import = 1

========================================================================
Received Import Request.
  Time since last request: 0.000020 seconds.
  path: Assets/UnityTechnologies/TowerDefenseTemplate/PostProcessing/Resources/Bluenoise64/LDR_LLL1_4.png
  artifactKey: Guid(6fa5cf178eaaa5f42b820f636bb6e0bd) Importer(2089858483,b0f066a214c2f5e87bad3c948f4d605d)
Start importing Assets/UnityTechnologies/TowerDefenseTemplate/PostProcessing/Resources/Bluenoise64/LDR_LLL1_4.png using Guid(6fa5cf178eaaa5f42b820f636bb6e0bd) Importer(2089858483,b0f066a214c2f5e87bad3c948f4d605d) (ScriptedImporter) -> (artifact id: '6bc0ff04e2882946219ef4b5d73eeb2c') in 0.0129161 seconds
Number of updated asset objects reloaded before import = 0Number of asset objects unloaded after import = 1

========================================================================
Received Import Request.
  Time since last request: 0.000023 seconds.
  path: Assets/UnityTechnologies/TowerDefenseTemplate/PostProcessing/Resources/Shaders/EyeAdaptation.cginc
  artifactKey: Guid(d2f406cad28afda489b94594fb3ce0af) Importer(2089858483,b0f066a214c2f5e87bad3c948f4d605d)
Start importing Assets/UnityTechnologies/TowerDefenseTemplate/PostProcessing/Resources/Shaders/EyeAdaptation.cginc using Guid(d2f406cad28afda489b94594fb3ce0af) Importer(2089858483,b0f066a214c2f5e87bad3c948f4d605d) (ScriptedImporter) -> (artifact id: '120b91ef274b3652eb588843ba70e674') in 0.0132861 seconds
Number of updated asset objects reloaded before import = 0Number of asset objects unloaded after import = 1

========================================================================
Received Import Request.
  Time since last request: 0.000037 seconds.
  path: Assets/UnityTechnologies/TowerDefenseTemplate/PostProcessing/Resources/Bluenoise64/LDR_LLL1_59.png
  artifactKey: Guid(d96974690c77f50489eb60ec84bd8dac) Importer(2089858483,b0f066a214c2f5e87bad3c948f4d605d)
Start importing Assets/UnityTechnologies/TowerDefenseTemplate/PostProcessing/Resources/Bluenoise64/LDR_LLL1_59.png using Guid(d96974690c77f50489eb60ec84bd8dac) Importer(2089858483,b0f066a214c2f5e87bad3c948f4d605d) (ScriptedImporter) -> (artifact id: 'd1cc54d0769728d5c87992f11e803d98') in 0.0154753 seconds
Number of updated asset objects reloaded before import = 0Number of asset objects unloaded after import = 1

========================================================================
Received Import Request.
  Time since last request: 0.000046 seconds.
  path: Assets/UnityTechnologies/TowerDefenseTemplate/PostProcessing/Resources/Bluenoise64/LDR_LLL1_9.png
  artifactKey: Guid(71583cfd8899717428d5b1a95fa39cda) Importer(2089858483,b0f066a214c2f5e87bad3c948f4d605d)
Start importing Assets/UnityTechnologies/TowerDefenseTemplate/PostProcessing/Resources/Bluenoise64/LDR_LLL1_9.png using Guid(71583cfd8899717428d5b1a95fa39cda) Importer(2089858483,b0f066a214c2f5e87bad3c948f4d605d) (ScriptedImporter) -> (artifact id: '4ce569f53950e05064d253f3053944bb') in 0.0144983 seconds
Number of updated asset objects reloaded before import = 0Number of asset objects unloaded after import = 1

========================================================================
Received Import Request.
  Time since last request: 0.000015 seconds.
  path: Assets/UnityTechnologies/TowerDefenseTemplate/PostProcessing/Runtime/Components/BloomComponent.cs
  artifactKey: Guid(acd4204a794b09048b928b1e987500c5) Importer(2089858483,b0f066a214c2f5e87bad3c948f4d605d)
Start importing Assets/UnityTechnologies/TowerDefenseTemplate/PostProcessing/Runtime/Components/BloomComponent.cs using Guid(acd4204a794b09048b928b1e987500c5) Importer(2089858483,b0f066a214c2f5e87bad3c948f4d605d) (ScriptedImporter) -> (artifact id: '3a7c6e4d9400f757fc9c0f6691ac3dc7') in 0.0112508 seconds
Number of updated asset objects reloaded before import = 0Number of asset objects unloaded after import = 0

========================================================================
Received Import Request.
  Time since last request: 0.000103 seconds.
  path: Assets/UnityTechnologies/TowerDefenseTemplate/PostProcessing/Resources/Bluenoise64/LDR_LLL1_8.png
  artifactKey: Guid(c55042318a938344ab23cd7f09dd0076) Importer(2089858483,b0f066a214c2f5e87bad3c948f4d605d)
Start importing Assets/UnityTechnologies/TowerDefenseTemplate/PostProcessing/Resources/Bluenoise64/LDR_LLL1_8.png using Guid(c55042318a938344ab23cd7f09dd0076) Importer(2089858483,b0f066a214c2f5e87bad3c948f4d605d) (ScriptedImporter) -> (artifact id: '9b90292bb91cccc1b125a5c1083a8e25') in 0.0171137 seconds
Number of updated asset objects reloaded before import = 0Number of asset objects unloaded after import = 1

========================================================================
Received Import Request.
  Time since last request: 0.000017 seconds.
  path: Assets/UnityTechnologies/TowerDefenseTemplate/PostProcessing/Runtime/Attributes/TrackballAttribute.cs
  artifactKey: Guid(65e30143f4e114f45b84a1d9cba8f469) Importer(2089858483,b0f066a214c2f5e87bad3c948f4d605d)
Start importing Assets/UnityTechnologies/TowerDefenseTemplate/PostProcessing/Runtime/Attributes/TrackballAttribute.cs using Guid(65e30143f4e114f45b84a1d9cba8f469) Importer(2089858483,b0f066a214c2f5e87bad3c948f4d605d) (ScriptedImporter) -> (artifact id: '1b323c18255aae021797e2d6a599ec60') in 0.014184 seconds
Number of updated asset objects reloaded before import = 0Number of asset objects unloaded after import = 0

========================================================================
Received Import Request.
  Time since last request: 0.000095 seconds.
  path: Assets/UnityTechnologies/TowerDefenseTemplate/PostProcessing/Resources/Bluenoise64/LDR_LLL1_40.png
  artifactKey: Guid(1a9ce5640cde5934aae0022f020464a6) Importer(2089858483,b0f066a214c2f5e87bad3c948f4d605d)
Start importing Assets/UnityTechnologies/TowerDefenseTemplate/PostProcessing/Resources/Bluenoise64/LDR_LLL1_40.png using Guid(1a9ce5640cde5934aae0022f020464a6) Importer(2089858483,b0f066a214c2f5e87bad3c948f4d605d) (ScriptedImporter) -> (artifact id: 'b019cc1e7926093b64e5af8ab570cb63') in 0.0157083 seconds
Number of updated asset objects reloaded before import = 0Number of asset objects unloaded after import = 1

========================================================================
Received Import Request.
  Time since last request: 0.000013 seconds.
  path: Assets/UnityTechnologies/TowerDefenseTemplate/PostProcessing/Resources/Shaders/ColorGrading.cginc
  artifactKey: Guid(26a62c2e30be83547bdfa9fe837165e3) Importer(2089858483,b0f066a214c2f5e87bad3c948f4d605d)
Start importing Assets/UnityTechnologies/TowerDefenseTemplate/PostProcessing/Resources/Shaders/ColorGrading.cginc using Guid(26a62c2e30be83547bdfa9fe837165e3) Importer(2089858483,b0f066a214c2f5e87bad3c948f4d605d) (ScriptedImporter) -> (artifact id: '3efbfdeb16493ecd5989b6cbfcd8fd20') in 0.012174 seconds
Number of updated asset objects reloaded before import = 0Number of asset objects unloaded after import = 1

========================================================================
Received Import Request.
  Time since last request: 0.000036 seconds.
  path: Assets/UnityTechnologies/TowerDefenseTemplate/PostProcessing/Resources/Bluenoise64/LDR_LLL1_34.png
  artifactKey: Guid(319b8e66db3faa4438cf6982e9c89b2f) Importer(2089858483,b0f066a214c2f5e87bad3c948f4d605d)
Start importing Assets/UnityTechnologies/TowerDefenseTemplate/PostProcessing/Resources/Bluenoise64/LDR_LLL1_34.png using Guid(319b8e66db3faa4438cf6982e9c89b2f) Importer(2089858483,b0f066a214c2f5e87bad3c948f4d605d) (ScriptedImporter) -> (artifact id: 'e44e50e08209a6181296175aedfaa8e6') in 0.0152959 seconds
Number of updated asset objects reloaded before import = 0Number of asset objects unloaded after import = 1

========================================================================
Received Import Request.
  Time since last request: 0.000030 seconds.
  path: Assets/UnityTechnologies/TowerDefenseTemplate/PostProcessing/Resources/Bluenoise64/LDR_LLL1_5.png
  artifactKey: Guid(a1ae041906217ae44a774d4ca139af50) Importer(2089858483,b0f066a214c2f5e87bad3c948f4d605d)
Start importing Assets/UnityTechnologies/TowerDefenseTemplate/PostProcessing/Resources/Bluenoise64/LDR_LLL1_5.png using Guid(a1ae041906217ae44a774d4ca139af50) Importer(2089858483,b0f066a214c2f5e87bad3c948f4d605d) (ScriptedImporter) -> (artifact id: 'bd093c3ec2603316d1b8d882b644a67b') in 0.0135457 seconds
Number of updated asset objects reloaded before import = 0Number of asset objects unloaded after import = 1

========================================================================
Received Import Request.
  Time since last request: 0.000019 seconds.
  path: Assets/UnityTechnologies/TowerDefenseTemplate/PostProcessing/Resources/Bluenoise64/LDR_LLL1_27.png
  artifactKey: Guid(bdd06fb88ef36ed4a85dd506352c2d80) Importer(2089858483,b0f066a214c2f5e87bad3c948f4d605d)
Start importing Assets/UnityTechnologies/TowerDefenseTemplate/PostProcessing/Resources/Bluenoise64/LDR_LLL1_27.png using Guid(bdd06fb88ef36ed4a85dd506352c2d80) Importer(2089858483,b0f066a214c2f5e87bad3c948f4d605d) (ScriptedImporter) -> (artifact id: 'd43f1de6b95fa714031f09bcb3183c59') in 0.0149401 seconds
Number of updated asset objects reloaded before import = 0Number of asset objects unloaded after import = 1

========================================================================
Received Import Request.
  Time since last request: 0.000042 seconds.
  path: Assets/UnityTechnologies/TowerDefenseTemplate/PostProcessing/Resources/Shaders/ACES.cginc
  artifactKey: Guid(b8d56fc3449f426408c23c723b58d7b5) Importer(2089858483,b0f066a214c2f5e87bad3c948f4d605d)
Start importing Assets/UnityTechnologies/TowerDefenseTemplate/PostProcessing/Resources/Shaders/ACES.cginc using Guid(b8d56fc3449f426408c23c723b58d7b5) Importer(2089858483,b0f066a214c2f5e87bad3c948f4d605d) (ScriptedImporter) -> (artifact id: 'abf8d9a783cf17c7f3e35ac0813f6a58') in 0.0097186 seconds
Number of updated asset objects reloaded before import = 0Number of asset objects unloaded after import = 1

========================================================================
Received Import Request.
  Time since last request: 0.000027 seconds.
  path: Assets/UnityTechnologies/TowerDefenseTemplate/PostProcessing/Runtime/Components/BuiltinDebugViewsComponent.cs
  artifactKey: Guid(fd834b6165e82e64f9da2d4ed9f4e236) Importer(2089858483,b0f066a214c2f5e87bad3c948f4d605d)
Start importing Assets/UnityTechnologies/TowerDefenseTemplate/PostProcessing/Runtime/Components/BuiltinDebugViewsComponent.cs using Guid(fd834b6165e82e64f9da2d4ed9f4e236) Importer(2089858483,b0f066a214c2f5e87bad3c948f4d605d) (ScriptedImporter) -> (artifact id: '0feb8b1898f262c867b0539fedba11fa') in 0.0109802 seconds
Number of updated asset objects reloaded before import = 0Number of asset objects unloaded after import = 0

========================================================================
Received Import Request.
  Time since last request: 0.000059 seconds.
  path: Assets/UnityTechnologies/TowerDefenseTemplate/PostProcessing/Runtime/Attributes/MinAttribute.cs
  artifactKey: Guid(9af2f505033843c46a362e251937acb1) Importer(2089858483,b0f066a214c2f5e87bad3c948f4d605d)
Start importing Assets/UnityTechnologies/TowerDefenseTemplate/PostProcessing/Runtime/Attributes/MinAttribute.cs using Guid(9af2f505033843c46a362e251937acb1) Importer(2089858483,b0f066a214c2f5e87bad3c948f4d605d) (ScriptedImporter) -> (artifact id: '239f18c937dc1ab74d34bf2a024541ed') in 0.0117866 seconds
Number of updated asset objects reloaded before import = 0Number of asset objects unloaded after import = 0

========================================================================
Received Import Request.
  Time since last request: 0.000056 seconds.
  path: Assets/UnityTechnologies/TowerDefenseTemplate/PostProcessing/Resources/Bluenoise64/LDR_LLL1_36.png
  artifactKey: Guid(351e95d0e20a54849bd4ce5f9b498934) Importer(2089858483,b0f066a214c2f5e87bad3c948f4d605d)
Start importing Assets/UnityTechnologies/TowerDefenseTemplate/PostProcessing/Resources/Bluenoise64/LDR_LLL1_36.png using Guid(351e95d0e20a54849bd4ce5f9b498934) Importer(2089858483,b0f066a214c2f5e87bad3c948f4d605d) (ScriptedImporter) -> (artifact id: 'fb58c5e88026ee6714bcc3003e0f6b30') in 0.0132585 seconds
Number of updated asset objects reloaded before import = 0Number of asset objects unloaded after import = 1

========================================================================
Received Import Request.
  Time since last request: 0.000029 seconds.
  path: Assets/UnityTechnologies/TowerDefenseTemplate/PostProcessing/Resources/Bluenoise64/LDR_LLL1_61.png
  artifactKey: Guid(119591e0bb084e848835d237546b3882) Importer(2089858483,b0f066a214c2f5e87bad3c948f4d605d)
Start importing Assets/UnityTechnologies/TowerDefenseTemplate/PostProcessing/Resources/Bluenoise64/LDR_LLL1_61.png using Guid(119591e0bb084e848835d237546b3882) Importer(2089858483,b0f066a214c2f5e87bad3c948f4d605d) (ScriptedImporter) -> (artifact id: '3687f7f8f3af1af23a125cea1d6af4ef') in 0.0140427 seconds
Number of updated asset objects reloaded before import = 0Number of asset objects unloaded after import = 1

========================================================================
Received Import Request.
  Time since last request: 0.000036 seconds.
  path: Assets/UnityTechnologies/TowerDefenseTemplate/PostProcessing/Editor/Models/ChromaticAberrationEditor.cs
  artifactKey: Guid(8a713f71a0169794a915a081f6242f60) Importer(2089858483,b0f066a214c2f5e87bad3c948f4d605d)
Start importing Assets/UnityTechnologies/TowerDefenseTemplate/PostProcessing/Editor/Models/ChromaticAberrationEditor.cs using Guid(8a713f71a0169794a915a081f6242f60) Importer(2089858483,b0f066a214c2f5e87bad3c948f4d605d) (ScriptedImporter) -> (artifact id: '81a4e394c59dc14affd970fc212d484a') in 0.0120177 seconds
Number of updated asset objects reloaded before import = 0Number of asset objects unloaded after import = 0

========================================================================
Received Import Request.
  Time since last request: 0.000073 seconds.
  path: Assets/UnityTechnologies/TowerDefenseTemplate/Audio/SFX/Tower Destruction/Destruction 3.wav
  artifactKey: Guid(6c7cd8002b13e4ca1974cb33ed5bd19c) Importer(2089858483,b0f066a214c2f5e87bad3c948f4d605d)
Start importing Assets/UnityTechnologies/TowerDefenseTemplate/Audio/SFX/Tower Destruction/Destruction 3.wav using Guid(6c7cd8002b13e4ca1974cb33ed5bd19c) Importer(2089858483,b0f066a214c2f5e87bad3c948f4d605d) (ScriptedImporter) -> (artifact id: '95d0e2482d2e45248dc8082c5106a838') in 0.0229064 seconds
Number of updated asset objects reloaded before import = 0Number of asset objects unloaded after import = 1

========================================================================
Received Import Request.
  Time since last request: 0.000016 seconds.
  path: Assets/UnityTechnologies/TowerDefenseTemplate/Models/Towers/Rocket/Base_RocketTower_L03.fbx
  artifactKey: Guid(5efb5ebf8259c497899b736e8bdbb2fb) Importer(2089858483,b0f066a214c2f5e87bad3c948f4d605d)
Start importing Assets/UnityTechnologies/TowerDefenseTemplate/Models/Towers/Rocket/Base_RocketTower_L03.fbx using Guid(5efb5ebf8259c497899b736e8bdbb2fb) Importer(2089858483,b0f066a214c2f5e87bad3c948f4d605d) (ScriptedImporter) -> (artifact id: '3ba9217f1b9df16a99f628b277fce156') in 0.0169896 seconds
Number of updated asset objects reloaded before import = 0Number of asset objects unloaded after import = 9

========================================================================
Received Import Request.
  Time since last request: 0.000024 seconds.
  path: Assets/UnityTechnologies/TowerDefenseTemplate/Prefabs/Enemies/Super Hoverboss.prefab
  artifactKey: Guid(6206e01c5c2d04db09a117c7c01052ac) Importer(2089858483,b0f066a214c2f5e87bad3c948f4d605d)
Start importing Assets/UnityTechnologies/TowerDefenseTemplate/Prefabs/Enemies/Super Hoverboss.prefab using Guid(6206e01c5c2d04db09a117c7c01052ac) Importer(2089858483,b0f066a214c2f5e87bad3c948f4d605d) (ScriptedImporter) -> (artifact id: 'e2fdab1f091248a9b97eab94cce46764') in 0.0238503 seconds
Number of updated asset objects reloaded before import = 0Number of asset objects unloaded after import = 114

========================================================================
Received Import Request.
  Time since last request: 0.000019 seconds.
  path: Assets/UnityTechnologies/TowerDefenseTemplate/PostProcessing/Resources/Shaders/MotionBlur.cginc
  artifactKey: Guid(c83956915580e42489479d2a109470ab) Importer(2089858483,b0f066a214c2f5e87bad3c948f4d605d)
Start importing Assets/UnityTechnologies/TowerDefenseTemplate/PostProcessing/Resources/Shaders/MotionBlur.cginc using Guid(c83956915580e42489479d2a109470ab) Importer(2089858483,b0f066a214c2f5e87bad3c948f4d605d) (ScriptedImporter) -> (artifact id: '8d55343d870fa108c932042e1826234a') in 0.0128751 seconds
Number of updated asset objects reloaded before import = 0Number of asset objects unloaded after import = 1

========================================================================
Received Import Request.
  Time since last request: 0.000066 seconds.
  path: Assets/UnityTechnologies/TowerDefenseTemplate/Models/Towers/Laser/LaserTower_BASE_L03.fbx
  artifactKey: Guid(d5fce1ef7f53e4b6384af86a686e95c9) Importer(2089858483,b0f066a214c2f5e87bad3c948f4d605d)
Start importing Assets/UnityTechnologies/TowerDefenseTemplate/Models/Towers/Laser/LaserTower_BASE_L03.fbx using Guid(d5fce1ef7f53e4b6384af86a686e95c9) Importer(2089858483,b0f066a214c2f5e87bad3c948f4d605d) (ScriptedImporter) -> (artifact id: 'ba8a0db35fe3cddec07d301091d112d2') in 0.018829 seconds
Number of updated asset objects reloaded before import = 0Number of asset objects unloaded after import = 10

========================================================================
Received Import Request.
  Time since last request: 0.000019 seconds.
  path: Assets/UnityTechnologies/TowerDefenseTemplate/Audio/SFX/Enemies Exploding/Enemies Exploding 3.wav
  artifactKey: Guid(ded8dc755033747d1b684ba9ec6ebfb1) Importer(2089858483,b0f066a214c2f5e87bad3c948f4d605d)
Start importing Assets/UnityTechnologies/TowerDefenseTemplate/Audio/SFX/Enemies Exploding/Enemies Exploding 3.wav using Guid(ded8dc755033747d1b684ba9ec6ebfb1) Importer(2089858483,b0f066a214c2f5e87bad3c948f4d605d) (ScriptedImporter) -> (artifact id: 'eda39127fe1daa427f21baaf554c05a9') in 0.0231299 seconds
Number of updated asset objects reloaded before import = 0Number of asset objects unloaded after import = 1

========================================================================
Received Import Request.
  Time since last request: 0.000040 seconds.
  path: Assets/UnityTechnologies/TowerDefenseTemplate/Particles/Textures/Muzzle Falsh Sprite Sheet.png
  artifactKey: Guid(18a3827efd7d845748ef8d160183d9cb) Importer(2089858483,b0f066a214c2f5e87bad3c948f4d605d)
Start importing Assets/UnityTechnologies/TowerDefenseTemplate/Particles/Textures/Muzzle Falsh Sprite Sheet.png using Guid(18a3827efd7d845748ef8d160183d9cb) Importer(2089858483,b0f066a214c2f5e87bad3c948f4d605d) (ScriptedImporter) -> (artifact id: '8ae23063f9bc212e500ae410ff7b8595') in 0.0147839 seconds
Number of updated asset objects reloaded before import = 0Number of asset objects unloaded after import = 1

========================================================================
Received Import Request.
  Time since last request: 0.000021 seconds.
  path: Assets/UnityTechnologies/TowerDefenseTemplate/Prefabs/Towers/Pylon/EnergyPylonGhost.prefab
  artifactKey: Guid(9256dc3e5baa245699af536d5a6a5328) Importer(2089858483,b0f066a214c2f5e87bad3c948f4d605d)
Start importing Assets/UnityTechnologies/TowerDefenseTemplate/Prefabs/Towers/Pylon/EnergyPylonGhost.prefab using Guid(9256dc3e5baa245699af536d5a6a5328) Importer(2089858483,b0f066a214c2f5e87bad3c948f4d605d) (ScriptedImporter) -> (artifact id: '14b21205763506c85d3443d63c2f2858') in 0.0144378 seconds
Number of updated asset objects reloaded before import = 0Number of asset objects unloaded after import = 14

========================================================================
Received Import Request.
  Time since last request: 0.000017 seconds.
  path: Assets/UnityTechnologies/TowerDefenseTemplate/Prefabs/Towers/Rocket/RocketTower.prefab
  artifactKey: Guid(0b6a68f73243844f2a8484744e5309de) Importer(2089858483,b0f066a214c2f5e87bad3c948f4d605d)
Start importing Assets/UnityTechnologies/TowerDefenseTemplate/Prefabs/Towers/Rocket/RocketTower.prefab using Guid(0b6a68f73243844f2a8484744e5309de) Importer(2089858483,b0f066a214c2f5e87bad3c948f4d605d) (ScriptedImporter) -> (artifact id: 'f1ee65b52b8edb442e36a2ec8d06d60a') in 0.0155863 seconds
Number of updated asset objects reloaded before import = 0Number of asset objects unloaded after import = 30

========================================================================
Received Import Request.
  Time since last request: 0.000024 seconds.
  path: Assets/UnityTechnologies/TowerDefenseTemplate/Scripts/ActionGameFramework/Audio/WeightedAudioList.cs
  artifactKey: Guid(fd34efcbe35e24a6a8391f169897f426) Importer(2089858483,b0f066a214c2f5e87bad3c948f4d605d)
Start importing Assets/UnityTechnologies/TowerDefenseTemplate/Scripts/ActionGameFramework/Audio/WeightedAudioList.cs using Guid(fd34efcbe35e24a6a8391f169897f426) Importer(2089858483,b0f066a214c2f5e87bad3c948f4d605d) (ScriptedImporter) -> (artifact id: 'b7eaa261647ae9cdfa2740ae5e7e78e9') in 0.0129336 seconds
Number of updated asset objects reloaded before import = 0Number of asset objects unloaded after import = 0

========================================================================
Received Import Request.
  Time since last request: 0.000066 seconds.
  path: Assets/UnityTechnologies/TowerDefenseTemplate/Prefabs/Towers/Rocket/RocketProjectile_0.prefab
  artifactKey: Guid(c11a889ae581148039036a639c0ab779) Importer(2089858483,b0f066a214c2f5e87bad3c948f4d605d)
Start importing Assets/UnityTechnologies/TowerDefenseTemplate/Prefabs/Towers/Rocket/RocketProjectile_0.prefab using Guid(c11a889ae581148039036a639c0ab779) Importer(2089858483,b0f066a214c2f5e87bad3c948f4d605d) (ScriptedImporter) -> (artifact id: 'd783408b4cffbaddd1d2dc98b97a0eb4') in 0.0138074 seconds
Number of updated asset objects reloaded before import = 0Number of asset objects unloaded after import = 24

========================================================================
Received Import Request.
  Time since last request: 0.000014 seconds.
  path: Assets/UnityTechnologies/TowerDefenseTemplate/PostProcessing/Runtime/Models/BuiltinDebugViewsModel.cs
  artifactKey: Guid(33d6d1a4b7b3dec40819019a25605191) Importer(2089858483,b0f066a214c2f5e87bad3c948f4d605d)
Start importing Assets/UnityTechnologies/TowerDefenseTemplate/PostProcessing/Runtime/Models/BuiltinDebugViewsModel.cs using Guid(33d6d1a4b7b3dec40819019a25605191) Importer(2089858483,b0f066a214c2f5e87bad3c948f4d605d) (ScriptedImporter) -> (artifact id: 'c146af16eac1d59a4ec659797a5b097a') in 0.0095974 seconds
Number of updated asset objects reloaded before import = 0Number of asset objects unloaded after import = 0

========================================================================
Received Import Request.
  Time since last request: 0.000057 seconds.
  path: Assets/UnityTechnologies/TowerDefenseTemplate/PostProcessing/Runtime/Models/DepthOfFieldModel.cs
  artifactKey: Guid(2626b17c595c71e43811d654eb28d30d) Importer(2089858483,b0f066a214c2f5e87bad3c948f4d605d)
Start importing Assets/UnityTechnologies/TowerDefenseTemplate/PostProcessing/Runtime/Models/DepthOfFieldModel.cs using Guid(2626b17c595c71e43811d654eb28d30d) Importer(2089858483,b0f066a214c2f5e87bad3c948f4d605d) (ScriptedImporter) -> (artifact id: 'd580ea09b5bc21c36b308ddc2d3d84a6') in 0.0122061 seconds
Number of updated asset objects reloaded before import = 0Number of asset objects unloaded after import = 0

========================================================================
Received Import Request.
  Time since last request: 0.000066 seconds.
  path: Assets/UnityTechnologies/TowerDefenseTemplate/Prefabs/UI/HUD/Game Over.prefab
  artifactKey: Guid(2eb1899defae34da2b354d8e1d91da35) Importer(2089858483,b0f066a214c2f5e87bad3c948f4d605d)
Start importing Assets/UnityTechnologies/TowerDefenseTemplate/Prefabs/UI/HUD/Game Over.prefab using Guid(2eb1899defae34da2b354d8e1d91da35) Importer(2089858483,b0f066a214c2f5e87bad3c948f4d605d) (ScriptedImporter) -> (artifact id: 'bdc29cf586c32f952f8ed82505de9684') in 0.0199104 seconds
Number of updated asset objects reloaded before import = 0Number of asset objects unloaded after import = 107

========================================================================
Received Import Request.
  Time since last request: 0.000055 seconds.
  path: Assets/UnityTechnologies/TowerDefenseTemplate/Prefabs/Towers/Pylon/EnergyPylon.prefab
  artifactKey: Guid(ae6256d5ec26b436fb1b2573af9e93f8) Importer(2089858483,b0f066a214c2f5e87bad3c948f4d605d)
Start importing Assets/UnityTechnologies/TowerDefenseTemplate/Prefabs/Towers/Pylon/EnergyPylon.prefab using Guid(ae6256d5ec26b436fb1b2573af9e93f8) Importer(2089858483,b0f066a214c2f5e87bad3c948f4d605d) (ScriptedImporter) -> (artifact id: '02bf8a86e007abfbd7c41ca10f7cb676') in 0.0203495 seconds
Number of updated asset objects reloaded before import = 0Number of asset objects unloaded after import = 30

========================================================================
Received Import Request.
  Time since last request: 0.000024 seconds.
  path: Assets/UnityTechnologies/TowerDefenseTemplate/Prefabs/Towers/Laser/LaserProjectile_1.prefab
  artifactKey: Guid(0ecd90e714d34422b939ac63133aadf2) Importer(2089858483,b0f066a214c2f5e87bad3c948f4d605d)
Start importing Assets/UnityTechnologies/TowerDefenseTemplate/Prefabs/Towers/Laser/LaserProjectile_1.prefab using Guid(0ecd90e714d34422b939ac63133aadf2) Importer(2089858483,b0f066a214c2f5e87bad3c948f4d605d) (ScriptedImporter) -> (artifact id: '66638a5956201f4b9bd15b8cbd2a55c3') in 0.01116 seconds
Number of updated asset objects reloaded before import = 0Number of asset objects unloaded after import = 7

========================================================================
Received Import Request.
  Time since last request: 0.000018 seconds.
  path: Assets/UnityTechnologies/TowerDefenseTemplate/Prefabs/Towers/Rocket/RocketProjectile_2.prefab
  artifactKey: Guid(53e6a1eae90074d84a70f9f1a1aa36de) Importer(2089858483,b0f066a214c2f5e87bad3c948f4d605d)
Start importing Assets/UnityTechnologies/TowerDefenseTemplate/Prefabs/Towers/Rocket/RocketProjectile_2.prefab using Guid(53e6a1eae90074d84a70f9f1a1aa36de) Importer(2089858483,b0f066a214c2f5e87bad3c948f4d605d) (ScriptedImporter) -> (artifact id: 'f0a063780ac7c11fbad97d1eeb5cb1d0') in 0.0142115 seconds
Number of updated asset objects reloaded before import = 0Number of asset objects unloaded after import = 24

========================================================================
Received Import Request.
  Time since last request: 0.000016 seconds.
  path: Assets/UnityTechnologies/TowerDefenseTemplate/Scripts/ActionGameFramework/Health/DamageCollider.cs
  artifactKey: Guid(8cf1cc7cb7e6b49f893f609dd57fce01) Importer(2089858483,b0f066a214c2f5e87bad3c948f4d605d)
Start importing Assets/UnityTechnologies/TowerDefenseTemplate/Scripts/ActionGameFramework/Health/DamageCollider.cs using Guid(8cf1cc7cb7e6b49f893f609dd57fce01) Importer(2089858483,b0f066a214c2f5e87bad3c948f4d605d) (ScriptedImporter) -> (artifact id: '3dba386ba6a71815a40d0d3e1a702f22') in 0.009946 seconds
Number of updated asset objects reloaded before import = 0Number of asset objects unloaded after import = 0

========================================================================
Received Import Request.
  Time since last request: 0.000024 seconds.
  path: Assets/UnityTechnologies/TowerDefenseTemplate/PostProcessing/Runtime/Models/AntialiasingModel.cs
  artifactKey: Guid(cb9a239ec5f20ca4cb5d0391441588de) Importer(2089858483,b0f066a214c2f5e87bad3c948f4d605d)
Start importing Assets/UnityTechnologies/TowerDefenseTemplate/PostProcessing/Runtime/Models/AntialiasingModel.cs using Guid(cb9a239ec5f20ca4cb5d0391441588de) Importer(2089858483,b0f066a214c2f5e87bad3c948f4d605d) (ScriptedImporter) -> (artifact id: '15fedf78654915e527988e25bfd36064') in 0.0098807 seconds
Number of updated asset objects reloaded before import = 0Number of asset objects unloaded after import = 0

========================================================================
Received Import Request.
  Time since last request: 0.000022 seconds.
  path: Assets/UnityTechnologies/TowerDefenseTemplate/PostProcessing/Utilities/CustomMotionTexture/ExampleWheelController.cs
  artifactKey: Guid(840c928746809454cb5b9309b640dbd7) Importer(2089858483,b0f066a214c2f5e87bad3c948f4d605d)
Start importing Assets/UnityTechnologies/TowerDefenseTemplate/PostProcessing/Utilities/CustomMotionTexture/ExampleWheelController.cs using Guid(840c928746809454cb5b9309b640dbd7) Importer(2089858483,b0f066a214c2f5e87bad3c948f4d605d) (ScriptedImporter) -> (artifact id: 'a3fef817496e004c5829c3a8b196caf4') in 0.0109612 seconds
Number of updated asset objects reloaded before import = 0Number of asset objects unloaded after import = 0

========================================================================
Received Import Request.
  Time since last request: 0.000022 seconds.
  path: Assets/UnityTechnologies/TowerDefenseTemplate/Prefabs/UI/HUD/Build Menu.prefab
  artifactKey: Guid(c2e9adc0fa208453ebebb129fa7c880d) Importer(2089858483,b0f066a214c2f5e87bad3c948f4d605d)
Start importing Assets/UnityTechnologies/TowerDefenseTemplate/Prefabs/UI/HUD/Build Menu.prefab using Guid(c2e9adc0fa208453ebebb129fa7c880d) Importer(2089858483,b0f066a214c2f5e87bad3c948f4d605d) (ScriptedImporter) -> (artifact id: 'b078328e711c5c82ca14d57802b02dd3') in 0.0145611 seconds
Number of updated asset objects reloaded before import = 0Number of asset objects unloaded after import = 78

========================================================================
Received Import Request.
  Time since last request: 0.000021 seconds.
  path: Assets/UnityTechnologies/TowerDefenseTemplate/Prefabs/Towers/EMP/EMP.prefab
  artifactKey: Guid(bb71db365cb6e4757aa6d7368e5d7967) Importer(2089858483,b0f066a214c2f5e87bad3c948f4d605d)
Start importing Assets/UnityTechnologies/TowerDefenseTemplate/Prefabs/Towers/EMP/EMP.prefab using Guid(bb71db365cb6e4757aa6d7368e5d7967) Importer(2089858483,b0f066a214c2f5e87bad3c948f4d605d) (ScriptedImporter) -> (artifact id: 'c989faa1d35cfa4a8468892ec27f994d') in 0.0170937 seconds
Number of updated asset objects reloaded before import = 0Number of asset objects unloaded after import = 33

========================================================================
Received Import Request.
  Time since last request: 0.000048 seconds.
  path: Assets/UnityTechnologies/TowerDefenseTemplate/Prefabs/UI/HUD/TowerBuildButton.prefab
  artifactKey: Guid(52dc984f1cb354d14945c76019a9225c) Importer(2089858483,b0f066a214c2f5e87bad3c948f4d605d)
Start importing Assets/UnityTechnologies/TowerDefenseTemplate/Prefabs/UI/HUD/TowerBuildButton.prefab using Guid(52dc984f1cb354d14945c76019a9225c) Importer(2089858483,b0f066a214c2f5e87bad3c948f4d605d) (ScriptedImporter) -> (artifact id: '4bcf0cd1783f8cd41904f7b53c29a472') in 0.0123411 seconds
Number of updated asset objects reloaded before import = 0Number of asset objects unloaded after import = 21

========================================================================
Received Import Request.
  Time since last request: 0.000029 seconds.
  path: Assets/UnityTechnologies/TowerDefenseTemplate/Scripts/ActionGameFramework/Audio/RandomAudioSource.cs
  artifactKey: Guid(e11f03a17effc4238ba95c5b616ee02c) Importer(2089858483,b0f066a214c2f5e87bad3c948f4d605d)
Start importing Assets/UnityTechnologies/TowerDefenseTemplate/Scripts/ActionGameFramework/Audio/RandomAudioSource.cs using Guid(e11f03a17effc4238ba95c5b616ee02c) Importer(2089858483,b0f066a214c2f5e87bad3c948f4d605d) (ScriptedImporter) -> (artifact id: '889789b69777b1842acbe545d5660701') in 0.0113697 seconds
Number of updated asset objects reloaded before import = 0Number of asset objects unloaded after import = 0

========================================================================
Received Import Request.
  Time since last request: 0.000023 seconds.
  path: Assets/UnityTechnologies/TowerDefenseTemplate/Prefabs/Towers/EMP/EMPGhost.prefab
  artifactKey: Guid(7b178c9d97ec54b49b7599e7f7560475) Importer(2089858483,b0f066a214c2f5e87bad3c948f4d605d)
Start importing Assets/UnityTechnologies/TowerDefenseTemplate/Prefabs/Towers/EMP/EMPGhost.prefab using Guid(7b178c9d97ec54b49b7599e7f7560475) Importer(2089858483,b0f066a214c2f5e87bad3c948f4d605d) (ScriptedImporter) -> (artifact id: '90b22c52532bf327e93b1b8fbb1d84ae') in 0.0138802 seconds
Number of updated asset objects reloaded before import = 0Number of asset objects unloaded after import = 14

========================================================================
Received Import Request.
  Time since last request: 0.000019 seconds.
  path: Assets/UnityTechnologies/TowerDefenseTemplate/PostProcessing/Runtime/Models/VignetteModel.cs
  artifactKey: Guid(d7aa967ba692363448f1b25d0728b9bd) Importer(2089858483,b0f066a214c2f5e87bad3c948f4d605d)
Start importing Assets/UnityTechnologies/TowerDefenseTemplate/PostProcessing/Runtime/Models/VignetteModel.cs using Guid(d7aa967ba692363448f1b25d0728b9bd) Importer(2089858483,b0f066a214c2f5e87bad3c948f4d605d) (ScriptedImporter) -> (artifact id: 'e417bdfb9681a937cbad73eb1f4ab92b') in 0.0098703 seconds
Number of updated asset objects reloaded before import = 0Number of asset objects unloaded after import = 0

========================================================================
Received Import Request.
  Time since last request: 0.000082 seconds.
  path: Assets/UnityTechnologies/TowerDefenseTemplate/PostProcessing/Runtime/Components/ScreenSpaceReflectionComponent.cs
  artifactKey: Guid(dd75f795d6a798f44a7801082f6a703f) Importer(2089858483,b0f066a214c2f5e87bad3c948f4d605d)
Start importing Assets/UnityTechnologies/TowerDefenseTemplate/PostProcessing/Runtime/Components/ScreenSpaceReflectionComponent.cs using Guid(dd75f795d6a798f44a7801082f6a703f) Importer(2089858483,b0f066a214c2f5e87bad3c948f4d605d) (ScriptedImporter) -> (artifact id: '0c508d8fc9da9430fa795c2a1a758b77') in 0.0107974 seconds
Number of updated asset objects reloaded before import = 0Number of asset objects unloaded after import = 0

========================================================================
Received Import Request.
  Time since last request: 0.000065 seconds.
  path: Assets/UnityTechnologies/TowerDefenseTemplate/PostProcessing/Textures/Lens Dirt/LensDirt01.png
  artifactKey: Guid(3884f7a2d04ffe8409ad9200b275896f) Importer(2089858483,b0f066a214c2f5e87bad3c948f4d605d)
Start importing Assets/UnityTechnologies/TowerDefenseTemplate/PostProcessing/Textures/Lens Dirt/LensDirt01.png using Guid(3884f7a2d04ffe8409ad9200b275896f) Importer(2089858483,b0f066a214c2f5e87bad3c948f4d605d) (ScriptedImporter) -> (artifact id: 'ee1236d3a5d557161e83bd4367191da8') in 0.0152377 seconds
Number of updated asset objects reloaded before import = 0Number of asset objects unloaded after import = 1

========================================================================
Received Import Request.
  Time since last request: 0.000035 seconds.
  path: Assets/UnityTechnologies/TowerDefenseTemplate/Scenes/Levels/Level4/Level4.unity
  artifactKey: Guid(62bfb8808bad14fdfa68f0e514c68d0c) Importer(2089858483,b0f066a214c2f5e87bad3c948f4d605d)
Start importing Assets/UnityTechnologies/TowerDefenseTemplate/Scenes/Levels/Level4/Level4.unity using Guid(62bfb8808bad14fdfa68f0e514c68d0c) Importer(2089858483,b0f066a214c2f5e87bad3c948f4d605d) (ScriptedImporter) -> (artifact id: '4a9b390f1de1cec377948bc16eecf008') in 0.043584 seconds
Number of updated asset objects reloaded before import = 0Number of asset objects unloaded after import = 1

========================================================================
Received Import Request.
  Time since last request: 0.000018 seconds.
  path: Assets/UnityTechnologies/TowerDefenseTemplate/Scripts/ActionGameFramework/Audio/HealthChangeAudioSource.cs
  artifactKey: Guid(33e80a6b499004adeb6926b351158fca) Importer(2089858483,b0f066a214c2f5e87bad3c948f4d605d)
Start importing Assets/UnityTechnologies/TowerDefenseTemplate/Scripts/ActionGameFramework/Audio/HealthChangeAudioSource.cs using Guid(33e80a6b499004adeb6926b351158fca) Importer(2089858483,b0f066a214c2f5e87bad3c948f4d605d) (ScriptedImporter) -> (artifact id: '28462f181e649ba535211053aba5d205') in 0.0108426 seconds
Number of updated asset objects reloaded before import = 0Number of asset objects unloaded after import = 0

========================================================================
Received Import Request.
  Time since last request: 0.000017 seconds.
  path: Assets/UnityTechnologies/TowerDefenseTemplate/Prefabs/Towers/Supertower/SuperTower.prefab
  artifactKey: Guid(a5ae177a9f1784879b89a3b1f6f4fbea) Importer(2089858483,b0f066a214c2f5e87bad3c948f4d605d)
Start importing Assets/UnityTechnologies/TowerDefenseTemplate/Prefabs/Towers/Supertower/SuperTower.prefab using Guid(a5ae177a9f1784879b89a3b1f6f4fbea) Importer(2089858483,b0f066a214c2f5e87bad3c948f4d605d) (ScriptedImporter) -> (artifact id: '2024ce63b0d24c5032ed390932471a35') in 0.0151615 seconds
Number of updated asset objects reloaded before import = 0Number of asset objects unloaded after import = 30

========================================================================
Received Import Request.
  Time since last request: 0.000016 seconds.
  path: Assets/UnityTechnologies/TowerDefenseTemplate/PostProcessing/Runtime/Models/BloomModel.cs
  artifactKey: Guid(e215a6ec29d100f489c186f289526f06) Importer(2089858483,b0f066a214c2f5e87bad3c948f4d605d)
Start importing Assets/UnityTechnologies/TowerDefenseTemplate/PostProcessing/Runtime/Models/BloomModel.cs using Guid(e215a6ec29d100f489c186f289526f06) Importer(2089858483,b0f066a214c2f5e87bad3c948f4d605d) (ScriptedImporter) -> (artifact id: '711e95ca5ca657a622e3139772a447e9') in 0.013658 seconds
Number of updated asset objects reloaded before import = 0Number of asset objects unloaded after import = 0

========================================================================
Received Import Request.
  Time since last request: 0.000042 seconds.
  path: Assets/UnityTechnologies/TowerDefenseTemplate/Prefabs/Towers/EMP/EMP_2.prefab
  artifactKey: Guid(d8faacfa67b8d4af8b5a81028390f02b) Importer(2089858483,b0f066a214c2f5e87bad3c948f4d605d)
Start importing Assets/UnityTechnologies/TowerDefenseTemplate/Prefabs/Towers/EMP/EMP_2.prefab using Guid(d8faacfa67b8d4af8b5a81028390f02b) Importer(2089858483,b0f066a214c2f5e87bad3c948f4d605d) (ScriptedImporter) -> (artifact id: '160eebaaeac5fe4f9c6eac0d9db91b58') in 0.0157512 seconds
Number of updated asset objects reloaded before import = 0Number of asset objects unloaded after import = 25

========================================================================
Received Import Request.
  Time since last request: 0.000020 seconds.
  path: Assets/UnityTechnologies/TowerDefenseTemplate/Prefabs/UI/HUD/TowerControllerUI.prefab
  artifactKey: Guid(4eadf710c1ae841f9aea598e5ca2f8c7) Importer(2089858483,b0f066a214c2f5e87bad3c948f4d605d)
Start importing Assets/UnityTechnologies/TowerDefenseTemplate/Prefabs/UI/HUD/TowerControllerUI.prefab using Guid(4eadf710c1ae841f9aea598e5ca2f8c7) Importer(2089858483,b0f066a214c2f5e87bad3c948f4d605d) (ScriptedImporter) -> (artifact id: '081f8ed84d7f1f9fe384d555d6099e59') in 0.0159568 seconds
Number of updated asset objects reloaded before import = 0Number of asset objects unloaded after import = 101

========================================================================
Received Import Request.
  Time since last request: 0.000020 seconds.
  path: Assets/UnityTechnologies/TowerDefenseTemplate/PostProcessing/Runtime/Components/TaaComponent.cs
  artifactKey: Guid(f28703283e17be54180fd04a7c70e1d5) Importer(2089858483,b0f066a214c2f5e87bad3c948f4d605d)
Start importing Assets/UnityTechnologies/TowerDefenseTemplate/PostProcessing/Runtime/Components/TaaComponent.cs using Guid(f28703283e17be54180fd04a7c70e1d5) Importer(2089858483,b0f066a214c2f5e87bad3c948f4d605d) (ScriptedImporter) -> (artifact id: '9e19a039527387c605ca901cc0967477') in 0.0107015 seconds
Number of updated asset objects reloaded before import = 0Number of asset objects unloaded after import = 0

========================================================================
Received Import Request.
  Time since last request: 0.000068 seconds.
  path: Assets/UnityTechnologies/TowerDefenseTemplate/PostProcessing/Runtime/Models/AmbientOcclusionModel.cs
  artifactKey: Guid(564228afc5cbd5f49beb80038b4b7af2) Importer(2089858483,b0f066a214c2f5e87bad3c948f4d605d)
Start importing Assets/UnityTechnologies/TowerDefenseTemplate/PostProcessing/Runtime/Models/AmbientOcclusionModel.cs using Guid(564228afc5cbd5f49beb80038b4b7af2) Importer(2089858483,b0f066a214c2f5e87bad3c948f4d605d) (ScriptedImporter) -> (artifact id: '20d156b9609531d92e5110208ee14095') in 0.0107756 seconds
Number of updated asset objects reloaded before import = 0Number of asset objects unloaded after import = 0

========================================================================
Received Import Request.
  Time since last request: 0.000024 seconds.
  path: Assets/UnityTechnologies/TowerDefenseTemplate/Prefabs/Towers/MachineGun/MachineGunTower.prefab
  artifactKey: Guid(7c0dba931e033498aa3fcfdf50adb263) Importer(2089858483,b0f066a214c2f5e87bad3c948f4d605d)
Start importing Assets/UnityTechnologies/TowerDefenseTemplate/Prefabs/Towers/MachineGun/MachineGunTower.prefab using Guid(7c0dba931e033498aa3fcfdf50adb263) Importer(2089858483,b0f066a214c2f5e87bad3c948f4d605d) (ScriptedImporter) -> (artifact id: 'e551f8c91d5ec35ef4e247ca2a9d5a8f') in 0.0165259 seconds
Number of updated asset objects reloaded before import = 0Number of asset objects unloaded after import = 30

========================================================================
Received Import Request.
  Time since last request: 0.000016 seconds.
  path: Assets/UnityTechnologies/TowerDefenseTemplate/PostProcessing/Runtime/Components/VignetteComponent.cs
  artifactKey: Guid(39074aa97f4be23438147346f081c7f3) Importer(2089858483,b0f066a214c2f5e87bad3c948f4d605d)
Start importing Assets/UnityTechnologies/TowerDefenseTemplate/PostProcessing/Runtime/Components/VignetteComponent.cs using Guid(39074aa97f4be23438147346f081c7f3) Importer(2089858483,b0f066a214c2f5e87bad3c948f4d605d) (ScriptedImporter) -> (artifact id: '3cd738222f4b799b91992b8b284a00e9') in 0.011637 seconds
Number of updated asset objects reloaded before import = 0Number of asset objects unloaded after import = 0

========================================================================
Received Import Request.
  Time since last request: 0.000055 seconds.
  path: Assets/UnityTechnologies/TowerDefenseTemplate/Audio/SFX/Enemies Exploding/Enemies Exploding 2.wav
  artifactKey: Guid(762259e894ae7465eb205d15ff0415c7) Importer(2089858483,b0f066a214c2f5e87bad3c948f4d605d)
Start importing Assets/UnityTechnologies/TowerDefenseTemplate/Audio/SFX/Enemies Exploding/Enemies Exploding 2.wav using Guid(762259e894ae7465eb205d15ff0415c7) Importer(2089858483,b0f066a214c2f5e87bad3c948f4d605d) (ScriptedImporter) -> (artifact id: 'fd92bb66ad7047edee8cb9663d428f68') in 0.0261698 seconds
Number of updated asset objects reloaded before import = 0Number of asset objects unloaded after import = 1

========================================================================
Received Import Request.
  Time since last request: 0.000021 seconds.
  path: Assets/UnityTechnologies/TowerDefenseTemplate/Prefabs/Towers/Supertower/SuperTowerGhost.prefab
  artifactKey: Guid(def5a1fc3ea59439fa8023749f7a160f) Importer(2089858483,b0f066a214c2f5e87bad3c948f4d605d)
Start importing Assets/UnityTechnologies/TowerDefenseTemplate/Prefabs/Towers/Supertower/SuperTowerGhost.prefab using Guid(def5a1fc3ea59439fa8023749f7a160f) Importer(2089858483,b0f066a214c2f5e87bad3c948f4d605d) (ScriptedImporter) -> (artifact id: '2b4217652e793988d32be49a812f4ddd') in 0.0133949 seconds
Number of updated asset objects reloaded before import = 0Number of asset objects unloaded after import = 17

========================================================================
Received Import Request.
  Time since last request: 0.000015 seconds.
  path: Assets/UnityTechnologies/TowerDefenseTemplate/Scripts/Core/Data/GameManagerBase.cs
  artifactKey: Guid(f1c83015c75c49ae806aaaf1a69c7840) Importer(2089858483,b0f066a214c2f5e87bad3c948f4d605d)
Start importing Assets/UnityTechnologies/TowerDefenseTemplate/Scripts/Core/Data/GameManagerBase.cs using Guid(f1c83015c75c49ae806aaaf1a69c7840) Importer(2089858483,b0f066a214c2f5e87bad3c948f4d605d) (ScriptedImporter) -> (artifact id: 'ee8ad3f9345356761c2651d337463aa8') in 0.0106626 seconds
Number of updated asset objects reloaded before import = 0Number of asset objects unloaded after import = 0

========================================================================
Received Import Request.
  Time since last request: 0.000453 seconds.
  path: Assets/UnityTechnologies/TowerDefenseTemplate/PostProcessing/Resources/Shaders/Tonemapping.cginc
  artifactKey: Guid(0a999e641c982a14d9c68dfd53a98afc) Importer(2089858483,b0f066a214c2f5e87bad3c948f4d605d)
Start importing Assets/UnityTechnologies/TowerDefenseTemplate/PostProcessing/Resources/Shaders/Tonemapping.cginc using Guid(0a999e641c982a14d9c68dfd53a98afc) Importer(2089858483,b0f066a214c2f5e87bad3c948f4d605d) (ScriptedImporter) -> (artifact id: 'cb56560d9d25a7b7919a17890c5509dc') in 0.0111658 seconds
Number of updated asset objects reloaded before import = 0Number of asset objects unloaded after import = 1

========================================================================
Received Import Request.
  Time since last request: 0.000028 seconds.
  path: Assets/UnityTechnologies/TowerDefenseTemplate/Scripts/Core/UI/IMainMenuPage.cs
  artifactKey: Guid(1062aba924c84f0995ff0348679316aa) Importer(2089858483,b0f066a214c2f5e87bad3c948f4d605d)
Start importing Assets/UnityTechnologies/TowerDefenseTemplate/Scripts/Core/UI/IMainMenuPage.cs using Guid(1062aba924c84f0995ff0348679316aa) Importer(2089858483,b0f066a214c2f5e87bad3c948f4d605d) (ScriptedImporter) -> (artifact id: 'dc5ff40f01a56f4b60b80edcae0888b4') in 0.0115838 seconds
Number of updated asset objects reloaded before import = 0Number of asset objects unloaded after import = 0

========================================================================
Received Import Request.
  Time since last request: 0.000048 seconds.
  path: Assets/UnityTechnologies/TowerDefenseTemplate/Scripts/Core/Health/HitInfo.cs
  artifactKey: Guid(1d0761e3b64f74995b70d42417095df9) Importer(2089858483,b0f066a214c2f5e87bad3c948f4d605d)
Start importing Assets/UnityTechnologies/TowerDefenseTemplate/Scripts/Core/Health/HitInfo.cs using Guid(1d0761e3b64f74995b70d42417095df9) Importer(2089858483,b0f066a214c2f5e87bad3c948f4d605d) (ScriptedImporter) -> (artifact id: 'bd070f8ed5443e4e8818bc14c46c960f') in 0.0101764 seconds
Number of updated asset objects reloaded before import = 0Number of asset objects unloaded after import = 0

========================================================================
Received Import Request.
  Time since last request: 0.000013 seconds.
  path: Assets/UnityTechnologies/TowerDefenseTemplate/Scripts/ActionGameFramework/Projectiles/BallisticFireMode.cs
  artifactKey: Guid(58493e8885254fed96f77d2a83b4a4d6) Importer(2089858483,b0f066a214c2f5e87bad3c948f4d605d)
Start importing Assets/UnityTechnologies/TowerDefenseTemplate/Scripts/ActionGameFramework/Projectiles/BallisticFireMode.cs using Guid(58493e8885254fed96f77d2a83b4a4d6) Importer(2089858483,b0f066a214c2f5e87bad3c948f4d605d) (ScriptedImporter) -> (artifact id: '8d92a94e6c40a29effdab39ef655bf43') in 0.0101611 seconds
Number of updated asset objects reloaded before import = 0Number of asset objects unloaded after import = 0

========================================================================
Received Import Request.
  Time since last request: 0.000088 seconds.
  path: Assets/UnityTechnologies/TowerDefenseTemplate/Scripts/ActionGameFramework/Projectiles/LinearProjectile.cs
  artifactKey: Guid(aa99996c5ce2940388b7599dea31bd82) Importer(2089858483,b0f066a214c2f5e87bad3c948f4d605d)
Start importing Assets/UnityTechnologies/TowerDefenseTemplate/Scripts/ActionGameFramework/Projectiles/LinearProjectile.cs using Guid(aa99996c5ce2940388b7599dea31bd82) Importer(2089858483,b0f066a214c2f5e87bad3c948f4d605d) (ScriptedImporter) -> (artifact id: '09b98a8fe80751a0db82255527d6febe') in 0.0106399 seconds
Number of updated asset objects reloaded before import = 0Number of asset objects unloaded after import = 0

========================================================================
Received Import Request.
  Time since last request: 0.000013 seconds.
  path: Assets/UnityTechnologies/TowerDefenseTemplate/Scripts/Core/Game/LevelList.cs
  artifactKey: Guid(f7501bbf02d6a475e897f4d07ff3fdc1) Importer(2089858483,b0f066a214c2f5e87bad3c948f4d605d)
Start importing Assets/UnityTechnologies/TowerDefenseTemplate/Scripts/Core/Game/LevelList.cs using Guid(f7501bbf02d6a475e897f4d07ff3fdc1) Importer(2089858483,b0f066a214c2f5e87bad3c948f4d605d) (ScriptedImporter) -> (artifact id: '206186fda9051f1180408f4789e6f502') in 0.0107514 seconds
Number of updated asset objects reloaded before import = 0Number of asset objects unloaded after import = 0

========================================================================
Received Import Request.
  Time since last request: 0.000016 seconds.
  path: Assets/UnityTechnologies/TowerDefenseTemplate/Scripts/TowerDefense/Agents/FlyingAgent.cs
  artifactKey: Guid(569b1d2529d440fb938480b36a482dc0) Importer(2089858483,b0f066a214c2f5e87bad3c948f4d605d)
Start importing Assets/UnityTechnologies/TowerDefenseTemplate/Scripts/TowerDefense/Agents/FlyingAgent.cs using Guid(569b1d2529d440fb938480b36a482dc0) Importer(2089858483,b0f066a214c2f5e87bad3c948f4d605d) (ScriptedImporter) -> (artifact id: 'a749537fbd369758ddd93cbb8ab34623') in 0.0102135 seconds
Number of updated asset objects reloaded before import = 0Number of asset objects unloaded after import = 0

========================================================================
Received Import Request.
  Time since last request: 0.000024 seconds.
  path: Assets/UnityTechnologies/TowerDefenseTemplate/Scripts/Core/Utilities/Singleton.cs
  artifactKey: Guid(b95acdcda897a42969cf3088fd510331) Importer(2089858483,b0f066a214c2f5e87bad3c948f4d605d)
Start importing Assets/UnityTechnologies/TowerDefenseTemplate/Scripts/Core/Utilities/Singleton.cs using Guid(b95acdcda897a42969cf3088fd510331) Importer(2089858483,b0f066a214c2f5e87bad3c948f4d605d) (ScriptedImporter) -> (artifact id: 'ebb96c4b545bfa6e4bf0e3b238bad0c5') in 0.0106588 seconds
Number of updated asset objects reloaded before import = 0Number of asset objects unloaded after import = 0

========================================================================
Received Import Request.
  Time since last request: 0.000182 seconds.
  path: Assets/UnityTechnologies/TowerDefenseTemplate/Scripts/TowerDefense/Economy/CurrencyChangeInfo.cs
  artifactKey: Guid(ddff25a5a3714301a9a980f66e4c8607) Importer(2089858483,b0f066a214c2f5e87bad3c948f4d605d)
Start importing Assets/UnityTechnologies/TowerDefenseTemplate/Scripts/TowerDefense/Economy/CurrencyChangeInfo.cs using Guid(ddff25a5a3714301a9a980f66e4c8607) Importer(2089858483,b0f066a214c2f5e87bad3c948f4d605d) (ScriptedImporter) -> (artifact id: 'da95b8762c99a3d561b231f01093322e') in 0.0124375 seconds
Number of updated asset objects reloaded before import = 0Number of asset objects unloaded after import = 0

========================================================================
Received Import Request.
  Time since last request: 0.000018 seconds.
  path: Assets/UnityTechnologies/TowerDefenseTemplate/Scripts/Core/Input/InputScheme.cs
  artifactKey: Guid(0836d84cbc5c457786724b591356b620) Importer(2089858483,b0f066a214c2f5e87bad3c948f4d605d)
Start importing Assets/UnityTechnologies/TowerDefenseTemplate/Scripts/Core/Input/InputScheme.cs using Guid(0836d84cbc5c457786724b591356b620) Importer(2089858483,b0f066a214c2f5e87bad3c948f4d605d) (ScriptedImporter) -> (artifact id: '0163d6c818c71e273bb2a9816ff6e323') in 0.0103241 seconds
Number of updated asset objects reloaded before import = 0Number of asset objects unloaded after import = 0

========================================================================
Received Import Request.
  Time since last request: 0.000016 seconds.
  path: Assets/UnityTechnologies/TowerDefenseTemplate/Scripts/TowerDefense/Affectors/CurrencyAffector.cs
  artifactKey: Guid(edd941a0afc941b080f06d3bf45aa570) Importer(2089858483,b0f066a214c2f5e87bad3c948f4d605d)
Start importing Assets/UnityTechnologies/TowerDefenseTemplate/Scripts/TowerDefense/Affectors/CurrencyAffector.cs using Guid(edd941a0afc941b080f06d3bf45aa570) Importer(2089858483,b0f066a214c2f5e87bad3c948f4d605d) (ScriptedImporter) -> (artifact id: 'cc933679b3a31f2963701c429884711f') in 0.0098243 seconds
Number of updated asset objects reloaded before import = 0Number of asset objects unloaded after import = 0

========================================================================
Received Import Request.
  Time since last request: 0.000107 seconds.
  path: Assets/UnityTechnologies/TowerDefenseTemplate/Scripts/Core/Data/IDataStore.cs
  artifactKey: Guid(0466565e09a6740f7973d62d0154acfc) Importer(2089858483,b0f066a214c2f5e87bad3c948f4d605d)
Start importing Assets/UnityTechnologies/TowerDefenseTemplate/Scripts/Core/Data/IDataStore.cs using Guid(0466565e09a6740f7973d62d0154acfc) Importer(2089858483,b0f066a214c2f5e87bad3c948f4d605d) (ScriptedImporter) -> (artifact id: '2091efb0a8ba6fe2446ae10fab88c257') in 0.0096951 seconds
Number of updated asset objects reloaded before import = 0Number of asset objects unloaded after import = 0

========================================================================
Received Import Request.
  Time since last request: 0.000044 seconds.
  path: Assets/UnityTechnologies/TowerDefenseTemplate/Scripts/Core/Utilities/PoolManager.cs
  artifactKey: Guid(f594d9869a1c947b38007b9287af3a7f) Importer(2089858483,b0f066a214c2f5e87bad3c948f4d605d)
Start importing Assets/UnityTechnologies/TowerDefenseTemplate/Scripts/Core/Utilities/PoolManager.cs using Guid(f594d9869a1c947b38007b9287af3a7f) Importer(2089858483,b0f066a214c2f5e87bad3c948f4d605d) (ScriptedImporter) -> (artifact id: '1c1810232d0ba43139c9d8d7cfda667b') in 0.0093306 seconds
Number of updated asset objects reloaded before import = 0Number of asset objects unloaded after import = 0

========================================================================
Received Import Request.
  Time since last request: 0.000096 seconds.
  path: Assets/UnityTechnologies/TowerDefenseTemplate/Scripts/TowerDefense/Economy/CurrencyGainer.cs
  artifactKey: Guid(0b290b18d284457a93b0d4e30b37c900) Importer(2089858483,b0f066a214c2f5e87bad3c948f4d605d)
Start importing Assets/UnityTechnologies/TowerDefenseTemplate/Scripts/TowerDefense/Economy/CurrencyGainer.cs using Guid(0b290b18d284457a93b0d4e30b37c900) Importer(2089858483,b0f066a214c2f5e87bad3c948f4d605d) (ScriptedImporter) -> (artifact id: 'c408e5e898c3abfda71b18b9adf6624f') in 0.0092507 seconds
Number of updated asset objects reloaded before import = 0Number of asset objects unloaded after import = 0

========================================================================
Received Import Request.
  Time since last request: 0.000013 seconds.
  path: Assets/UnityTechnologies/TowerDefenseTemplate/Scripts/Core/Input/PinchInfo.cs
  artifactKey: Guid(dcad3fce3ed74be8affcd76ef651322a) Importer(2089858483,b0f066a214c2f5e87bad3c948f4d605d)
Start importing Assets/UnityTechnologies/TowerDefenseTemplate/Scripts/Core/Input/PinchInfo.cs using Guid(dcad3fce3ed74be8affcd76ef651322a) Importer(2089858483,b0f066a214c2f5e87bad3c948f4d605d) (ScriptedImporter) -> (artifact id: '604b1fcf03234975c1f3a394151b7a30') in 0.0091577 seconds
Number of updated asset objects reloaded before import = 0Number of asset objects unloaded after import = 0

========================================================================
Received Import Request.
  Time since last request: 0.000015 seconds.
  path: Assets/UnityTechnologies/TowerDefenseTemplate/Prefabs/UI/HUD/PauseMenu.prefab
  artifactKey: Guid(f2c84fb68fbea4461b4b20d53d70213c) Importer(2089858483,b0f066a214c2f5e87bad3c948f4d605d)
Start importing Assets/UnityTechnologies/TowerDefenseTemplate/Prefabs/UI/HUD/PauseMenu.prefab using Guid(f2c84fb68fbea4461b4b20d53d70213c) Importer(2089858483,b0f066a214c2f5e87bad3c948f4d605d) (ScriptedImporter) -> (artifact id: '4d20d6d76eb21dfd8bd41316c87713f2') in 0.0141422 seconds
Number of updated asset objects reloaded before import = 0Number of asset objects unloaded after import = 128

========================================================================
Received Import Request.
  Time since last request: 0.000013 seconds.
  path: Assets/UnityTechnologies/TowerDefenseTemplate/Scripts/Core/Input/WheelInfo.cs
  artifactKey: Guid(d536c3eb443b473b8ea68dc05067a42a) Importer(2089858483,b0f066a214c2f5e87bad3c948f4d605d)
Start importing Assets/UnityTechnologies/TowerDefenseTemplate/Scripts/Core/Input/WheelInfo.cs using Guid(d536c3eb443b473b8ea68dc05067a42a) Importer(2089858483,b0f066a214c2f5e87bad3c948f4d605d) (ScriptedImporter) -> (artifact id: '88f6e5c0681d763e2a97ec822acf8a0d') in 0.009455 seconds
Number of updated asset objects reloaded before import = 0Number of asset objects unloaded after import = 0

========================================================================
Received Import Request.
  Time since last request: 0.000053 seconds.
  path: Assets/UnityTechnologies/TowerDefenseTemplate/Scripts/Core/Utilities/IntVector2.cs
  artifactKey: Guid(ec30e717c36940edaf6a25ae7c087ff3) Importer(2089858483,b0f066a214c2f5e87bad3c948f4d605d)
Start importing Assets/UnityTechnologies/TowerDefenseTemplate/Scripts/Core/Utilities/IntVector2.cs using Guid(ec30e717c36940edaf6a25ae7c087ff3) Importer(2089858483,b0f066a214c2f5e87bad3c948f4d605d) (ScriptedImporter) -> (artifact id: 'c0955e8e46749812dec5e3040d4581a9') in 0.0094096 seconds
Number of updated asset objects reloaded before import = 0Number of asset objects unloaded after import = 0

========================================================================
Received Import Request.
  Time since last request: 0.000042 seconds.
  path: Assets/UnityTechnologies/TowerDefenseTemplate/Prefabs/Towers/Laser/LaserTower.prefab
  artifactKey: Guid(1e8fc0d9d18c8408baa941efc8b49d4b) Importer(2089858483,b0f066a214c2f5e87bad3c948f4d605d)
Start importing Assets/UnityTechnologies/TowerDefenseTemplate/Prefabs/Towers/Laser/LaserTower.prefab using Guid(1e8fc0d9d18c8408baa941efc8b49d4b) Importer(2089858483,b0f066a214c2f5e87bad3c948f4d605d) (ScriptedImporter) -> (artifact id: '3b34f581a351c1cb251448d0269c12e0') in 0.0135623 seconds
Number of updated asset objects reloaded before import = 0Number of asset objects unloaded after import = 30

========================================================================
Received Import Request.
  Time since last request: 0.000021 seconds.
  path: Assets/UnityTechnologies/TowerDefenseTemplate/Scripts/TowerDefense/Agents/Agent.cs
  artifactKey: Guid(748aac75fbb1a464baef951d13553d5c) Importer(2089858483,b0f066a214c2f5e87bad3c948f4d605d)
Start importing Assets/UnityTechnologies/TowerDefenseTemplate/Scripts/TowerDefense/Agents/Agent.cs using Guid(748aac75fbb1a464baef951d13553d5c) Importer(2089858483,b0f066a214c2f5e87bad3c948f4d605d) (ScriptedImporter) -> (artifact id: '6fb7fb818e164547eb4dd322228d8bd3') in 0.0106269 seconds
Number of updated asset objects reloaded before import = 0Number of asset objects unloaded after import = 0

========================================================================
Received Import Request.
  Time since last request: 0.000065 seconds.
  path: Assets/UnityTechnologies/TowerDefenseTemplate/Scripts/TowerDefense/Economy/LootDrop.cs
  artifactKey: Guid(4eb6b59d40564378ba0b1580a4a9dd85) Importer(2089858483,b0f066a214c2f5e87bad3c948f4d605d)
Start importing Assets/UnityTechnologies/TowerDefenseTemplate/Scripts/TowerDefense/Economy/LootDrop.cs using Guid(4eb6b59d40564378ba0b1580a4a9dd85) Importer(2089858483,b0f066a214c2f5e87bad3c948f4d605d) (ScriptedImporter) -> (artifact id: '4dc1249de3f43bd510a1b34025d2e648') in 0.0082404 seconds
Number of updated asset objects reloaded before import = 0Number of asset objects unloaded after import = 0

========================================================================
Received Import Request.
  Time since last request: 0.000014 seconds.
  path: Assets/UnityTechnologies/TowerDefenseTemplate/Scripts/TowerDefense/Input/TowerDefenseKeyboardMouseInput.cs
  artifactKey: Guid(6f1de20cdb664794a821b0f620812408) Importer(2089858483,b0f066a214c2f5e87bad3c948f4d605d)
Start importing Assets/UnityTechnologies/TowerDefenseTemplate/Scripts/TowerDefense/Input/TowerDefenseKeyboardMouseInput.cs using Guid(6f1de20cdb664794a821b0f620812408) Importer(2089858483,b0f066a214c2f5e87bad3c948f4d605d) (ScriptedImporter) -> (artifact id: 'd799f411af025b92065591d2d9e766c4') in 0.0094856 seconds
Number of updated asset objects reloaded before import = 0Number of asset objects unloaded after import = 0

========================================================================
Received Import Request.
  Time since last request: 0.000016 seconds.
  path: Assets/UnityTechnologies/TowerDefenseTemplate/Scripts/ActionGameFramework/Spawning/WeightedObject.cs
  artifactKey: Guid(02283621f99ee4601b8717e5eaef5829) Importer(2089858483,b0f066a214c2f5e87bad3c948f4d605d)
Start importing Assets/UnityTechnologies/TowerDefenseTemplate/Scripts/ActionGameFramework/Spawning/WeightedObject.cs using Guid(02283621f99ee4601b8717e5eaef5829) Importer(2089858483,b0f066a214c2f5e87bad3c948f4d605d) (ScriptedImporter) -> (artifact id: '870b67f5ae8de45eb4a96f129c0461a2') in 0.0101467 seconds
Number of updated asset objects reloaded before import = 0Number of asset objects unloaded after import = 0

========================================================================
Received Import Request.
  Time since last request: 0.000033 seconds.
  path: Assets/UnityTechnologies/TowerDefenseTemplate/Scripts/ActionGameFramework/Helpers/Ballistics.cs
  artifactKey: Guid(de0c6f71c1ef54a1b90ae463b62bf24d) Importer(2089858483,b0f066a214c2f5e87bad3c948f4d605d)
Start importing Assets/UnityTechnologies/TowerDefenseTemplate/Scripts/ActionGameFramework/Helpers/Ballistics.cs using Guid(de0c6f71c1ef54a1b90ae463b62bf24d) Importer(2089858483,b0f066a214c2f5e87bad3c948f4d605d) (ScriptedImporter) -> (artifact id: 'a83b21f259c2a3cc1090096d4db7ce7f') in 0.0099069 seconds
Number of updated asset objects reloaded before import = 0Number of asset objects unloaded after import = 0

========================================================================
Received Import Request.
  Time since last request: 0.000049 seconds.
  path: Assets/UnityTechnologies/TowerDefenseTemplate/Scripts/Core/Utilities/VectorHelper.cs
  artifactKey: Guid(bde050cea89444fe8c5207b338f0933c) Importer(2089858483,b0f066a214c2f5e87bad3c948f4d605d)
Start importing Assets/UnityTechnologies/TowerDefenseTemplate/Scripts/Core/Utilities/VectorHelper.cs using Guid(bde050cea89444fe8c5207b338f0933c) Importer(2089858483,b0f066a214c2f5e87bad3c948f4d605d) (ScriptedImporter) -> (artifact id: 'f2f36c40d251e61460aed12c385709de') in 0.010061 seconds
Number of updated asset objects reloaded before import = 0Number of asset objects unloaded after import = 0

========================================================================
Received Import Request.
  Time since last request: 0.000021 seconds.
  path: Assets/UnityTechnologies/TowerDefenseTemplate/Scripts/Core/Health/HealthVisualizer.cs
  artifactKey: Guid(5440fde571ec4db4a719f37df8e972f0) Importer(2089858483,b0f066a214c2f5e87bad3c948f4d605d)
Start importing Assets/UnityTechnologies/TowerDefenseTemplate/Scripts/Core/Health/HealthVisualizer.cs using Guid(5440fde571ec4db4a719f37df8e972f0) Importer(2089858483,b0f066a214c2f5e87bad3c948f4d605d) (ScriptedImporter) -> (artifact id: 'd311b8438c7bbb2790cbe27971ea7279') in 0.0097235 seconds
Number of updated asset objects reloaded before import = 0Number of asset objects unloaded after import = 0

========================================================================
Received Import Request.
  Time since last request: 0.000033 seconds.
  path: Assets/UnityTechnologies/TowerDefenseTemplate/Scripts/Core/Camera/CameraInitialState.cs
  artifactKey: Guid(fe7812be11b7491c9092a3ac2ddf75ed) Importer(2089858483,b0f066a214c2f5e87bad3c948f4d605d)
Start importing Assets/UnityTechnologies/TowerDefenseTemplate/Scripts/Core/Camera/CameraInitialState.cs using Guid(fe7812be11b7491c9092a3ac2ddf75ed) Importer(2089858483,b0f066a214c2f5e87bad3c948f4d605d) (ScriptedImporter) -> (artifact id: 'ab96391fc62c882a915ae3da65ef7751') in 0.0125213 seconds
Number of updated asset objects reloaded before import = 0Number of asset objects unloaded after import = 0

========================================================================
Received Import Request.
  Time since last request: 0.000031 seconds.
  path: Assets/UnityTechnologies/TowerDefenseTemplate/Scripts/TowerDefense/Affectors/PassiveAffector.cs
  artifactKey: Guid(21d01351872b4086b8f35424da4d74a0) Importer(2089858483,b0f066a214c2f5e87bad3c948f4d605d)
Start importing Assets/UnityTechnologies/TowerDefenseTemplate/Scripts/TowerDefense/Affectors/PassiveAffector.cs using Guid(21d01351872b4086b8f35424da4d74a0) Importer(2089858483,b0f066a214c2f5e87bad3c948f4d605d) (ScriptedImporter) -> (artifact id: '446f78be2acdd1d39e4558b676a3e09c') in 0.0112599 seconds
Number of updated asset objects reloaded before import = 0Number of asset objects unloaded after import = 0

========================================================================
Received Import Request.
  Time since last request: 0.000024 seconds.
  path: Assets/UnityTechnologies/TowerDefenseTemplate/Scripts/TowerDefense/Level/LevelIntro.cs
  artifactKey: Guid(96950e1440b5f4a4a8b8568b74813031) Importer(2089858483,b0f066a214c2f5e87bad3c948f4d605d)
Start importing Assets/UnityTechnologies/TowerDefenseTemplate/Scripts/TowerDefense/Level/LevelIntro.cs using Guid(96950e1440b5f4a4a8b8568b74813031) Importer(2089858483,b0f066a214c2f5e87bad3c948f4d605d) (ScriptedImporter) -> (artifact id: '5b86002b960d721a1e7a63164acd5327') in 0.0113757 seconds
Number of updated asset objects reloaded before import = 0Number of asset objects unloaded after import = 0

========================================================================
Received Import Request.
  Time since last request: 0.000017 seconds.
  path: Assets/UnityTechnologies/TowerDefenseTemplate/Scripts/ActionGameFramework/Health/DamageTrigger.cs
  artifactKey: Guid(00dc5d883b9034d7e8c3bfbc18f03af4) Importer(2089858483,b0f066a214c2f5e87bad3c948f4d605d)
Start importing Assets/UnityTechnologies/TowerDefenseTemplate/Scripts/ActionGameFramework/Health/DamageTrigger.cs using Guid(00dc5d883b9034d7e8c3bfbc18f03af4) Importer(2089858483,b0f066a214c2f5e87bad3c948f4d605d) (ScriptedImporter) -> (artifact id: '81fdddeb95707d8f36e84bc32e65b681') in 0.010184 seconds
Number of updated asset objects reloaded before import = 0Number of asset objects unloaded after import = 0

========================================================================
Received Import Request.
  Time since last request: 0.000054 seconds.
  path: Assets/UnityTechnologies/TowerDefenseTemplate/Scripts/ActionGameFramework/Spawning/HitObject.cs
  artifactKey: Guid(9ec62f72eff654246a5c4cc7e3f429b8) Importer(2089858483,b0f066a214c2f5e87bad3c948f4d605d)
Start importing Assets/UnityTechnologies/TowerDefenseTemplate/Scripts/ActionGameFramework/Spawning/HitObject.cs using Guid(9ec62f72eff654246a5c4cc7e3f429b8) Importer(2089858483,b0f066a214c2f5e87bad3c948f4d605d) (ScriptedImporter) -> (artifact id: '437d86ef4ef2b5b8759a3ed7e3f7d562') in 0.0094892 seconds
Number of updated asset objects reloaded before import = 0Number of asset objects unloaded after import = 0

========================================================================
Received Import Request.
  Time since last request: 0.000083 seconds.
  path: Assets/UnityTechnologies/TowerDefenseTemplate/Scripts/TowerDefense/Agents/HomeBaseAttacker.cs
  artifactKey: Guid(7d012ff014d994436a27059a09e8ab64) Importer(2089858483,b0f066a214c2f5e87bad3c948f4d605d)
Start importing Assets/UnityTechnologies/TowerDefenseTemplate/Scripts/TowerDefense/Agents/HomeBaseAttacker.cs using Guid(7d012ff014d994436a27059a09e8ab64) Importer(2089858483,b0f066a214c2f5e87bad3c948f4d605d) (ScriptedImporter) -> (artifact id: '19b7fa0c309de97ae77c81aa2b5d205a') in 0.0097685 seconds
Number of updated asset objects reloaded before import = 0Number of asset objects unloaded after import = 0

========================================================================
Received Import Request.
  Time since last request: 0.000095 seconds.
  path: Assets/UnityTechnologies/TowerDefenseTemplate/Scripts/Core/Camera/CameraRig.cs
  artifactKey: Guid(b2b71c8e1f66d440189e820784fcbdb0) Importer(2089858483,b0f066a214c2f5e87bad3c948f4d605d)
Start importing Assets/UnityTechnologies/TowerDefenseTemplate/Scripts/Core/Camera/CameraRig.cs using Guid(b2b71c8e1f66d440189e820784fcbdb0) Importer(2089858483,b0f066a214c2f5e87bad3c948f4d605d) (ScriptedImporter) -> (artifact id: '6762cbb59b41c44b5451ef8a7b4213cf') in 0.0124896 seconds
Number of updated asset objects reloaded before import = 0Number of asset objects unloaded after import = 0

========================================================================
Received Import Request.
  Time since last request: 0.000024 seconds.
  path: Assets/UnityTechnologies/TowerDefenseTemplate/Materials/Particles/explosion_Spark_2.mat
  artifactKey: Guid(92fbbb607856b484295b0810d1baecac) Importer(2089858483,b0f066a214c2f5e87bad3c948f4d605d)
Start importing Assets/UnityTechnologies/TowerDefenseTemplate/Materials/Particles/explosion_Spark_2.mat using Guid(92fbbb607856b484295b0810d1baecac) Importer(2089858483,b0f066a214c2f5e87bad3c948f4d605d) (ScriptedImporter) -> (artifact id: '6617b3d6f718838babb9e3c502340b34') in 0.014616 seconds
Number of updated asset objects reloaded before import = 0Number of asset objects unloaded after import = 2

========================================================================
Received Import Request.
  Time since last request: 0.000017 seconds.
  path: Assets/UnityTechnologies/TowerDefenseTemplate/PostProcessing/Resources/Shaders/LutGen.shader
  artifactKey: Guid(d248d4d1588851f43a9fa18a4e6f0209) Importer(2089858483,b0f066a214c2f5e87bad3c948f4d605d)
Start importing Assets/UnityTechnologies/TowerDefenseTemplate/PostProcessing/Resources/Shaders/LutGen.shader using Guid(d248d4d1588851f43a9fa18a4e6f0209) Importer(2089858483,b0f066a214c2f5e87bad3c948f4d605d) (ScriptedImporter) -> (artifact id: '1bde76275eab4ed4659d5d5c75dde60b') in 0.0144076 seconds
Number of updated asset objects reloaded before import = 0Number of asset objects unloaded after import = 1

========================================================================
Received Import Request.
  Time since last request: 0.000019 seconds.
  path: Assets/UnityTechnologies/TowerDefenseTemplate/Models/Projectiles/Rocket_Projectile.fbx
  artifactKey: Guid(c0d2f67af84a842359fbd3fe34000c64) Importer(2089858483,b0f066a214c2f5e87bad3c948f4d605d)
Start importing Assets/UnityTechnologies/TowerDefenseTemplate/Models/Projectiles/Rocket_Projectile.fbx using Guid(c0d2f67af84a842359fbd3fe34000c64) Importer(2089858483,b0f066a214c2f5e87bad3c948f4d605d) (ScriptedImporter) -> (artifact id: 'd3b59ca2e5280fa4f0df56acfa231cd4') in 0.0132885 seconds
Number of updated asset objects reloaded before import = 0Number of asset objects unloaded after import = 7

========================================================================
Received Import Request.
  Time since last request: 0.000020 seconds.
  path: Assets/UnityTechnologies/TowerDefenseTemplate/Scripts/Core/Input/CameraInputScheme.cs
  artifactKey: Guid(8e0bdf24d6d3417194d97871b49c0c95) Importer(2089858483,b0f066a214c2f5e87bad3c948f4d605d)
Start importing Assets/UnityTechnologies/TowerDefenseTemplate/Scripts/Core/Input/CameraInputScheme.cs using Guid(8e0bdf24d6d3417194d97871b49c0c95) Importer(2089858483,b0f066a214c2f5e87bad3c948f4d605d) (ScriptedImporter) -> (artifact id: '707b15cd0fb4e82f32ed7b42ef27597b') in 0.0103528 seconds
Number of updated asset objects reloaded before import = 0Number of asset objects unloaded after import = 0

========================================================================
Received Import Request.
  Time since last request: 0.000058 seconds.
  path: Assets/UnityTechnologies/TowerDefenseTemplate/PostProcessing/Textures/Spectral LUTs/SpectralLut_GreenPurple.tga
  artifactKey: Guid(4a8f054acfbd08043a931cd22760758d) Importer(2089858483,b0f066a214c2f5e87bad3c948f4d605d)
Start importing Assets/UnityTechnologies/TowerDefenseTemplate/PostProcessing/Textures/Spectral LUTs/SpectralLut_GreenPurple.tga using Guid(4a8f054acfbd08043a931cd22760758d) Importer(2089858483,b0f066a214c2f5e87bad3c948f4d605d) (ScriptedImporter) -> (artifact id: 'd2ac04b2446894eae753a341a93893d2') in 0.0134986 seconds
Number of updated asset objects reloaded before import = 0Number of asset objects unloaded after import = 1

========================================================================
Received Import Request.
  Time since last request: 0.000055 seconds.
  path: Assets/UnityTechnologies/TowerDefenseTemplate/PostProcessing/Resources/Bluenoise64/LDR_LLL1_14.png
  artifactKey: Guid(f6439b54b28f3884eb67579dec0b6f21) Importer(2089858483,b0f066a214c2f5e87bad3c948f4d605d)
Start importing Assets/UnityTechnologies/TowerDefenseTemplate/PostProcessing/Resources/Bluenoise64/LDR_LLL1_14.png using Guid(f6439b54b28f3884eb67579dec0b6f21) Importer(2089858483,b0f066a214c2f5e87bad3c948f4d605d) (ScriptedImporter) -> (artifact id: '1a6855e7f61a64420fda684ca1ff175f') in 0.0132706 seconds
Number of updated asset objects reloaded before import = 0Number of asset objects unloaded after import = 1

========================================================================
Received Import Request.
  Time since last request: 0.000011 seconds.
  path: Assets/UnityTechnologies/TowerDefenseTemplate/Scripts/Core/Input/MouseCursorInfo.cs
  artifactKey: Guid(6e43a62b7bf845529a839a96717d8fd4) Importer(2089858483,b0f066a214c2f5e87bad3c948f4d605d)
Start importing Assets/UnityTechnologies/TowerDefenseTemplate/Scripts/Core/Input/MouseCursorInfo.cs using Guid(6e43a62b7bf845529a839a96717d8fd4) Importer(2089858483,b0f066a214c2f5e87bad3c948f4d605d) (ScriptedImporter) -> (artifact id: '7da9ae16a214f4620bc6494f8c1b0141') in 0.0089134 seconds
Number of updated asset objects reloaded before import = 0Number of asset objects unloaded after import = 0

========================================================================
Received Import Request.
  Time since last request: 0.000046 seconds.
  path: Assets/UnityTechnologies/TowerDefenseTemplate/PostProcessing/Resources/Bluenoise64/LDR_LLL1_21.png
  artifactKey: Guid(b7f000750830ddb4bbc80065b9314ce9) Importer(2089858483,b0f066a214c2f5e87bad3c948f4d605d)
Start importing Assets/UnityTechnologies/TowerDefenseTemplate/PostProcessing/Resources/Bluenoise64/LDR_LLL1_21.png using Guid(b7f000750830ddb4bbc80065b9314ce9) Importer(2089858483,b0f066a214c2f5e87bad3c948f4d605d) (ScriptedImporter) -> (artifact id: 'c27edd5ac3a2b8406a6ac58f7df47f12') in 0.0145032 seconds
Number of updated asset objects reloaded before import = 0Number of asset objects unloaded after import = 1

========================================================================
Received Import Request.
  Time since last request: 0.000043 seconds.
  path: Assets/UnityTechnologies/TowerDefenseTemplate/Models/Towers/SuperTower/SuperTower_Turret.fbx
  artifactKey: Guid(a48a2c9e336474aa48f8827646fe8d3a) Importer(2089858483,b0f066a214c2f5e87bad3c948f4d605d)
Start importing Assets/UnityTechnologies/TowerDefenseTemplate/Models/Towers/SuperTower/SuperTower_Turret.fbx using Guid(a48a2c9e336474aa48f8827646fe8d3a) Importer(2089858483,b0f066a214c2f5e87bad3c948f4d605d) (ScriptedImporter) -> (artifact id: '341dba2adfdeb3b2646c6dd17c2b959b') in 0.0214196 seconds
Number of updated asset objects reloaded before import = 0Number of asset objects unloaded after import = 9

========================================================================
Received Import Request.
  Time since last request: 0.000033 seconds.
  path: Assets/UnityTechnologies/TowerDefenseTemplate/Scenes/Levels/Level3/Level3/Lightmap-0_comp_light.exr
  artifactKey: Guid(375d0e6d3f6994fe8aaa823f82fcd397) Importer(2089858483,b0f066a214c2f5e87bad3c948f4d605d)
Start importing Assets/UnityTechnologies/TowerDefenseTemplate/Scenes/Levels/Level3/Level3/Lightmap-0_comp_light.exr using Guid(375d0e6d3f6994fe8aaa823f82fcd397) Importer(2089858483,b0f066a214c2f5e87bad3c948f4d605d) (ScriptedImporter) -> (artifact id: '8bc64c60b509dcd54f187613c9fa3031') in 0.0511007 seconds
Number of updated asset objects reloaded before import = 0Number of asset objects unloaded after import = 1

========================================================================
Received Import Request.
  Time since last request: 0.000031 seconds.
  path: Assets/UnityTechnologies/TowerDefenseTemplate/Audio/SFX/Towers/MachineGun/MG 4.wav
  artifactKey: Guid(11e15d42e0a474c719970d3b8ddf4b05) Importer(2089858483,b0f066a214c2f5e87bad3c948f4d605d)
Start importing Assets/UnityTechnologies/TowerDefenseTemplate/Audio/SFX/Towers/MachineGun/MG 4.wav using Guid(11e15d42e0a474c719970d3b8ddf4b05) Importer(2089858483,b0f066a214c2f5e87bad3c948f4d605d) (ScriptedImporter) -> (artifact id: 'a9de6a7dd01db2adf4af04ebdc59d848') in 0.0213371 seconds
Number of updated asset objects reloaded before import = 0Number of asset objects unloaded after import = 1

========================================================================
Received Import Request.
  Time since last request: 0.000025 seconds.
  path: Assets/UnityTechnologies/TowerDefenseTemplate/Scenes/Levels/Level1_Prototype/Prototype/Lightmap-0_comp_shadowmask.png
  artifactKey: Guid(608bed21d3d6ab14ca980afc6c2a0799) Importer(2089858483,b0f066a214c2f5e87bad3c948f4d605d)
Start importing Assets/UnityTechnologies/TowerDefenseTemplate/Scenes/Levels/Level1_Prototype/Prototype/Lightmap-0_comp_shadowmask.png using Guid(608bed21d3d6ab14ca980afc6c2a0799) Importer(2089858483,b0f066a214c2f5e87bad3c948f4d605d) (ScriptedImporter) -> (artifact id: 'a7f4ae35783d2416dcad40b8531f3502') in 0.0286354 seconds
Number of updated asset objects reloaded before import = 0Number of asset objects unloaded after import = 1

========================================================================
Received Import Request.
  Time since last request: 0.000034 seconds.
  path: Assets/UnityTechnologies/TowerDefenseTemplate/PostProcessing/Utilities/CustomMotionTexture/Shaders/CustomMotionVectorTexture.shader
  artifactKey: Guid(9189229324e2342b8b69f7c1904dceba) Importer(2089858483,b0f066a214c2f5e87bad3c948f4d605d)
Start importing Assets/UnityTechnologies/TowerDefenseTemplate/PostProcessing/Utilities/CustomMotionTexture/Shaders/CustomMotionVectorTexture.shader using Guid(9189229324e2342b8b69f7c1904dceba) Importer(2089858483,b0f066a214c2f5e87bad3c948f4d605d) (ScriptedImporter) -> (artifact id: '4f702d9701820273768d8e62473a0032') in 0.0224643 seconds
Number of updated asset objects reloaded before import = 0Number of asset objects unloaded after import = 1

========================================================================
Received Import Request.
  Time since last request: 0.000035 seconds.
  path: Assets/UnityTechnologies/TowerDefenseTemplate/Scripts/TowerDefense/Nodes/FixedNodeSelector.cs
  artifactKey: Guid(08b70daad928e4d1a8695b681ab2543d) Importer(2089858483,b0f066a214c2f5e87bad3c948f4d605d)
Start importing Assets/UnityTechnologies/TowerDefenseTemplate/Scripts/TowerDefense/Nodes/FixedNodeSelector.cs using Guid(08b70daad928e4d1a8695b681ab2543d) Importer(2089858483,b0f066a214c2f5e87bad3c948f4d605d) (ScriptedImporter) -> (artifact id: 'da3731c6bcca80a7be8b79c29b5a43a3') in 0.0126411 seconds
Number of updated asset objects reloaded before import = 0Number of asset objects unloaded after import = 0

========================================================================
Received Import Request.
  Time since last request: 0.000072 seconds.
  path: Assets/UnityTechnologies/TowerDefenseTemplate/Scenes/Levels/Level2/Level2/Lightmap-0_comp_dir.png
  artifactKey: Guid(01c280c80c307442f9a28101468be328) Importer(2089858483,b0f066a214c2f5e87bad3c948f4d605d)
Start importing Assets/UnityTechnologies/TowerDefenseTemplate/Scenes/Levels/Level2/Level2/Lightmap-0_comp_dir.png using Guid(01c280c80c307442f9a28101468be328) Importer(2089858483,b0f066a214c2f5e87bad3c948f4d605d) (ScriptedImporter) -> (artifact id: '10f35e8e38ac1e35520728ef2d21c387') in 0.0216334 seconds
Number of updated asset objects reloaded before import = 0Number of asset objects unloaded after import = 1

========================================================================
Received Import Request.
  Time since last request: 0.000062 seconds.
  path: Assets/UnityTechnologies/TowerDefenseTemplate/Scenes/Levels/Level1/Level1/ReflectionProbe-0.exr
  artifactKey: Guid(c897ead1669c24b7db439b2c8c49a3d2) Importer(2089858483,b0f066a214c2f5e87bad3c948f4d605d)
Start importing Assets/UnityTechnologies/TowerDefenseTemplate/Scenes/Levels/Level1/Level1/ReflectionProbe-0.exr using Guid(c897ead1669c24b7db439b2c8c49a3d2) Importer(2089858483,b0f066a214c2f5e87bad3c948f4d605d) (ScriptedImporter) -> (artifact id: 'eae390b45f853d616e6558558f4d9310') in 0.0144192 seconds
Number of updated asset objects reloaded before import = 0Number of asset objects unloaded after import = 1

========================================================================
Received Import Request.
  Time since last request: 0.000017 seconds.
  path: Assets/UnityTechnologies/TowerDefenseTemplate/Scenes/Levels/Level1_Prototype/Prototype/Lightmap-0_comp_dir.png
  artifactKey: Guid(35765bb522610b040af7c4267144bbcd) Importer(2089858483,b0f066a214c2f5e87bad3c948f4d605d)
Start importing Assets/UnityTechnologies/TowerDefenseTemplate/Scenes/Levels/Level1_Prototype/Prototype/Lightmap-0_comp_dir.png using Guid(35765bb522610b040af7c4267144bbcd) Importer(2089858483,b0f066a214c2f5e87bad3c948f4d605d) (ScriptedImporter) -> (artifact id: 'f97f5f10d7c06c362f192370d5bec4ab') in 0.0173227 seconds
Number of updated asset objects reloaded before import = 0Number of asset objects unloaded after import = 1

========================================================================
Received Import Request.
  Time since last request: 0.000019 seconds.
  path: Assets/UnityTechnologies/TowerDefenseTemplate/Scenes/Levels/Level1_Prototype/Prototype/LightingData.asset
  artifactKey: Guid(61b00e07591d8d645b632d2994e68ffe) Importer(2089858483,b0f066a214c2f5e87bad3c948f4d605d)
Start importing Assets/UnityTechnologies/TowerDefenseTemplate/Scenes/Levels/Level1_Prototype/Prototype/LightingData.asset using Guid(61b00e07591d8d645b632d2994e68ffe) Importer(2089858483,b0f066a214c2f5e87bad3c948f4d605d) (ScriptedImporter) -> (artifact id: '0c8bf574f508b4622385085ddb4d7ab2') in 0.0116424 seconds
Number of updated asset objects reloaded before import = 0Number of asset objects unloaded after import = 2

========================================================================
Received Import Request.
  Time since last request: 0.000019 seconds.
  path: Assets/UnityTechnologies/TowerDefenseTemplate/PostProcessing/Utilities/CustomMotionTexture/Materials/UVChecker.mat
  artifactKey: Guid(944463113244f4bf8b05c1757cd838a4) Importer(2089858483,b0f066a214c2f5e87bad3c948f4d605d)
Start importing Assets/UnityTechnologies/TowerDefenseTemplate/PostProcessing/Utilities/CustomMotionTexture/Materials/UVChecker.mat using Guid(944463113244f4bf8b05c1757cd838a4) Importer(2089858483,b0f066a214c2f5e87bad3c948f4d605d) (ScriptedImporter) -> (artifact id: 'e8a5e110a19febb85259737345713b9c') in 0.0142629 seconds
Number of updated asset objects reloaded before import = 0Number of asset objects unloaded after import = 2

========================================================================
Received Import Request.
  Time since last request: 0.000025 seconds.
  path: Assets/UnityTechnologies/TowerDefenseTemplate/Audio/SFX/Towers/MachineGun/MG 13.wav
  artifactKey: Guid(b44217f5373cb4a628587e2194eb15a7) Importer(2089858483,b0f066a214c2f5e87bad3c948f4d605d)
Start importing Assets/UnityTechnologies/TowerDefenseTemplate/Audio/SFX/Towers/MachineGun/MG 13.wav using Guid(b44217f5373cb4a628587e2194eb15a7) Importer(2089858483,b0f066a214c2f5e87bad3c948f4d605d) (ScriptedImporter) -> (artifact id: '839f8d12e4c315818021f99527092191') in 0.0232921 seconds
Number of updated asset objects reloaded before import = 0Number of asset objects unloaded after import = 1

========================================================================
Received Import Request.
  Time since last request: 0.000026 seconds.
  path: Assets/UnityTechnologies/TowerDefenseTemplate/Scripts/Core/Camera/Editor/CameraRigEditor.cs
  artifactKey: Guid(edd4c364c2caf44d7b7e0a8b0de5d3ab) Importer(2089858483,b0f066a214c2f5e87bad3c948f4d605d)
Start importing Assets/UnityTechnologies/TowerDefenseTemplate/Scripts/Core/Camera/Editor/CameraRigEditor.cs using Guid(edd4c364c2caf44d7b7e0a8b0de5d3ab) Importer(2089858483,b0f066a214c2f5e87bad3c948f4d605d) (ScriptedImporter) -> (artifact id: '7f51a6b3fc43bf1101c866aaaa809145') in 0.014774 seconds
Number of updated asset objects reloaded before import = 0Number of asset objects unloaded after import = 0

========================================================================
Received Import Request.
  Time since last request: 0.000094 seconds.
  path: Assets/UnityTechnologies/TowerDefenseTemplate/Scenes/Levels/Level4/Level4/Lightmap-0_comp_shadowmask.png
  artifactKey: Guid(19ce2e21d5b0444608f7df7280d724f1) Importer(2089858483,b0f066a214c2f5e87bad3c948f4d605d)
Start importing Assets/UnityTechnologies/TowerDefenseTemplate/Scenes/Levels/Level4/Level4/Lightmap-0_comp_shadowmask.png using Guid(19ce2e21d5b0444608f7df7280d724f1) Importer(2089858483,b0f066a214c2f5e87bad3c948f4d605d) (ScriptedImporter) -> (artifact id: '2fd3dbbc4f23a92e3c17422a9e79d19b') in 0.0463924 seconds
Number of updated asset objects reloaded before import = 0Number of asset objects unloaded after import = 1

========================================================================
Received Import Request.
  Time since last request: 0.000017 seconds.
  path: Assets/UnityTechnologies/TowerDefenseTemplate/Audio/SFX/Towers/SuperTower/Super Tower Shot 7.wav
  artifactKey: Guid(83f515b3e0b9d48f2867c08c49b787f4) Importer(2089858483,b0f066a214c2f5e87bad3c948f4d605d)
Start importing Assets/UnityTechnologies/TowerDefenseTemplate/Audio/SFX/Towers/SuperTower/Super Tower Shot 7.wav using Guid(83f515b3e0b9d48f2867c08c49b787f4) Importer(2089858483,b0f066a214c2f5e87bad3c948f4d605d) (ScriptedImporter) -> (artifact id: 'cb9e2d2f56045b72603cf4d76c098fba') in 0.0207749 seconds
Number of updated asset objects reloaded before import = 0Number of asset objects unloaded after import = 1

========================================================================
Received Import Request.
  Time since last request: 0.000019 seconds.
  path: Assets/UnityTechnologies/TowerDefenseTemplate/Scripts/TowerDefense/Level/PlayerHomeBase.cs
  artifactKey: Guid(754e4f8bc6167447094a14c454edf34b) Importer(2089858483,b0f066a214c2f5e87bad3c948f4d605d)
Start importing Assets/UnityTechnologies/TowerDefenseTemplate/Scripts/TowerDefense/Level/PlayerHomeBase.cs using Guid(754e4f8bc6167447094a14c454edf34b) Importer(2089858483,b0f066a214c2f5e87bad3c948f4d605d) (ScriptedImporter) -> (artifact id: 'ae2038f0dcbd1253860ca621a43a7a6c') in 0.0102667 seconds
Number of updated asset objects reloaded before import = 0Number of asset objects unloaded after import = 0

========================================================================
Received Import Request.
  Time since last request: 0.000042 seconds.
  path: Assets/UnityTechnologies/TowerDefenseTemplate/Scripts/ActionGameFramework/Audio/Editor/HealthChangeAudioSourceEditor.cs
  artifactKey: Guid(fd180706f8dc8413c9eb1d3ae3dbf53e) Importer(2089858483,b0f066a214c2f5e87bad3c948f4d605d)
Start importing Assets/UnityTechnologies/TowerDefenseTemplate/Scripts/ActionGameFramework/Audio/Editor/HealthChangeAudioSourceEditor.cs using Guid(fd180706f8dc8413c9eb1d3ae3dbf53e) Importer(2089858483,b0f066a214c2f5e87bad3c948f4d605d) (ScriptedImporter) -> (artifact id: 'b446a4a05c65302fecae2bdb2b9f36c6') in 0.0093488 seconds
Number of updated asset objects reloaded before import = 0Number of asset objects unloaded after import = 0

========================================================================
Received Import Request.
  Time since last request: 0.000062 seconds.
  path: Assets/UnityTechnologies/TowerDefenseTemplate/PostProcessing/Utilities/CustomMotionTexture/Materials/DebugMotionVectors.mat
  artifactKey: Guid(d7daeefbca4f14360bac0e1df1bdacd4) Importer(2089858483,b0f066a214c2f5e87bad3c948f4d605d)
Start importing Assets/UnityTechnologies/TowerDefenseTemplate/PostProcessing/Utilities/CustomMotionTexture/Materials/DebugMotionVectors.mat using Guid(d7daeefbca4f14360bac0e1df1bdacd4) Importer(2089858483,b0f066a214c2f5e87bad3c948f4d605d) (ScriptedImporter) -> (artifact id: '293aa3eca311e94352bf64d2c95bad69') in 0.013249 seconds
Number of updated asset objects reloaded before import = 0Number of asset objects unloaded after import = 2

========================================================================
Received Import Request.
  Time since last request: 0.000016 seconds.
  path: Assets/UnityTechnologies/TowerDefenseTemplate/Models/Towers/Laser/Materials/LaserTower_L03_Albedo_V001.mat
  artifactKey: Guid(ef458285bf640a444b82d49287074a59) Importer(2089858483,b0f066a214c2f5e87bad3c948f4d605d)
Start importing Assets/UnityTechnologies/TowerDefenseTemplate/Models/Towers/Laser/Materials/LaserTower_L03_Albedo_V001.mat using Guid(ef458285bf640a444b82d49287074a59) Importer(2089858483,b0f066a214c2f5e87bad3c948f4d605d) (ScriptedImporter) -> (artifact id: 'daea8df1c61a3f411b7be5ea9f5f19c1') in 0.0130708 seconds
Number of updated asset objects reloaded before import = 0Number of asset objects unloaded after import = 1

========================================================================
Received Import Request.
  Time since last request: 0.000022 seconds.
  path: Assets/UnityTechnologies/TowerDefenseTemplate/Audio/SFX/Towers/SuperTower/Super Tower Shot 4.wav
  artifactKey: Guid(02f0cc81719d043e3876b7b6ecdd1566) Importer(2089858483,b0f066a214c2f5e87bad3c948f4d605d)
Start importing Assets/UnityTechnologies/TowerDefenseTemplate/Audio/SFX/Towers/SuperTower/Super Tower Shot 4.wav using Guid(02f0cc81719d043e3876b7b6ecdd1566) Importer(2089858483,b0f066a214c2f5e87bad3c948f4d605d) (ScriptedImporter) -> (artifact id: 'acbbfdbd6cce92fd128fd1aeb7d46e07') in 0.0255 seconds
Number of updated asset objects reloaded before import = 0Number of asset objects unloaded after import = 1

========================================================================
Received Import Request.
  Time since last request: 0.000140 seconds.
  path: Assets/UnityTechnologies/TowerDefenseTemplate/Audio/SFX/Towers/SuperTower/Super Tower Shot 6.wav
  artifactKey: Guid(9844909eb36d64f4eb7125edf616a3ae) Importer(2089858483,b0f066a214c2f5e87bad3c948f4d605d)
Start importing Assets/UnityTechnologies/TowerDefenseTemplate/Audio/SFX/Towers/SuperTower/Super Tower Shot 6.wav using Guid(9844909eb36d64f4eb7125edf616a3ae) Importer(2089858483,b0f066a214c2f5e87bad3c948f4d605d) (ScriptedImporter) -> (artifact id: 'f0f45a772b6030792f8a6e9abdfe5654') in 0.0233634 seconds
Number of updated asset objects reloaded before import = 0Number of asset objects unloaded after import = 1

========================================================================
Received Import Request.
  Time since last request: 0.000017 seconds.
  path: Assets/UnityTechnologies/TowerDefenseTemplate/Scenes/Levels/Level5/Level5/Lightmap-0_comp_dir.png
  artifactKey: Guid(1a0ffb7d9da9544a7a5298a41c196553) Importer(2089858483,b0f066a214c2f5e87bad3c948f4d605d)
Start importing Assets/UnityTechnologies/TowerDefenseTemplate/Scenes/Levels/Level5/Level5/Lightmap-0_comp_dir.png using Guid(1a0ffb7d9da9544a7a5298a41c196553) Importer(2089858483,b0f066a214c2f5e87bad3c948f4d605d) (ScriptedImporter) -> (artifact id: '53ae0ec93b16818fa1d1322fe1e33937') in 0.0257543 seconds
Number of updated asset objects reloaded before import = 0Number of asset objects unloaded after import = 1

========================================================================
Received Import Request.
  Time since last request: 0.000023 seconds.
  path: Assets/UnityTechnologies/TowerDefenseTemplate/Scenes/Levels/Level1/Level1/NavMesh.asset
  artifactKey: Guid(a21963fe83082454f9b9b68f28bb86e9) Importer(2089858483,b0f066a214c2f5e87bad3c948f4d605d)
Start importing Assets/UnityTechnologies/TowerDefenseTemplate/Scenes/Levels/Level1/Level1/NavMesh.asset using Guid(a21963fe83082454f9b9b68f28bb86e9) Importer(2089858483,b0f066a214c2f5e87bad3c948f4d605d) (ScriptedImporter) -> (artifact id: '1b501686e461c098d2d80d5b59d84dc6') in 0.0162391 seconds
Number of updated asset objects reloaded before import = 0Number of asset objects unloaded after import = 1

========================================================================
Received Import Request.
  Time since last request: 0.000018 seconds.
  path: Assets/UnityTechnologies/TowerDefenseTemplate/Scripts/TowerDefense/UI/Rotator.cs
  artifactKey: Guid(16acee6bdae4a4358b2b241b35529805) Importer(2089858483,b0f066a214c2f5e87bad3c948f4d605d)
Start importing Assets/UnityTechnologies/TowerDefenseTemplate/Scripts/TowerDefense/UI/Rotator.cs using Guid(16acee6bdae4a4358b2b241b35529805) Importer(2089858483,b0f066a214c2f5e87bad3c948f4d605d) (ScriptedImporter) -> (artifact id: 'cf972165c745d07ccd2a02c957994fa6') in 0.011783 seconds
Number of updated asset objects reloaded before import = 0Number of asset objects unloaded after import = 0

========================================================================
Received Import Request.
  Time since last request: 0.000044 seconds.
  path: Assets/UnityTechnologies/TowerDefenseTemplate/Scripts/TowerDefense/Towers/ITowerRadiusProvider.cs
  artifactKey: Guid(4c987968358743c0a2ad4957cf1c4ee8) Importer(2089858483,b0f066a214c2f5e87bad3c948f4d605d)
Start importing Assets/UnityTechnologies/TowerDefenseTemplate/Scripts/TowerDefense/Towers/ITowerRadiusProvider.cs using Guid(4c987968358743c0a2ad4957cf1c4ee8) Importer(2089858483,b0f066a214c2f5e87bad3c948f4d605d) (ScriptedImporter) -> (artifact id: 'dfbd86947c9345a0b049df9bc0c53ec5') in 0.0143754 seconds
Number of updated asset objects reloaded before import = 0Number of asset objects unloaded after import = 0

========================================================================
Received Import Request.
  Time since last request: 0.000018 seconds.
  path: Assets/UnityTechnologies/TowerDefenseTemplate/Scripts/TowerDefense/Towers/Projectiles/SplashDamager.cs
  artifactKey: Guid(75a0c4dcc0d440e480163f07a3ecd4ef) Importer(2089858483,b0f066a214c2f5e87bad3c948f4d605d)
Start importing Assets/UnityTechnologies/TowerDefenseTemplate/Scripts/TowerDefense/Towers/Projectiles/SplashDamager.cs using Guid(75a0c4dcc0d440e480163f07a3ecd4ef) Importer(2089858483,b0f066a214c2f5e87bad3c948f4d605d) (ScriptedImporter) -> (artifact id: 'b0d6c6eb577109b62d55717213f09ece') in 0.010622 seconds
Number of updated asset objects reloaded before import = 0Number of asset objects unloaded after import = 0

========================================================================
Received Import Request.
  Time since last request: 0.000058 seconds.
  path: Assets/UnityTechnologies/TowerDefenseTemplate/Scripts/TowerDefense/UI/HUD/TowerDefenseMainMenu.cs
  artifactKey: Guid(01ee14f7e93b4206b945367cc8feffce) Importer(2089858483,b0f066a214c2f5e87bad3c948f4d605d)
Start importing Assets/UnityTechnologies/TowerDefenseTemplate/Scripts/TowerDefense/UI/HUD/TowerDefenseMainMenu.cs using Guid(01ee14f7e93b4206b945367cc8feffce) Importer(2089858483,b0f066a214c2f5e87bad3c948f4d605d) (ScriptedImporter) -> (artifact id: 'fa9d06a48cdf50754c68ab1e38f93e65') in 0.0095149 seconds
Number of updated asset objects reloaded before import = 0Number of asset objects unloaded after import = 0

========================================================================
Received Import Request.
  Time since last request: 0.000049 seconds.
  path: Assets/UnityTechnologies/TowerDefenseTemplate/Scripts/TowerDefense/Towers/TowerLaunchers/HitscanLauncher.cs
  artifactKey: Guid(de49640db9f74ca892b78c0d6bb4eb02) Importer(2089858483,b0f066a214c2f5e87bad3c948f4d605d)
Start importing Assets/UnityTechnologies/TowerDefenseTemplate/Scripts/TowerDefense/Towers/TowerLaunchers/HitscanLauncher.cs using Guid(de49640db9f74ca892b78c0d6bb4eb02) Importer(2089858483,b0f066a214c2f5e87bad3c948f4d605d) (ScriptedImporter) -> (artifact id: '0b83197a4a63d42a383daf99dfa44b6a') in 0.0103948 seconds
Number of updated asset objects reloaded before import = 0Number of asset objects unloaded after import = 0

========================================================================
Received Import Request.
  Time since last request: 0.000063 seconds.
  path: Assets/UnityTechnologies/TowerDefenseTemplate/Scripts/TowerDefense/UI/HUD/TowerInfoDisplay.cs
  artifactKey: Guid(e8e3c9f661614c0ba03c57f3c07634d3) Importer(2089858483,b0f066a214c2f5e87bad3c948f4d605d)
Start importing Assets/UnityTechnologies/TowerDefenseTemplate/Scripts/TowerDefense/UI/HUD/TowerInfoDisplay.cs using Guid(e8e3c9f661614c0ba03c57f3c07634d3) Importer(2089858483,b0f066a214c2f5e87bad3c948f4d605d) (ScriptedImporter) -> (artifact id: 'aac3d45bd2b5292e4cdc679f532da543') in 0.0109888 seconds
Number of updated asset objects reloaded before import = 0Number of asset objects unloaded after import = 0

========================================================================
Received Import Request.
  Time since last request: 0.000044 seconds.
  path: Assets/UnityTechnologies/TowerDefenseTemplate/Scripts/TowerDefense/Towers/Data/TowerLibrary.cs
  artifactKey: Guid(a97a92b0d8cf4ef195477adef7115950) Importer(2089858483,b0f066a214c2f5e87bad3c948f4d605d)
Start importing Assets/UnityTechnologies/TowerDefenseTemplate/Scripts/TowerDefense/Towers/Data/TowerLibrary.cs using Guid(a97a92b0d8cf4ef195477adef7115950) Importer(2089858483,b0f066a214c2f5e87bad3c948f4d605d) (ScriptedImporter) -> (artifact id: '09fc00adf1bedf77e1810862392344dc') in 0.0114824 seconds
Number of updated asset objects reloaded before import = 0Number of asset objects unloaded after import = 0

========================================================================
Received Import Request.
  Time since last request: 0.000018 seconds.
  path: Assets/UnityTechnologies/TowerDefenseTemplate/Scenes/Levels/Level5/Level5/Lightmap-1_comp_dir.png
  artifactKey: Guid(290aa77cc08a844d4b237fc593b8204b) Importer(2089858483,b0f066a214c2f5e87bad3c948f4d605d)
Start importing Assets/UnityTechnologies/TowerDefenseTemplate/Scenes/Levels/Level5/Level5/Lightmap-1_comp_dir.png using Guid(290aa77cc08a844d4b237fc593b8204b) Importer(2089858483,b0f066a214c2f5e87bad3c948f4d605d) (ScriptedImporter) -> (artifact id: '466804d7e230fc2174dc04a32221487c') in 0.0187773 seconds
Number of updated asset objects reloaded before import = 0Number of asset objects unloaded after import = 1

========================================================================
Received Import Request.
  Time since last request: 0.000014 seconds.
  path: Assets/UnityTechnologies/TowerDefenseTemplate/Scenes/Levels/Level5/Level5/Lightmap-1_comp_light.exr
  artifactKey: Guid(cb63932a2435942ee9bc7eb1d5bb8a02) Importer(2089858483,b0f066a214c2f5e87bad3c948f4d605d)
Start importing Assets/UnityTechnologies/TowerDefenseTemplate/Scenes/Levels/Level5/Level5/Lightmap-1_comp_light.exr using Guid(cb63932a2435942ee9bc7eb1d5bb8a02) Importer(2089858483,b0f066a214c2f5e87bad3c948f4d605d) (ScriptedImporter) -> (artifact id: '59d929c9bf43a90f0871fb114abd20ac') in 0.0189665 seconds
Number of updated asset objects reloaded before import = 0Number of asset objects unloaded after import = 1

========================================================================
Received Import Request.
  Time since last request: 0.000013 seconds.
  path: Assets/UnityTechnologies/TowerDefenseTemplate/Audio/SFX/Towers/SuperTower/Super Tower Shot 5.wav
  artifactKey: Guid(5ae744e8eed7a400b9acdf6d118e7323) Importer(2089858483,b0f066a214c2f5e87bad3c948f4d605d)
Start importing Assets/UnityTechnologies/TowerDefenseTemplate/Audio/SFX/Towers/SuperTower/Super Tower Shot 5.wav using Guid(5ae744e8eed7a400b9acdf6d118e7323) Importer(2089858483,b0f066a214c2f5e87bad3c948f4d605d) (ScriptedImporter) -> (artifact id: '01e4e6555f01a9f76f2667738c713c7c') in 0.0266198 seconds
Number of updated asset objects reloaded before import = 0Number of asset objects unloaded after import = 1

========================================================================
Received Import Request.
  Time since last request: 0.000022 seconds.
  path: Assets/UnityTechnologies/TowerDefenseTemplate/Models/Towers/EMP Tower/Materials/EMP_Tower_level_1_tex_v001.mat
  artifactKey: Guid(e313567b9545d254d84c58218d20ca44) Importer(2089858483,b0f066a214c2f5e87bad3c948f4d605d)
Start importing Assets/UnityTechnologies/TowerDefenseTemplate/Models/Towers/EMP Tower/Materials/EMP_Tower_level_1_tex_v001.mat using Guid(e313567b9545d254d84c58218d20ca44) Importer(2089858483,b0f066a214c2f5e87bad3c948f4d605d) (ScriptedImporter) -> (artifact id: 'bc3b1aff375805dbb37bd96efaefe60d') in 0.0189644 seconds
Number of updated asset objects reloaded before import = 0Number of asset objects unloaded after import = 1

========================================================================
Received Import Request.
  Time since last request: 0.000043 seconds.
  path: Assets/UnityTechnologies/TowerDefenseTemplate/Audio/SFX/Towers/Laser/LaserFire.wav
  artifactKey: Guid(f7f2b958b23574551b561f7e871a8306) Importer(2089858483,b0f066a214c2f5e87bad3c948f4d605d)
Start importing Assets/UnityTechnologies/TowerDefenseTemplate/Audio/SFX/Towers/Laser/LaserFire.wav using Guid(f7f2b958b23574551b561f7e871a8306) Importer(2089858483,b0f066a214c2f5e87bad3c948f4d605d) (ScriptedImporter) -> (artifact id: 'c37e3f88a8d2ed92589caf4d7d6c6946') in 0.0313608 seconds
Number of updated asset objects reloaded before import = 0Number of asset objects unloaded after import = 1

========================================================================
Received Import Request.
  Time since last request: 0.000033 seconds.
  path: Assets/UnityTechnologies/TowerDefenseTemplate/Scenes/Levels/Level1/Level1/Lightmap-0_comp_light.exr
  artifactKey: Guid(a2b6d8687db874a529be9fde68080478) Importer(2089858483,b0f066a214c2f5e87bad3c948f4d605d)
Start importing Assets/UnityTechnologies/TowerDefenseTemplate/Scenes/Levels/Level1/Level1/Lightmap-0_comp_light.exr using Guid(a2b6d8687db874a529be9fde68080478) Importer(2089858483,b0f066a214c2f5e87bad3c948f4d605d) (ScriptedImporter) -> (artifact id: '69c8685516c4079d45f965203f65113b') in 0.0296571 seconds
Number of updated asset objects reloaded before import = 0Number of asset objects unloaded after import = 1

========================================================================
Received Import Request.
  Time since last request: 0.000027 seconds.
  path: Assets/UnityTechnologies/TowerDefenseTemplate/Scripts/TowerDefense/Towers/TowerLevel.cs
  artifactKey: Guid(a5d8e55681884ffb9fb6ed0b6f18f0bb) Importer(2089858483,b0f066a214c2f5e87bad3c948f4d605d)
Start importing Assets/UnityTechnologies/TowerDefenseTemplate/Scripts/TowerDefense/Towers/TowerLevel.cs using Guid(a5d8e55681884ffb9fb6ed0b6f18f0bb) Importer(2089858483,b0f066a214c2f5e87bad3c948f4d605d) (ScriptedImporter) -> (artifact id: '6fb4bd76c1fe3ad3c6c302a0f1bd0a71') in 0.0144462 seconds
Number of updated asset objects reloaded before import = 0Number of asset objects unloaded after import = 0

========================================================================
Received Import Request.
  Time since last request: 0.000026 seconds.
  path: Assets/UnityTechnologies/TowerDefenseTemplate/Scripts/ActionGameFramework/Projectiles/Editor/BallisticProjectileEditor.cs
  artifactKey: Guid(8a6ca508e7b05407da465b48513a6173) Importer(2089858483,b0f066a214c2f5e87bad3c948f4d605d)
Start importing Assets/UnityTechnologies/TowerDefenseTemplate/Scripts/ActionGameFramework/Projectiles/Editor/BallisticProjectileEditor.cs using Guid(8a6ca508e7b05407da465b48513a6173) Importer(2089858483,b0f066a214c2f5e87bad3c948f4d605d) (ScriptedImporter) -> (artifact id: 'dcefb6bc719fbcaf8b48bf89024af43e') in 0.0127675 seconds
Number of updated asset objects reloaded before import = 0Number of asset objects unloaded after import = 0

========================================================================
Received Import Request.
  Time since last request: 0.000021 seconds.
  path: Assets/UnityTechnologies/TowerDefenseTemplate/Scripts/TowerDefense/Towers/Data/TowerLevelData.cs
  artifactKey: Guid(24e2352be0954e359a850a9d99215c6e) Importer(2089858483,b0f066a214c2f5e87bad3c948f4d605d)
Start importing Assets/UnityTechnologies/TowerDefenseTemplate/Scripts/TowerDefense/Towers/Data/TowerLevelData.cs using Guid(24e2352be0954e359a850a9d99215c6e) Importer(2089858483,b0f066a214c2f5e87bad3c948f4d605d) (ScriptedImporter) -> (artifact id: '4f586278b690d77681a35de840960cd0') in 0.0118799 seconds
Number of updated asset objects reloaded before import = 0Number of asset objects unloaded after import = 0

========================================================================
Received Import Request.
  Time since last request: 0.000055 seconds.
  path: Assets/UnityTechnologies/TowerDefenseTemplate/Scenes/Levels/Level3/Level3/NavMesh.asset
  artifactKey: Guid(f74104e51827c4088a695616c7881186) Importer(2089858483,b0f066a214c2f5e87bad3c948f4d605d)
Start importing Assets/UnityTechnologies/TowerDefenseTemplate/Scenes/Levels/Level3/Level3/NavMesh.asset using Guid(f74104e51827c4088a695616c7881186) Importer(2089858483,b0f066a214c2f5e87bad3c948f4d605d) (ScriptedImporter) -> (artifact id: '6ea56c7c78672f4f4ddeeb878927887c') in 0.0129854 seconds
Number of updated asset objects reloaded before import = 0Number of asset objects unloaded after import = 1

========================================================================
Received Import Request.
  Time since last request: 0.000034 seconds.
  path: Assets/UnityTechnologies/TowerDefenseTemplate/Scenes/Levels/Level1/Level1/Lightmap-0_comp_dir.png
  artifactKey: Guid(04910d69771484ec4a77a6c672508be2) Importer(2089858483,b0f066a214c2f5e87bad3c948f4d605d)
Start importing Assets/UnityTechnologies/TowerDefenseTemplate/Scenes/Levels/Level1/Level1/Lightmap-0_comp_dir.png using Guid(04910d69771484ec4a77a6c672508be2) Importer(2089858483,b0f066a214c2f5e87bad3c948f4d605d) (ScriptedImporter) -> (artifact id: '95e664a6b94e72b2f10ae6aeef6fe568') in 0.019288 seconds
Number of updated asset objects reloaded before import = 0Number of asset objects unloaded after import = 1

========================================================================
Received Import Request.
  Time since last request: 0.000042 seconds.
  path: Assets/UnityTechnologies/TowerDefenseTemplate/Scripts/TowerDefense/UI/MovingCanvas.cs
  artifactKey: Guid(1dd77c5b1fad4dc3ab8ec9b7bc06c40c) Importer(2089858483,b0f066a214c2f5e87bad3c948f4d605d)
Start importing Assets/UnityTechnologies/TowerDefenseTemplate/Scripts/TowerDefense/UI/MovingCanvas.cs using Guid(1dd77c5b1fad4dc3ab8ec9b7bc06c40c) Importer(2089858483,b0f066a214c2f5e87bad3c948f4d605d) (ScriptedImporter) -> (artifact id: '394df48a8e988e7a097c3d98c7fd00a0') in 0.0117135 seconds
Number of updated asset objects reloaded before import = 0Number of asset objects unloaded after import = 0

========================================================================
Received Import Request.
  Time since last request: 0.000038 seconds.
  path: Assets/UnityTechnologies/TowerDefenseTemplate/Scripts/TowerDefense/UI/HUD/TowerUI.cs
  artifactKey: Guid(1532cb0ded4148aebb8d2ab0eab3d477) Importer(2089858483,b0f066a214c2f5e87bad3c948f4d605d)
Start importing Assets/UnityTechnologies/TowerDefenseTemplate/Scripts/TowerDefense/UI/HUD/TowerUI.cs using Guid(1532cb0ded4148aebb8d2ab0eab3d477) Importer(2089858483,b0f066a214c2f5e87bad3c948f4d605d) (ScriptedImporter) -> (artifact id: '722553794251a1ac8f90e5166d87e576') in 0.010933 seconds
Number of updated asset objects reloaded before import = 0Number of asset objects unloaded after import = 0

========================================================================
Received Import Request.
  Time since last request: 0.000069 seconds.
  path: Assets/UnityTechnologies/TowerDefenseTemplate/Scripts/TowerDefense/UI/OptionsMenu.cs
  artifactKey: Guid(dd6f86a5ccbb4ad78c7c0cb1a0e71fa5) Importer(2089858483,b0f066a214c2f5e87bad3c948f4d605d)
Start importing Assets/UnityTechnologies/TowerDefenseTemplate/Scripts/TowerDefense/UI/OptionsMenu.cs using Guid(dd6f86a5ccbb4ad78c7c0cb1a0e71fa5) Importer(2089858483,b0f066a214c2f5e87bad3c948f4d605d) (ScriptedImporter) -> (artifact id: '9ec2aa021acdb9dbb432201735d62294') in 0.0106973 seconds
Number of updated asset objects reloaded before import = 0Number of asset objects unloaded after import = 0

========================================================================
Received Import Request.
  Time since last request: 0.000054 seconds.
  path: Assets/UnityTechnologies/TowerDefenseTemplate/Scripts/TowerDefense/Towers/TowerLaunchers/SuperTowerLauncher.cs
  artifactKey: Guid(eddc684dd223471eac197c20e7766d0e) Importer(2089858483,b0f066a214c2f5e87bad3c948f4d605d)
Start importing Assets/UnityTechnologies/TowerDefenseTemplate/Scripts/TowerDefense/Towers/TowerLaunchers/SuperTowerLauncher.cs using Guid(eddc684dd223471eac197c20e7766d0e) Importer(2089858483,b0f066a214c2f5e87bad3c948f4d605d) (ScriptedImporter) -> (artifact id: 'ef0911aa13c08ffeaa2df8fef973a89c') in 0.0115795 seconds
Number of updated asset objects reloaded before import = 0Number of asset objects unloaded after import = 0

========================================================================
Received Import Request.
  Time since last request: 0.000042 seconds.
  path: Assets/UnityTechnologies/TowerDefenseTemplate/Scripts/TowerDefense/MeshCreator/AreaMeshCreator.cs
  artifactKey: Guid(e41a634427db04384addf24bbf7342bf) Importer(2089858483,b0f066a214c2f5e87bad3c948f4d605d)
Start importing Assets/UnityTechnologies/TowerDefenseTemplate/Scripts/TowerDefense/MeshCreator/AreaMeshCreator.cs using Guid(e41a634427db04384addf24bbf7342bf) Importer(2089858483,b0f066a214c2f5e87bad3c948f4d605d) (ScriptedImporter) -> (artifact id: '035d3994211cf3dbfa3afb98aab6379a') in 0.0137394 seconds
Number of updated asset objects reloaded before import = 0Number of asset objects unloaded after import = 0

========================================================================
Received Import Request.
  Time since last request: 0.000067 seconds.
  path: Assets/UnityTechnologies/TowerDefenseTemplate/Scenes/Levels/Level1_Prototype/Level1_Prototype/NavMesh.asset
  artifactKey: Guid(5f4fcbe437cf1459083ac2acb5d190f6) Importer(2089858483,b0f066a214c2f5e87bad3c948f4d605d)
Start importing Assets/UnityTechnologies/TowerDefenseTemplate/Scenes/Levels/Level1_Prototype/Level1_Prototype/NavMesh.asset using Guid(5f4fcbe437cf1459083ac2acb5d190f6) Importer(2089858483,b0f066a214c2f5e87bad3c948f4d605d) (ScriptedImporter) -> (artifact id: '68c18e44759a78d44d166202f442db65') in 0.0147435 seconds
Number of updated asset objects reloaded before import = 0Number of asset objects unloaded after import = 1

========================================================================
Received Import Request.
  Time since last request: 0.000047 seconds.
  path: Assets/UnityTechnologies/TowerDefenseTemplate/Scenes/Levels/Level2/Level2/Lightmap-1_comp_light.exr
  artifactKey: Guid(3b7821fbd27c14ce79341c1f35ad0afa) Importer(2089858483,b0f066a214c2f5e87bad3c948f4d605d)
Start importing Assets/UnityTechnologies/TowerDefenseTemplate/Scenes/Levels/Level2/Level2/Lightmap-1_comp_light.exr using Guid(3b7821fbd27c14ce79341c1f35ad0afa) Importer(2089858483,b0f066a214c2f5e87bad3c948f4d605d) (ScriptedImporter) -> (artifact id: 'b0861d9848269785e245ffc858116707') in 0.0167805 seconds
Number of updated asset objects reloaded before import = 0Number of asset objects unloaded after import = 1

========================================================================
Received Import Request.
  Time since last request: 0.000019 seconds.
  path: Assets/UnityTechnologies/TowerDefenseTemplate/Audio/SFX/Towers/MachineGun/MG 8.wav
  artifactKey: Guid(5a6ca7a364e294886845ab3c268ea63e) Importer(2089858483,b0f066a214c2f5e87bad3c948f4d605d)
Start importing Assets/UnityTechnologies/TowerDefenseTemplate/Audio/SFX/Towers/MachineGun/MG 8.wav using Guid(5a6ca7a364e294886845ab3c268ea63e) Importer(2089858483,b0f066a214c2f5e87bad3c948f4d605d) (ScriptedImporter) -> (artifact id: '6b4c4664bc1825b945cabc7f0a81e9b0') in 0.023229 seconds
Number of updated asset objects reloaded before import = 0Number of asset objects unloaded after import = 1

========================================================================
Received Import Request.
  Time since last request: 0.000024 seconds.
  path: Assets/UnityTechnologies/TowerDefenseTemplate/Scripts/TowerDefense/Affectors/Affector.cs
  artifactKey: Guid(c5606ec01a3e40be99fb1435901afa8b) Importer(2089858483,b0f066a214c2f5e87bad3c948f4d605d)
Start importing Assets/UnityTechnologies/TowerDefenseTemplate/Scripts/TowerDefense/Affectors/Affector.cs using Guid(c5606ec01a3e40be99fb1435901afa8b) Importer(2089858483,b0f066a214c2f5e87bad3c948f4d605d) (ScriptedImporter) -> (artifact id: 'bd6c9ca5e02df591a567dd6da07b0a20') in 0.0115118 seconds
Number of updated asset objects reloaded before import = 0Number of asset objects unloaded after import = 0

========================================================================
Received Import Request.
  Time since last request: 0.000048 seconds.
  path: Assets/UnityTechnologies/TowerDefenseTemplate/Scripts/TowerDefense/Game/LevelSaveData.cs
  artifactKey: Guid(9d22e09e935e4c9397258d4ee064efa3) Importer(2089858483,b0f066a214c2f5e87bad3c948f4d605d)
Start importing Assets/UnityTechnologies/TowerDefenseTemplate/Scripts/TowerDefense/Game/LevelSaveData.cs using Guid(9d22e09e935e4c9397258d4ee064efa3) Importer(2089858483,b0f066a214c2f5e87bad3c948f4d605d) (ScriptedImporter) -> (artifact id: '6b152c508efb7d269ce202b0457405d6') in 0.0117912 seconds
Number of updated asset objects reloaded before import = 0Number of asset objects unloaded after import = 0

========================================================================
Received Import Request.
  Time since last request: 0.000073 seconds.
  path: Assets/UnityTechnologies/TowerDefenseTemplate/Scripts/Core/Data/IDataSaver.cs
  artifactKey: Guid(1cf05e42e6ee845c891cb6c919c70617) Importer(2089858483,b0f066a214c2f5e87bad3c948f4d605d)
Start importing Assets/UnityTechnologies/TowerDefenseTemplate/Scripts/Core/Data/IDataSaver.cs using Guid(1cf05e42e6ee845c891cb6c919c70617) Importer(2089858483,b0f066a214c2f5e87bad3c948f4d605d) (ScriptedImporter) -> (artifact id: 'e1107aaceefcbca18a902df906d55dd2') in 0.0113006 seconds
Number of updated asset objects reloaded before import = 0Number of asset objects unloaded after import = 0

========================================================================
Received Import Request.
  Time since last request: 0.000066 seconds.
  path: Assets/UnityTechnologies/TowerDefenseTemplate/Particles/Prefabs/BigDeathExplosionPfx.prefab
  artifactKey: Guid(42a3690e5d4a841ad958c0e3b9b7b19e) Importer(2089858483,b0f066a214c2f5e87bad3c948f4d605d)
Start importing Assets/UnityTechnologies/TowerDefenseTemplate/Particles/Prefabs/BigDeathExplosionPfx.prefab using Guid(42a3690e5d4a841ad958c0e3b9b7b19e) Importer(2089858483,b0f066a214c2f5e87bad3c948f4d605d) (ScriptedImporter) -> (artifact id: 'ccb59a3f600b555989b3df7b637ded6c') in 0.0504712 seconds
Number of updated asset objects reloaded before import = 0Number of asset objects unloaded after import = 48

========================================================================
Received Import Request.
  Time since last request: 0.000017 seconds.
  path: Assets/UnityTechnologies/TowerDefenseTemplate/Models/Towers/EnergyPylon/EnergyPylon_L01_Albedo_V001.tiff
  artifactKey: Guid(a45f07d0792af48c991867ca0ad0f244) Importer(2089858483,b0f066a214c2f5e87bad3c948f4d605d)
Start importing Assets/UnityTechnologies/TowerDefenseTemplate/Models/Towers/EnergyPylon/EnergyPylon_L01_Albedo_V001.tiff using Guid(a45f07d0792af48c991867ca0ad0f244) Importer(2089858483,b0f066a214c2f5e87bad3c948f4d605d) (ScriptedImporter) -> (artifact id: '4053a39a60256745682fe1faf10506dc') in 0.0149287 seconds
Number of updated asset objects reloaded before import = 0Number of asset objects unloaded after import = 1

========================================================================
Received Import Request.
  Time since last request: 10.754693 seconds.
  path: Assets/UnityTechnologies/TowerDefenseTemplate/Prefabs
  artifactKey: Guid(5ca7c6216b42247198957f3e8d799298) Importer(815301076,1909f56bfc062723c751e8b465ee728b)
Start importing Assets/UnityTechnologies/TowerDefenseTemplate/Prefabs using Guid(5ca7c6216b42247198957f3e8d799298) Importer(815301076,1909f56bfc062723c751e8b465ee728b) (PreviewImporter) -> (artifact id: '4ddfa1c9f58117de4706a93d9f9ae0e5') in 0.0005364 seconds
Number of updated asset objects reloaded before import = 0Number of asset objects unloaded after import = 0

========================================================================
Received Import Request.
  Time since last request: 6.753147 seconds.
  path: Assets/UnityTechnologies/TowerDefenseTemplate/Prefabs/Towers/Rocket/RocketProjectile_0.prefab
  artifactKey: Guid(c11a889ae581148039036a639c0ab779) Importer(815301076,1909f56bfc062723c751e8b465ee728b)
Start importing Assets/UnityTechnologies/TowerDefenseTemplate/Prefabs/Towers/Rocket/RocketProjectile_0.prefab using Guid(c11a889ae581148039036a639c0ab779) Importer(815301076,1909f56bfc062723c751e8b465ee728b) (PreviewImporter) -> (artifact id: '717141abfe10c4ec5c8eb504aa0b269e') in 0.2223671 seconds
Number of updated asset objects reloaded before import = 0Number of asset objects unloaded after import = 27

========================================================================
Received Import Request.
  Time since last request: 27.707701 seconds.
  path: Assets/UnityTechnologies/TowerDefenseTemplate/Models/Towers/Rocket/Rocket_Tower_L02_Texture_V003.tif
  artifactKey: Guid(23ac691ae76604964857686fac3afecd) Importer(815301076,1909f56bfc062723c751e8b465ee728b)
Start importing Assets/UnityTechnologies/TowerDefenseTemplate/Models/Towers/Rocket/Rocket_Tower_L02_Texture_V003.tif using Guid(23ac691ae76604964857686fac3afecd) Importer(815301076,1909f56bfc062723c751e8b465ee728b) (PreviewImporter) -> (artifact id: '6443b206d04c9846174e7cca9249cd7c') in 0.0205949 seconds
Number of updated asset objects reloaded before import = 0Number of asset objects unloaded after import = 2

