[Licensing::Module] Trying to connect to existing licensing client channel...
Built from '6000.3/staging' branch; Version is '6000.3.2f1 (a9779f353c9b) revision 11106207'; Using compiler version '194234433'; Build Type 'Release'
OS: 'Windows 11  (10.0.26200) 64bit Core' Language: 'en' Physical Memory: 8033 MB
BatchMode: 1, IsHumanControllingUs: 0, StartBugReporterOnCrash: 0, Is64bit: 1
[Licensing::IpcConnector] Successfully connected to: "LicenseClient-david" at "2026-01-20T11:15:19.4642465Z"
Date: 2026-01-20T11:15:19Z

COMMAND LINE ARGUMENTS:
C:\Program Files\Unity\Hub\Editor\6000.3.2f1\Editor\Unity.exe
-adb2
-batchMode
-noUpm
-name
AssetImportWorker1
-projectPath
C:/Users/david/Documents/GitHub/PandPGame/Project Folder/Tower Defense Template
-logFile
Logs/AssetImportWorker1.log
-srvPort
61277
-job-worker-count
5
-background-job-worker-count
8
-gc-helper-count
1
-name
AssetImport
Successfully changed project path to: C:/Users/david/Documents/GitHub/PandPGame/Project Folder/Tower Defense Template
C:/Users/david/Documents/GitHub/PandPGame/Project Folder/Tower Defense Template
[UnityMemory] Configuration Parameters - Can be set up in boot.config
    "memorysetup-temp-allocator-size-nav-mesh-worker=65536"
    "memorysetup-temp-allocator-size-audio-worker=65536"
    "memorysetup-temp-allocator-size-gfx=262144"
    "memorysetup-allocator-temp-initial-block-size-main=262144"
    "memorysetup-allocator-temp-initial-block-size-worker=262144"
    "memorysetup-temp-allocator-size-background-worker=32768"
    "memorysetup-temp-allocator-size-job-worker=262144"
    "memorysetup-temp-allocator-size-preload-manager=33554432"
    "memorysetup-temp-allocator-size-gi-baking-worker=262144"
    "memorysetup-temp-allocator-size-gi-baking-worker=262144"
    "memorysetup-temp-allocator-size-gi-baking-worker=262144"
    "memorysetup-temp-allocator-size-gi-baking-worker=262144"
    "memorysetup-temp-allocator-size-gi-baking-worker=262144"
    "memorysetup-bucket-allocator-granularity=16"
    "memorysetup-bucket-allocator-bucket-count=8"
    "memorysetup-bucket-allocator-block-size=33554432"
    "memorysetup-bucket-allocator-block-count=8"
    "memorysetup-main-allocator-block-size=16777216"
    "memorysetup-thread-allocator-block-size=16777216"
    "memorysetup-gfx-main-allocator-block-size=16777216"
    "memorysetup-gfx-thread-allocator-block-size=16777216"
    "memorysetup-cache-allocator-block-size=4194304"
    "memorysetup-typetree-allocator-block-size=2097152"
    "memorysetup-profiler-bucket-allocator-granularity=16"
    "memorysetup-profiler-bucket-allocator-bucket-count=8"
    "memorysetup-profiler-bucket-allocator-block-size=33554432"
    "memorysetup-profiler-bucket-allocator-block-count=8"
    "memorysetup-profiler-allocator-block-size=16777216"
    "memorysetup-profiler-editor-allocator-block-size=1048576"
    "memorysetup-temp-allocator-size-main=16777216"
    "memorysetup-job-temp-allocator-block-size=2097152"
    "memorysetup-job-temp-allocator-block-size-background=1048576"
    "memorysetup-job-temp-allocator-reduction-small-platforms=262144"
    "memorysetup-temp-allocator-size-cloud-worker=32768"
Player connection [3316]  Target information:

Player connection [3316]  * "[IP] 192.168.1.77 [Port] 0 [Flags] 2 [Guid] 2453214937 [EditorId] 2453214937 [Version] 1048832 [Id] WindowsEditor(7,Qwerty) [Debug] 1 [PackageName] WindowsEditor [ProjectName] Editor" 

Player connection [3316]  * "[IP] 192.168.137.1 [Port] 0 [Flags] 2 [Guid] 2453214937 [EditorId] 2453214937 [Version] 1048832 [Id] WindowsEditor(7,Qwerty) [Debug] 1 [PackageName] WindowsEditor [ProjectName] Editor" 

Player connection [3316] Host joined multi-casting on [225.0.0.222:54997]...
Player connection [3316] Host joined alternative multi-casting on [225.0.0.222:34997]...
JobSystem: Creating JobQueue using job-worker-count value 5
Input System module state changed to: Initialized.
[Physics::Module] Initialized fallback backend.
[Physics::Module] Id: 0xdecafbad
Library Redirect Path: Library/
[Physics::Module] Selected backend.
[Physics::Module] Name: PhysX
[Physics::Module] Id: 0xf2b8ea05
[Physics::Module] SDK Version: 4.1.2
[Physics::Module] Integration Version: 1.0.0
[Physics::Module] Threading Mode: Multi-Threaded
Refreshing native plugins compatible for Editor in 0.00 ms, found 0 plugins.
Preloading 0 native plugins for Editor in 0.00 ms.
Initialize engine version: 6000.3.2f1 (a9779f353c9b)
[Subsystems] Discovering subsystems at path C:/Program Files/Unity/Hub/Editor/6000.3.2f1/Editor/Data/Resources/UnitySubsystems
[Subsystems] Discovering subsystems at path C:/Users/david/Documents/GitHub/PandPGame/Project Folder/Tower Defense Template/Assets
GfxDevice: creating device client; kGfxThreadingModeNonThreaded
Direct3D:
    Version:  Direct3D 11.0 [level 11.1]
    Renderer: NVIDIA GeForce RTX 3050 (ID=0x2507)
    Vendor:   NVIDIA
    VRAM:     8042 MB
    Driver:   32.0.15.6094
Initialize mono
Mono path[0] = 'C:/Program Files/Unity/Hub/Editor/6000.3.2f1/Editor/Data/Managed'
Mono path[1] = 'C:/Program Files/Unity/Hub/Editor/6000.3.2f1/Editor/Data/MonoBleedingEdge/lib/mono/unityjit-win32'
Mono config path = 'C:/Program Files/Unity/Hub/Editor/6000.3.2f1/Editor/Data/MonoBleedingEdge/etc'
Using monoOptions --debugger-agent=transport=dt_socket,embedding=1,server=y,suspend=n,address=127.0.0.1:56876
Begin MonoManager ReloadAssembly
Registering precompiled unity dll's ...
Register platform support module: C:/Program Files/Unity/Hub/Editor/6000.3.2f1/Editor/Data/PlaybackEngines/WindowsStandaloneSupport/UnityEditor.WindowsStandalone.Extensions.dll
Registered in 0.001416 seconds.
- Loaded All Assemblies, in  0.510 seconds
Native extension for WindowsStandalone target not found
Mono: successfully reloaded assembly
- Finished resetting the current domain, in  0.521 seconds
Domain Reload Profiling: 1029ms
	BeginReloadAssembly (193ms)
		ExecutionOrderSort (0ms)
		DisableScriptedObjects (0ms)
		BackupInstance (0ms)
		ReleaseScriptingObjects (0ms)
		CreateAndSetChildDomain (1ms)
	RebuildCommonClasses (42ms)
	RebuildNativeTypeToScriptingClass (18ms)
	initialDomainReloadingComplete (50ms)
	LoadAllAssembliesAndSetupDomain (203ms)
		LoadAssemblies (191ms)
		RebuildTransferFunctionScriptingTraits (0ms)
		AnalyzeDomain (200ms)
			TypeCache.Refresh (197ms)
				TypeCache.ScanAssembly (178ms)
			BuildScriptInfoCaches (0ms)
			ResolveRequiredComponents (1ms)
	FinalizeReload (522ms)
		ReleaseScriptCaches (0ms)
		RebuildScriptCaches (0ms)
		SetupLoadedEditorAssemblies (477ms)
			LogAssemblyErrors (0ms)
			InitializePlatformSupportModulesInManaged (59ms)
			SetLoadedEditorAssemblies (4ms)
			BeforeProcessingInitializeOnLoad (98ms)
			ProcessInitializeOnLoadAttributes (185ms)
			ProcessInitializeOnLoadMethodAttributes (131ms)
			AfterProcessingInitializeOnLoad (0ms)
			EditorAssembliesLoaded (0ms)
		ExecutionOrderSort2 (0ms)
		AwakeInstancesAfterBackupRestoration (0ms)
========================================================================
Worker process is ready to serve import requests
Import Worker Mode flag is 0x00
Begin MonoManager ReloadAssembly
[Licensing::Module] Licensing is not yet initialized.
[Licensing::Client] Handshaking with LicensingClient:
  Version:                 1.17.4+4293ba1
  Session Id:              aaee8a0f4b1748a2be016cdee9d29aa0
  Correlation Id:          98b50fba5274dda1afe2897c7e8cac37
  External correlation Id: 3606540790763325108
  Machine Id:              A6CeyOrsppipM6dAshma+TUbWa8=
[Licensing::Module] Successfully connected to LicensingClient on channel: "LicenseClient-david" (connect: 0.00s, validation: 0.01s, handshake: 2.19s)
[Licensing::IpcConnector] Successfully connected to: "LicenseClient-david-notifications" at "2026-01-20T11:15:21.6660749Z"
[Licensing::Module] Licensing Background thread has ended after 2.20s
[Licensing::Module] Licensing is initialized (took 0.49s).
[Licensing::Client] Successfully resolved entitlement details
[Licensing::Module] License group:
  Id: F4-ND5K-8W28-C636-FXKJ-XXXX
  Product: Unity Personal
  Type: ULF
  Expiration: Unlimited
[Licensing::Module] License group:
  Id: 20066303095614-UnityPersXXXX
  Product: Unity Personal
  Type: Assigned
  Expiration: Unlimited
- Loaded All Assemblies, in  0.797 seconds
Refreshing native plugins compatible for Editor in 0.00 ms, found 0 plugins.
Native extension for WindowsStandalone target not found
Mono: successfully reloaded assembly
- Finished resetting the current domain, in  0.359 seconds
Domain Reload Profiling: 1154ms
	BeginReloadAssembly (703ms)
		ExecutionOrderSort (0ms)
		DisableScriptedObjects (7ms)
		BackupInstance (0ms)
		ReleaseScriptingObjects (0ms)
		CreateAndSetChildDomain (38ms)
	RebuildCommonClasses (42ms)
	RebuildNativeTypeToScriptingClass (14ms)
	initialDomainReloadingComplete (20ms)
	LoadAllAssembliesAndSetupDomain (16ms)
		LoadAssemblies (119ms)
		RebuildTransferFunctionScriptingTraits (0ms)
		AnalyzeDomain (12ms)
			TypeCache.Refresh (8ms)
				TypeCache.ScanAssembly (2ms)
			BuildScriptInfoCaches (1ms)
			ResolveRequiredComponents (0ms)
	FinalizeReload (359ms)
		ReleaseScriptCaches (0ms)
		RebuildScriptCaches (0ms)
		SetupLoadedEditorAssemblies (259ms)
			LogAssemblyErrors (0ms)
			InitializePlatformSupportModulesInManaged (1ms)
			SetLoadedEditorAssemblies (3ms)
			BeforeProcessingInitializeOnLoad (95ms)
			ProcessInitializeOnLoadAttributes (125ms)
			ProcessInitializeOnLoadMethodAttributes (29ms)
			AfterProcessingInitializeOnLoad (5ms)
			EditorAssembliesLoaded (0ms)
		ExecutionOrderSort2 (0ms)
		AwakeInstancesAfterBackupRestoration (7ms)
Launched and connected shader compiler UnityShaderCompiler.exe after 0.01 seconds
Refreshing native plugins compatible for Editor in 0.00 ms, found 0 plugins.
Preloading 0 native plugins for Editor in 0.00 ms.
Unloading 4 Unused Serialized files (Serialized files now loaded: 0)
Unloading 322 unused Assets / (334.3 KB). Loaded Objects now: 931.
Memory consumption went from 68.9 MB to 68.6 MB.
Total: 8.140500 ms (FindLiveObjects: 0.135500 ms CreateObjectMapping: 0.026300 ms MarkObjects: 7.569800 ms  DeleteObjects: 0.406900 ms)

========================================================================
Received Import Request.
  Time since last request: 47785.113049 seconds.
  path: Assets/UnityTechnologies/TowerDefenseTemplate/Animations/UI/Show.anim
  artifactKey: Guid(4e161424a6d19460994d8797f72c4fe5) Importer(2089858483,b0f066a214c2f5e87bad3c948f4d605d)
Start importing Assets/UnityTechnologies/TowerDefenseTemplate/Animations/UI/Show.anim using Guid(4e161424a6d19460994d8797f72c4fe5) Importer(2089858483,b0f066a214c2f5e87bad3c948f4d605d) (ScriptedImporter) -> (artifact id: 'b477b80e3ead76d0f752d5710a141c87') in 0.1963235 seconds
Number of updated asset objects reloaded before import = 0Number of asset objects unloaded after import = 1

========================================================================
Received Import Request.
  Time since last request: 0.000027 seconds.
  path: Assets/UnityTechnologies/TowerDefenseTemplate/UI/icon_drag_dot_white.png
  artifactKey: Guid(4a93fe8f69ec84f549c5b0c42c1deb5e) Importer(2089858483,b0f066a214c2f5e87bad3c948f4d605d)
Start importing Assets/UnityTechnologies/TowerDefenseTemplate/UI/icon_drag_dot_white.png using Guid(4a93fe8f69ec84f549c5b0c42c1deb5e) Importer(2089858483,b0f066a214c2f5e87bad3c948f4d605d) (ScriptedImporter) -> (artifact id: '74d44fdf51761db2cbb00d25ac8e46f7') in 0.0785804 seconds
Number of updated asset objects reloaded before import = 0Number of asset objects unloaded after import = 3

========================================================================
Received Import Request.
  Time since last request: 0.000036 seconds.
  path: Assets/UnityTechnologies/TowerDefenseTemplate/Data/Tower/Emp1.asset
  artifactKey: Guid(83fc8568a9c3c4a62852b59b45e58d93) Importer(2089858483,b0f066a214c2f5e87bad3c948f4d605d)
Start importing Assets/UnityTechnologies/TowerDefenseTemplate/Data/Tower/Emp1.asset using Guid(83fc8568a9c3c4a62852b59b45e58d93) Importer(2089858483,b0f066a214c2f5e87bad3c948f4d605d) (ScriptedImporter) -> (artifact id: '8129a9f3dee5cf8f7223ea838621229f') in 0.02372 seconds
Number of updated asset objects reloaded before import = 0Number of asset objects unloaded after import = 1

========================================================================
Received Import Request.
  Time since last request: 0.000052 seconds.
  path: Assets/UnityTechnologies/TowerDefenseTemplate/Data/Tower/Laser3.asset
  artifactKey: Guid(12994b0db6ab24a5caf6123d0d999972) Importer(2089858483,b0f066a214c2f5e87bad3c948f4d605d)
Start importing Assets/UnityTechnologies/TowerDefenseTemplate/Data/Tower/Laser3.asset using Guid(12994b0db6ab24a5caf6123d0d999972) Importer(2089858483,b0f066a214c2f5e87bad3c948f4d605d) (ScriptedImporter) -> (artifact id: '88c4b49e0c00a0356fccbfab1981d649') in 0.0237145 seconds
Number of updated asset objects reloaded before import = 0Number of asset objects unloaded after import = 1

========================================================================
Received Import Request.
  Time since last request: 0.000628 seconds.
  path: Assets/UnityTechnologies/TowerDefenseTemplate/Data/Agents/Hovertank.asset
  artifactKey: Guid(57816016cc4b94e069d9d8a6add55324) Importer(2089858483,b0f066a214c2f5e87bad3c948f4d605d)
Start importing Assets/UnityTechnologies/TowerDefenseTemplate/Data/Agents/Hovertank.asset using Guid(57816016cc4b94e069d9d8a6add55324) Importer(2089858483,b0f066a214c2f5e87bad3c948f4d605d) (ScriptedImporter) -> (artifact id: 'f91bb86c0cdf9cd151fbb2e3a26f4a6a') in 0.0225269 seconds
Number of updated asset objects reloaded before import = 0Number of asset objects unloaded after import = 1

========================================================================
Received Import Request.
  Time since last request: 0.000051 seconds.
  path: Assets/UnityTechnologies/TowerDefenseTemplate/Fonts/Roboto/LICENSE.txt
  artifactKey: Guid(f8d14f6d680104d46b4c70a419e9390b) Importer(2089858483,b0f066a214c2f5e87bad3c948f4d605d)
Start importing Assets/UnityTechnologies/TowerDefenseTemplate/Fonts/Roboto/LICENSE.txt using Guid(f8d14f6d680104d46b4c70a419e9390b) Importer(2089858483,b0f066a214c2f5e87bad3c948f4d605d) (ScriptedImporter) -> (artifact id: 'ae1994e623db40420cb55eb46fe743db') in 0.0166833 seconds
Number of updated asset objects reloaded before import = 0Number of asset objects unloaded after import = 1

========================================================================
Received Import Request.
  Time since last request: 0.000027 seconds.
  path: Assets/UnityTechnologies/TowerDefenseTemplate/Data/TowerLibrary/Level_1_TowerLibrary.asset
  artifactKey: Guid(f9a88c696ebce45318e1ae33adc9cfbc) Importer(2089858483,b0f066a214c2f5e87bad3c948f4d605d)
Start importing Assets/UnityTechnologies/TowerDefenseTemplate/Data/TowerLibrary/Level_1_TowerLibrary.asset using Guid(f9a88c696ebce45318e1ae33adc9cfbc) Importer(2089858483,b0f066a214c2f5e87bad3c948f4d605d) (ScriptedImporter) -> (artifact id: 'b7f5e5b6ed8d49e3a80e4ce3777c7ced') in 0.0136924 seconds
Number of updated asset objects reloaded before import = 0Number of asset objects unloaded after import = 1

========================================================================
Received Import Request.
  Time since last request: 0.000037 seconds.
  path: Assets/UnityTechnologies/TowerDefenseTemplate/Data/Tower/Rocket3.asset
  artifactKey: Guid(b663c24c5aafb42b5bea169fd2b54da1) Importer(2089858483,b0f066a214c2f5e87bad3c948f4d605d)
Start importing Assets/UnityTechnologies/TowerDefenseTemplate/Data/Tower/Rocket3.asset using Guid(b663c24c5aafb42b5bea169fd2b54da1) Importer(2089858483,b0f066a214c2f5e87bad3c948f4d605d) (ScriptedImporter) -> (artifact id: '8582e439f7ea80380483fbc0389d2be1') in 0.0111043 seconds
Number of updated asset objects reloaded before import = 0Number of asset objects unloaded after import = 1

========================================================================
Received Import Request.
  Time since last request: 0.000122 seconds.
  path: Assets/UnityTechnologies/TowerDefenseTemplate/Data/Tower/Rocket1.asset
  artifactKey: Guid(07ded8c3dc9774e3284fc6865784b606) Importer(2089858483,b0f066a214c2f5e87bad3c948f4d605d)
Start importing Assets/UnityTechnologies/TowerDefenseTemplate/Data/Tower/Rocket1.asset using Guid(07ded8c3dc9774e3284fc6865784b606) Importer(2089858483,b0f066a214c2f5e87bad3c948f4d605d) (ScriptedImporter) -> (artifact id: 'ad9a77c0f5b4cb15b71409a39d98a292') in 0.0137324 seconds
Number of updated asset objects reloaded before import = 0Number of asset objects unloaded after import = 1

========================================================================
Received Import Request.
  Time since last request: 0.000028 seconds.
  path: Assets/UnityTechnologies/TowerDefenseTemplate/UI/SinglePlacementTileFilled.png
  artifactKey: Guid(c5ce927c163e14f079dbc5f7a1d419a1) Importer(2089858483,b0f066a214c2f5e87bad3c948f4d605d)
Start importing Assets/UnityTechnologies/TowerDefenseTemplate/UI/SinglePlacementTileFilled.png using Guid(c5ce927c163e14f079dbc5f7a1d419a1) Importer(2089858483,b0f066a214c2f5e87bad3c948f4d605d) (ScriptedImporter) -> (artifact id: '1b22bc23626aa5d4761e562cbfb6b7d9') in 0.0179371 seconds
Number of updated asset objects reloaded before import = 0Number of asset objects unloaded after import = 1

========================================================================
Received Import Request.
  Time since last request: 0.000028 seconds.
  path: Assets/UnityTechnologies/TowerDefenseTemplate/UI/level_select_shadow.png
  artifactKey: Guid(3397fc22ec76148f08f7b799db8a1a2c) Importer(2089858483,b0f066a214c2f5e87bad3c948f4d605d)
Start importing Assets/UnityTechnologies/TowerDefenseTemplate/UI/level_select_shadow.png using Guid(3397fc22ec76148f08f7b799db8a1a2c) Importer(2089858483,b0f066a214c2f5e87bad3c948f4d605d) (ScriptedImporter) -> (artifact id: '3dc04d73f801122aa9c9e969bc4006a1') in 0.0171973 seconds
Number of updated asset objects reloaded before import = 0Number of asset objects unloaded after import = 3

========================================================================
Received Import Request.
  Time since last request: 0.000018 seconds.
  path: Assets/UnityTechnologies/TowerDefenseTemplate/Data/TowerLibrary/Level_2_TowerLibrary.asset
  artifactKey: Guid(a3ddc272c82434d028aa15a08b12f630) Importer(2089858483,b0f066a214c2f5e87bad3c948f4d605d)
Start importing Assets/UnityTechnologies/TowerDefenseTemplate/Data/TowerLibrary/Level_2_TowerLibrary.asset using Guid(a3ddc272c82434d028aa15a08b12f630) Importer(2089858483,b0f066a214c2f5e87bad3c948f4d605d) (ScriptedImporter) -> (artifact id: '4b371f0747354e1670a8bbd1b6af6511') in 0.0168257 seconds
Number of updated asset objects reloaded before import = 0Number of asset objects unloaded after import = 1

========================================================================
Received Import Request.
  Time since last request: 0.000025 seconds.
  path: Assets/UnityTechnologies/TowerDefenseTemplate/UI/icon_upgrade.png
  artifactKey: Guid(a7d9664f855274f51b308ad4c6350871) Importer(2089858483,b0f066a214c2f5e87bad3c948f4d605d)
Start importing Assets/UnityTechnologies/TowerDefenseTemplate/UI/icon_upgrade.png using Guid(a7d9664f855274f51b308ad4c6350871) Importer(2089858483,b0f066a214c2f5e87bad3c948f4d605d) (ScriptedImporter) -> (artifact id: '969f1297f39219917a6f0eff867301e0') in 0.0226456 seconds
Number of updated asset objects reloaded before import = 0Number of asset objects unloaded after import = 3

========================================================================
Received Import Request.
  Time since last request: 0.000026 seconds.
  path: Assets/UnityTechnologies/TowerDefenseTemplate/UI/build_power.png
  artifactKey: Guid(8de2b0ca8a36944a9b9dd75dff42644f) Importer(2089858483,b0f066a214c2f5e87bad3c948f4d605d)
Start importing Assets/UnityTechnologies/TowerDefenseTemplate/UI/build_power.png using Guid(8de2b0ca8a36944a9b9dd75dff42644f) Importer(2089858483,b0f066a214c2f5e87bad3c948f4d605d) (ScriptedImporter) -> (artifact id: 'adc22446519f900d765d8cd6efa96b85') in 0.0208968 seconds
Number of updated asset objects reloaded before import = 0Number of asset objects unloaded after import = 3

========================================================================
Received Import Request.
  Time since last request: 0.000018 seconds.
  path: Assets/UnityTechnologies/TowerDefenseTemplate/Data/Agents/Super Hoverboss.asset
  artifactKey: Guid(2fdcd9407c53b4d97b9c85f923be7eb9) Importer(2089858483,b0f066a214c2f5e87bad3c948f4d605d)
Start importing Assets/UnityTechnologies/TowerDefenseTemplate/Data/Agents/Super Hoverboss.asset using Guid(2fdcd9407c53b4d97b9c85f923be7eb9) Importer(2089858483,b0f066a214c2f5e87bad3c948f4d605d) (ScriptedImporter) -> (artifact id: 'af192c74b0108393aadaa4c78ea2512c') in 0.0122275 seconds
Number of updated asset objects reloaded before import = 0Number of asset objects unloaded after import = 1

========================================================================
Received Import Request.
  Time since last request: 0.000051 seconds.
  path: Assets/UnityTechnologies/TowerDefenseTemplate/Materials/Levels/Level02_Environment.mat
  artifactKey: Guid(3193fb3698c1040779ae6240896338dd) Importer(2089858483,b0f066a214c2f5e87bad3c948f4d605d)
Start importing Assets/UnityTechnologies/TowerDefenseTemplate/Materials/Levels/Level02_Environment.mat using Guid(3193fb3698c1040779ae6240896338dd) Importer(2089858483,b0f066a214c2f5e87bad3c948f4d605d) (ScriptedImporter) -> (artifact id: '1bcdf16a294d2c22ab9d8dfaebf22faa') in 0.0638544 seconds
Number of updated asset objects reloaded before import = 0Number of asset objects unloaded after import = 1

========================================================================
Received Import Request.
  Time since last request: 0.000020 seconds.
  path: Assets/UnityTechnologies/TowerDefenseTemplate/Documentation/TowerDefenseDocumentation.pdf
  artifactKey: Guid(4fc36ea130194394eba5ecfb46396b5d) Importer(2089858483,b0f066a214c2f5e87bad3c948f4d605d)
Start importing Assets/UnityTechnologies/TowerDefenseTemplate/Documentation/TowerDefenseDocumentation.pdf using Guid(4fc36ea130194394eba5ecfb46396b5d) Importer(2089858483,b0f066a214c2f5e87bad3c948f4d605d) (ScriptedImporter) -> (artifact id: 'acbe0296427c973abb1174eb2dd2970e') in 0.0103572 seconds
Number of updated asset objects reloaded before import = 0Number of asset objects unloaded after import = 1

========================================================================
Received Import Request.
  Time since last request: 0.000027 seconds.
  path: Assets/UnityTechnologies/TowerDefenseTemplate/UI/icon_star_small_gold.png
  artifactKey: Guid(6476fa37afe8f46a7825bf79a9e5d28d) Importer(2089858483,b0f066a214c2f5e87bad3c948f4d605d)
Start importing Assets/UnityTechnologies/TowerDefenseTemplate/UI/icon_star_small_gold.png using Guid(6476fa37afe8f46a7825bf79a9e5d28d) Importer(2089858483,b0f066a214c2f5e87bad3c948f4d605d) (ScriptedImporter) -> (artifact id: 'd691af908767c953e073c6fd0b518a57') in 0.0182997 seconds
Number of updated asset objects reloaded before import = 0Number of asset objects unloaded after import = 3

========================================================================
Received Import Request.
  Time since last request: 0.000018 seconds.
  path: Assets/UnityTechnologies/TowerDefenseTemplate/UI/build_machinegun.png
  artifactKey: Guid(3631244dc04164d079a3302a39dbc0c6) Importer(2089858483,b0f066a214c2f5e87bad3c948f4d605d)
Start importing Assets/UnityTechnologies/TowerDefenseTemplate/UI/build_machinegun.png using Guid(3631244dc04164d079a3302a39dbc0c6) Importer(2089858483,b0f066a214c2f5e87bad3c948f4d605d) (ScriptedImporter) -> (artifact id: '677fa2604605eb53550cdd10bf70f902') in 0.019772 seconds
Number of updated asset objects reloaded before import = 0Number of asset objects unloaded after import = 3

========================================================================
Received Import Request.
  Time since last request: 0.000024 seconds.
  path: Assets/UnityTechnologies/TowerDefenseTemplate/UI/SinglePlacementTile.png
  artifactKey: Guid(5138d41854f774b01aaeecdef78d31fe) Importer(2089858483,b0f066a214c2f5e87bad3c948f4d605d)
Start importing Assets/UnityTechnologies/TowerDefenseTemplate/UI/SinglePlacementTile.png using Guid(5138d41854f774b01aaeecdef78d31fe) Importer(2089858483,b0f066a214c2f5e87bad3c948f4d605d) (ScriptedImporter) -> (artifact id: 'a149ae24ae7a8daff8ee82c9318bdeec') in 0.0155982 seconds
Number of updated asset objects reloaded before import = 0Number of asset objects unloaded after import = 1

========================================================================
Received Import Request.
  Time since last request: 0.000027 seconds.
  path: Assets/UnityTechnologies/TowerDefenseTemplate/UI/build_missile.png
  artifactKey: Guid(fa91237b5487541158165bfce6ebfa0c) Importer(2089858483,b0f066a214c2f5e87bad3c948f4d605d)
Start importing Assets/UnityTechnologies/TowerDefenseTemplate/UI/build_missile.png using Guid(fa91237b5487541158165bfce6ebfa0c) Importer(2089858483,b0f066a214c2f5e87bad3c948f4d605d) (ScriptedImporter) -> (artifact id: 'c012d5f1483c8afa3b62e73e0bcbb4a7') in 0.0174633 seconds
Number of updated asset objects reloaded before import = 0Number of asset objects unloaded after import = 3

========================================================================
Received Import Request.
  Time since last request: 0.000026 seconds.
  path: Assets/UnityTechnologies/TowerDefenseTemplate/UI/PlacementTile.png
  artifactKey: Guid(b5794b1d89e5b4b5baf713e7eeab9c3f) Importer(2089858483,b0f066a214c2f5e87bad3c948f4d605d)
Start importing Assets/UnityTechnologies/TowerDefenseTemplate/UI/PlacementTile.png using Guid(b5794b1d89e5b4b5baf713e7eeab9c3f) Importer(2089858483,b0f066a214c2f5e87bad3c948f4d605d) (ScriptedImporter) -> (artifact id: 'f1122757dc4cac4cfa98f157b910a98a') in 0.0145767 seconds
Number of updated asset objects reloaded before import = 0Number of asset objects unloaded after import = 1

========================================================================
Received Import Request.
  Time since last request: 0.000032 seconds.
  path: Assets/UnityTechnologies/TowerDefenseTemplate/UI/icon_tick_white.png
  artifactKey: Guid(b8d170e8a87974310a6f0abb7851caeb) Importer(2089858483,b0f066a214c2f5e87bad3c948f4d605d)
Start importing Assets/UnityTechnologies/TowerDefenseTemplate/UI/icon_tick_white.png using Guid(b8d170e8a87974310a6f0abb7851caeb) Importer(2089858483,b0f066a214c2f5e87bad3c948f4d605d) (ScriptedImporter) -> (artifact id: 'ee8d0cd1a39cc734a4cc90ea54c95379') in 0.0178099 seconds
Number of updated asset objects reloaded before import = 0Number of asset objects unloaded after import = 3

========================================================================
Received Import Request.
  Time since last request: 0.000025 seconds.
  path: Assets/UnityTechnologies/TowerDefenseTemplate/Fonts/Roboto/Roboto-Black.ttf
  artifactKey: Guid(dcbc668accbf94d9c9c29035688aafb2) Importer(2089858483,b0f066a214c2f5e87bad3c948f4d605d)
Start importing Assets/UnityTechnologies/TowerDefenseTemplate/Fonts/Roboto/Roboto-Black.ttf using Guid(dcbc668accbf94d9c9c29035688aafb2) Importer(2089858483,b0f066a214c2f5e87bad3c948f4d605d) (ScriptedImporter) -> (artifact id: '2f9a48ae156d6fc9973fca6946f4f3e2') in 0.020161 seconds
Number of updated asset objects reloaded before import = 0Number of asset objects unloaded after import = 3

========================================================================
Received Import Request.
  Time since last request: 0.000019 seconds.
  path: Assets/UnityTechnologies/TowerDefenseTemplate/UI/box_white_whole.png
  artifactKey: Guid(e3de1acb1ed3a4656bb68c4db2123bab) Importer(2089858483,b0f066a214c2f5e87bad3c948f4d605d)
Start importing Assets/UnityTechnologies/TowerDefenseTemplate/UI/box_white_whole.png using Guid(e3de1acb1ed3a4656bb68c4db2123bab) Importer(2089858483,b0f066a214c2f5e87bad3c948f4d605d) (ScriptedImporter) -> (artifact id: '116f6de8854916f028db6aa17bd7db16') in 0.0165208 seconds
Number of updated asset objects reloaded before import = 0Number of asset objects unloaded after import = 3

========================================================================
Received Import Request.
  Time since last request: 0.000025 seconds.
  path: Assets/UnityTechnologies/TowerDefenseTemplate/Audio/UI/ui_sound_forward.mp3
  artifactKey: Guid(e88a1e640dea0405981990364baf002a) Importer(2089858483,b0f066a214c2f5e87bad3c948f4d605d)
Start importing Assets/UnityTechnologies/TowerDefenseTemplate/Audio/UI/ui_sound_forward.mp3 using Guid(e88a1e640dea0405981990364baf002a) Importer(2089858483,b0f066a214c2f5e87bad3c948f4d605d) (ScriptedImporter) -> (artifact id: '06c4f04c59642ca643e97afd6a48e4cb') in 0.02771 seconds
Number of updated asset objects reloaded before import = 0Number of asset objects unloaded after import = 1

========================================================================
Received Import Request.
  Time since last request: 0.000025 seconds.
  path: Assets/UnityTechnologies/TowerDefenseTemplate/UI/icon_star_small_grey.png
  artifactKey: Guid(d89b65dbf9e1e4b55a4af1f442d861fc) Importer(2089858483,b0f066a214c2f5e87bad3c948f4d605d)
Start importing Assets/UnityTechnologies/TowerDefenseTemplate/UI/icon_star_small_grey.png using Guid(d89b65dbf9e1e4b55a4af1f442d861fc) Importer(2089858483,b0f066a214c2f5e87bad3c948f4d605d) (ScriptedImporter) -> (artifact id: 'e890ea26720305f92a3ee57e9f69f815') in 0.0158566 seconds
Number of updated asset objects reloaded before import = 0Number of asset objects unloaded after import = 3

========================================================================
Received Import Request.
  Time since last request: 0.000014 seconds.
  path: Assets/UnityTechnologies/TowerDefenseTemplate/UI/build_slow.png
  artifactKey: Guid(513d334ef78544f129afabc1ad5af28b) Importer(2089858483,b0f066a214c2f5e87bad3c948f4d605d)
Start importing Assets/UnityTechnologies/TowerDefenseTemplate/UI/build_slow.png using Guid(513d334ef78544f129afabc1ad5af28b) Importer(2089858483,b0f066a214c2f5e87bad3c948f4d605d) (ScriptedImporter) -> (artifact id: '563ba322f8b92359c516894ee9f70030') in 0.0154003 seconds
Number of updated asset objects reloaded before import = 0Number of asset objects unloaded after import = 3

========================================================================
Received Import Request.
  Time since last request: 0.000019 seconds.
  path: Assets/UnityTechnologies/TowerDefenseTemplate/Materials/ShadowCaster.mat
  artifactKey: Guid(7f1957ba236084cfcaa1f5c9da66a68b) Importer(2089858483,b0f066a214c2f5e87bad3c948f4d605d)
Start importing Assets/UnityTechnologies/TowerDefenseTemplate/Materials/ShadowCaster.mat using Guid(7f1957ba236084cfcaa1f5c9da66a68b) Importer(2089858483,b0f066a214c2f5e87bad3c948f4d605d) (ScriptedImporter) -> (artifact id: '384ac04211b7fe32960fd2bb1b1be0c1') in 0.035643 seconds
Number of updated asset objects reloaded before import = 0Number of asset objects unloaded after import = 1

========================================================================
Received Import Request.
  Time since last request: 0.000019 seconds.
  path: Assets/UnityTechnologies/TowerDefenseTemplate/Animations/HoverCopterGlow.anim
  artifactKey: Guid(1b4311186ee324102874b001dd058145) Importer(2089858483,b0f066a214c2f5e87bad3c948f4d605d)
Start importing Assets/UnityTechnologies/TowerDefenseTemplate/Animations/HoverCopterGlow.anim using Guid(1b4311186ee324102874b001dd058145) Importer(2089858483,b0f066a214c2f5e87bad3c948f4d605d) (ScriptedImporter) -> (artifact id: '6f61ab743f90170458c3b76145aa9383') in 0.0144486 seconds
Number of updated asset objects reloaded before import = 0Number of asset objects unloaded after import = 1

========================================================================
Received Import Request.
  Time since last request: 0.000019 seconds.
  path: Assets/UnityTechnologies/TowerDefenseTemplate/Data/Tower/Emp2.asset
  artifactKey: Guid(0783c54f805c44c2088ac9a6b2446593) Importer(2089858483,b0f066a214c2f5e87bad3c948f4d605d)
Start importing Assets/UnityTechnologies/TowerDefenseTemplate/Data/Tower/Emp2.asset using Guid(0783c54f805c44c2088ac9a6b2446593) Importer(2089858483,b0f066a214c2f5e87bad3c948f4d605d) (ScriptedImporter) -> (artifact id: '52d3f3ab7c8248bf5862f7d5a4622bbf') in 0.0130198 seconds
Number of updated asset objects reloaded before import = 0Number of asset objects unloaded after import = 1

========================================================================
Received Import Request.
  Time since last request: 0.000017 seconds.
  path: Assets/UnityTechnologies/TowerDefenseTemplate/Data/TowerLibrary/Level_5_TowerLibrary.asset
  artifactKey: Guid(903debecd58cf41dba3386585d538e1c) Importer(2089858483,b0f066a214c2f5e87bad3c948f4d605d)
Start importing Assets/UnityTechnologies/TowerDefenseTemplate/Data/TowerLibrary/Level_5_TowerLibrary.asset using Guid(903debecd58cf41dba3386585d538e1c) Importer(2089858483,b0f066a214c2f5e87bad3c948f4d605d) (ScriptedImporter) -> (artifact id: 'f5e7ad74661419209bf4b3ccbe529cbe') in 0.011973 seconds
Number of updated asset objects reloaded before import = 0Number of asset objects unloaded after import = 1

========================================================================
Received Import Request.
  Time since last request: 0.000018 seconds.
  path: Assets/UnityTechnologies/TowerDefenseTemplate/Data/HighQPostprocessingMenu.asset
  artifactKey: Guid(d617d357fd7a94a898bf680233ef1e79) Importer(2089858483,b0f066a214c2f5e87bad3c948f4d605d)
Start importing Assets/UnityTechnologies/TowerDefenseTemplate/Data/HighQPostprocessingMenu.asset using Guid(d617d357fd7a94a898bf680233ef1e79) Importer(2089858483,b0f066a214c2f5e87bad3c948f4d605d) (ScriptedImporter) -> (artifact id: '67351a6b9626c8c6ceddcd09bd015c33') in 0.0118109 seconds
Number of updated asset objects reloaded before import = 0Number of asset objects unloaded after import = 1

========================================================================
Received Import Request.
  Time since last request: 0.000047 seconds.
  path: Assets/UnityTechnologies/TowerDefenseTemplate/UI/icon_confirm_yes.png
  artifactKey: Guid(fd0d4b91e29b5414da4fb6ac6296a55b) Importer(2089858483,b0f066a214c2f5e87bad3c948f4d605d)
Start importing Assets/UnityTechnologies/TowerDefenseTemplate/UI/icon_confirm_yes.png using Guid(fd0d4b91e29b5414da4fb6ac6296a55b) Importer(2089858483,b0f066a214c2f5e87bad3c948f4d605d) (ScriptedImporter) -> (artifact id: 'a8545272d60201c624071ae3dc768025') in 0.0159761 seconds
Number of updated asset objects reloaded before import = 0Number of asset objects unloaded after import = 3

========================================================================
Received Import Request.
  Time since last request: 0.000018 seconds.
  path: Assets/UnityTechnologies/TowerDefenseTemplate/UI/PlacementTileFilled.png
  artifactKey: Guid(e7348375241624b91a5dde0b774294a3) Importer(2089858483,b0f066a214c2f5e87bad3c948f4d605d)
Start importing Assets/UnityTechnologies/TowerDefenseTemplate/UI/PlacementTileFilled.png using Guid(e7348375241624b91a5dde0b774294a3) Importer(2089858483,b0f066a214c2f5e87bad3c948f4d605d) (ScriptedImporter) -> (artifact id: '8780d7644bbc99b3d2e2063cb2494fec') in 0.0167782 seconds
Number of updated asset objects reloaded before import = 0Number of asset objects unloaded after import = 1

========================================================================
Received Import Request.
  Time since last request: 0.000040 seconds.
  path: Assets/UnityTechnologies/TowerDefenseTemplate/UI/icon_gear.png
  artifactKey: Guid(3a9d6407c0d384d03a9f2f93a0a437be) Importer(2089858483,b0f066a214c2f5e87bad3c948f4d605d)
Start importing Assets/UnityTechnologies/TowerDefenseTemplate/UI/icon_gear.png using Guid(3a9d6407c0d384d03a9f2f93a0a437be) Importer(2089858483,b0f066a214c2f5e87bad3c948f4d605d) (ScriptedImporter) -> (artifact id: '6a624455cca7bdd63f7fb30750f062c2') in 0.0182138 seconds
Number of updated asset objects reloaded before import = 0Number of asset objects unloaded after import = 3

========================================================================
Received Import Request.
  Time since last request: 0.000012 seconds.
  path: Assets/UnityTechnologies/TowerDefenseTemplate/UI/icon_arrow_white.png
  artifactKey: Guid(0409152adf7314e2195e11ac9ea2d7cc) Importer(2089858483,b0f066a214c2f5e87bad3c948f4d605d)
Start importing Assets/UnityTechnologies/TowerDefenseTemplate/UI/icon_arrow_white.png using Guid(0409152adf7314e2195e11ac9ea2d7cc) Importer(2089858483,b0f066a214c2f5e87bad3c948f4d605d) (ScriptedImporter) -> (artifact id: '28688051dd2c40fdd4928d37f64cba39') in 0.0164948 seconds
Number of updated asset objects reloaded before import = 0Number of asset objects unloaded after import = 3

========================================================================
Received Import Request.
  Time since last request: 0.000019 seconds.
  path: Assets/UnityTechnologies/TowerDefenseTemplate/Data/Alignments/Player.asset
  artifactKey: Guid(2e20cdb38c63f4edf8ee385c50c089ce) Importer(2089858483,b0f066a214c2f5e87bad3c948f4d605d)
Start importing Assets/UnityTechnologies/TowerDefenseTemplate/Data/Alignments/Player.asset using Guid(2e20cdb38c63f4edf8ee385c50c089ce) Importer(2089858483,b0f066a214c2f5e87bad3c948f4d605d) (ScriptedImporter) -> (artifact id: 'ad48b61e025e12aab8a4e1fc3d0e7479') in 0.0123663 seconds
Number of updated asset objects reloaded before import = 0Number of asset objects unloaded after import = 1

========================================================================
Received Import Request.
  Time since last request: 0.000042 seconds.
  path: Assets/UnityTechnologies/TowerDefenseTemplate/Scenes/MainMenu.unity
  artifactKey: Guid(52ec9ce582990433ba91d25f0b8a58c0) Importer(2089858483,b0f066a214c2f5e87bad3c948f4d605d)
Start importing Assets/UnityTechnologies/TowerDefenseTemplate/Scenes/MainMenu.unity using Guid(52ec9ce582990433ba91d25f0b8a58c0) Importer(2089858483,b0f066a214c2f5e87bad3c948f4d605d) (ScriptedImporter) -> (artifact id: '8a5939d33b5d209bf070bcd3dc80430a') in 0.0252034 seconds
Number of updated asset objects reloaded before import = 0Number of asset objects unloaded after import = 1

========================================================================
Received Import Request.
  Time since last request: 0.203141 seconds.
  path: Assets/UnityTechnologies/TowerDefenseTemplate/Materials/Levels/Level03_Road.mat
  artifactKey: Guid(9ae2d788754504bfb8897d297b01c279) Importer(2089858483,b0f066a214c2f5e87bad3c948f4d605d)
Start importing Assets/UnityTechnologies/TowerDefenseTemplate/Materials/Levels/Level03_Road.mat using Guid(9ae2d788754504bfb8897d297b01c279) Importer(2089858483,b0f066a214c2f5e87bad3c948f4d605d) (ScriptedImporter) -> (artifact id: '995754e34389f26a7782499ff4539e76') in 0.0210008 seconds
Number of updated asset objects reloaded before import = 0Number of asset objects unloaded after import = 2

========================================================================
Received Import Request.
  Time since last request: 0.000022 seconds.
  path: Assets/UnityTechnologies/TowerDefenseTemplate/Models/Units/TankBoss_Orange_Albedo_V001.tiff
  artifactKey: Guid(365cc224435a64a2a94ac10812f9019e) Importer(2089858483,b0f066a214c2f5e87bad3c948f4d605d)
Start importing Assets/UnityTechnologies/TowerDefenseTemplate/Models/Units/TankBoss_Orange_Albedo_V001.tiff using Guid(365cc224435a64a2a94ac10812f9019e) Importer(2089858483,b0f066a214c2f5e87bad3c948f4d605d) (ScriptedImporter) -> (artifact id: 'a1536448001d0db9a9df6ae5f12594ae') in 0.0287956 seconds
Number of updated asset objects reloaded before import = 0Number of asset objects unloaded after import = 1

========================================================================
Received Import Request.
  Time since last request: 0.000030 seconds.
  path: Assets/UnityTechnologies/TowerDefenseTemplate/Materials/Particles/TankHover_sprite.mat
  artifactKey: Guid(43f833ce23e7a4f458e75331121b2ccc) Importer(2089858483,b0f066a214c2f5e87bad3c948f4d605d)
Start importing Assets/UnityTechnologies/TowerDefenseTemplate/Materials/Particles/TankHover_sprite.mat using Guid(43f833ce23e7a4f458e75331121b2ccc) Importer(2089858483,b0f066a214c2f5e87bad3c948f4d605d) (ScriptedImporter) -> (artifact id: '7184e2ffc39b891b6323fe502c017be2') in 0.0176308 seconds
Number of updated asset objects reloaded before import = 0Number of asset objects unloaded after import = 2

========================================================================
Received Import Request.
  Time since last request: 0.000027 seconds.
  path: Assets/UnityTechnologies/TowerDefenseTemplate/Materials/UI/HealthBarGreen.mat
  artifactKey: Guid(1bfcbc6372f4d45f19690ea277e1019f) Importer(2089858483,b0f066a214c2f5e87bad3c948f4d605d)
Start importing Assets/UnityTechnologies/TowerDefenseTemplate/Materials/UI/HealthBarGreen.mat using Guid(1bfcbc6372f4d45f19690ea277e1019f) Importer(2089858483,b0f066a214c2f5e87bad3c948f4d605d) (ScriptedImporter) -> (artifact id: 'd259a10b781b8e43c4836c94d198e444') in 0.0175464 seconds
Number of updated asset objects reloaded before import = 0Number of asset objects unloaded after import = 1

========================================================================
Received Import Request.
  Time since last request: 0.000015 seconds.
  path: Assets/UnityTechnologies/TowerDefenseTemplate/Models/Units/Buggy_Shadow.fbx
  artifactKey: Guid(7f2d0a0b1ba19433a954387696a7d4d0) Importer(2089858483,b0f066a214c2f5e87bad3c948f4d605d)
Start importing Assets/UnityTechnologies/TowerDefenseTemplate/Models/Units/Buggy_Shadow.fbx using Guid(7f2d0a0b1ba19433a954387696a7d4d0) Importer(2089858483,b0f066a214c2f5e87bad3c948f4d605d) (ScriptedImporter) -> (artifact id: '01de3db8f852708cf00f08f420fd6f6c') in 0.043884 seconds
Number of updated asset objects reloaded before import = 0Number of asset objects unloaded after import = 7

========================================================================
Received Import Request.
  Time since last request: 0.000021 seconds.
  path: Assets/UnityTechnologies/TowerDefenseTemplate/Materials/Particles/Helicopter_Hover.mat
  artifactKey: Guid(7fe1f87e6cab946e4bbe5b6316a48a30) Importer(2089858483,b0f066a214c2f5e87bad3c948f4d605d)
Start importing Assets/UnityTechnologies/TowerDefenseTemplate/Materials/Particles/Helicopter_Hover.mat using Guid(7fe1f87e6cab946e4bbe5b6316a48a30) Importer(2089858483,b0f066a214c2f5e87bad3c948f4d605d) (ScriptedImporter) -> (artifact id: 'e28f66af4ebd01cf31715f4ab3704f22') in 0.0174005 seconds
Number of updated asset objects reloaded before import = 0Number of asset objects unloaded after import = 2

========================================================================
Received Import Request.
  Time since last request: 0.000021 seconds.
  path: Assets/UnityTechnologies/TowerDefenseTemplate/Models/Levels/Enviro_Level_5.fbx
  artifactKey: Guid(886239b1d8d2045869a91612d6d6650b) Importer(2089858483,b0f066a214c2f5e87bad3c948f4d605d)
Start importing Assets/UnityTechnologies/TowerDefenseTemplate/Models/Levels/Enviro_Level_5.fbx using Guid(886239b1d8d2045869a91612d6d6650b) Importer(2089858483,b0f066a214c2f5e87bad3c948f4d605d) (ScriptedImporter) -> (artifact id: 'f0c5860d5967efa6ee0b109625b50e77') in 0.0503864 seconds
Number of updated asset objects reloaded before import = 0Number of asset objects unloaded after import = 94

========================================================================
Received Import Request.
  Time since last request: 0.000025 seconds.
  path: Assets/UnityTechnologies/TowerDefenseTemplate/Particles/Prefabs/BulletHit.prefab
  artifactKey: Guid(a4e0e87699dbd400aaf85d616d2618f8) Importer(2089858483,b0f066a214c2f5e87bad3c948f4d605d)
Start importing Assets/UnityTechnologies/TowerDefenseTemplate/Particles/Prefabs/BulletHit.prefab using Guid(a4e0e87699dbd400aaf85d616d2618f8) Importer(2089858483,b0f066a214c2f5e87bad3c948f4d605d) (ScriptedImporter) -> (artifact id: 'a9700c5f9dce6854e60ba5187221ef9f') in 0.0682269 seconds
Number of updated asset objects reloaded before import = 0Number of asset objects unloaded after import = 8

========================================================================
Received Import Request.
  Time since last request: 0.000030 seconds.
  path: Assets/UnityTechnologies/TowerDefenseTemplate/Materials/Particles/Flare.mat
  artifactKey: Guid(b5e0b3982ded947cda17890e729362aa) Importer(2089858483,b0f066a214c2f5e87bad3c948f4d605d)
Start importing Assets/UnityTechnologies/TowerDefenseTemplate/Materials/Particles/Flare.mat using Guid(b5e0b3982ded947cda17890e729362aa) Importer(2089858483,b0f066a214c2f5e87bad3c948f4d605d) (ScriptedImporter) -> (artifact id: 'cdae6cbd738f65d191cac08b98680509') in 0.017605 seconds
Number of updated asset objects reloaded before import = 0Number of asset objects unloaded after import = 2

========================================================================
Received Import Request.
  Time since last request: 0.000026 seconds.
  path: Assets/UnityTechnologies/TowerDefenseTemplate/Models/Units/Helicopter_Shadow.fbx
  artifactKey: Guid(25a881f6998a247a5ab71b289546cae0) Importer(2089858483,b0f066a214c2f5e87bad3c948f4d605d)
Start importing Assets/UnityTechnologies/TowerDefenseTemplate/Models/Units/Helicopter_Shadow.fbx using Guid(25a881f6998a247a5ab71b289546cae0) Importer(2089858483,b0f066a214c2f5e87bad3c948f4d605d) (ScriptedImporter) -> (artifact id: '4a29b61f645d475632efa632b3e75379') in 0.0191045 seconds
Number of updated asset objects reloaded before import = 0Number of asset objects unloaded after import = 7

========================================================================
Received Import Request.
  Time since last request: 0.000016 seconds.
  path: Assets/UnityTechnologies/TowerDefenseTemplate/Models/Units/BossTank_Base_Shadow.fbx
  artifactKey: Guid(42dbe9bf2ee7f413099ff6353ea3c67d) Importer(2089858483,b0f066a214c2f5e87bad3c948f4d605d)
Start importing Assets/UnityTechnologies/TowerDefenseTemplate/Models/Units/BossTank_Base_Shadow.fbx using Guid(42dbe9bf2ee7f413099ff6353ea3c67d) Importer(2089858483,b0f066a214c2f5e87bad3c948f4d605d) (ScriptedImporter) -> (artifact id: '3145df3dd4c8c56b86fee908186cdfdc') in 0.0148925 seconds
Number of updated asset objects reloaded before import = 0Number of asset objects unloaded after import = 7

========================================================================
Received Import Request.
  Time since last request: 0.000029 seconds.
  path: Assets/UnityTechnologies/TowerDefenseTemplate/Materials/Particles/explosion_Flame_3.mat
  artifactKey: Guid(24ed3fddb1caa449f9026ffa1db2ee43) Importer(2089858483,b0f066a214c2f5e87bad3c948f4d605d)
Start importing Assets/UnityTechnologies/TowerDefenseTemplate/Materials/Particles/explosion_Flame_3.mat using Guid(24ed3fddb1caa449f9026ffa1db2ee43) Importer(2089858483,b0f066a214c2f5e87bad3c948f4d605d) (ScriptedImporter) -> (artifact id: '2d02b7c861a563a596ff562a04c266c4') in 0.0218446 seconds
Number of updated asset objects reloaded before import = 0Number of asset objects unloaded after import = 2

========================================================================
Received Import Request.
  Time since last request: 0.000029 seconds.
  path: Assets/UnityTechnologies/TowerDefenseTemplate/Models/Player/HeadQuarters_tex_v001.tga
  artifactKey: Guid(91ff98883d8094fbbac75c115c18f6e1) Importer(2089858483,b0f066a214c2f5e87bad3c948f4d605d)
Start importing Assets/UnityTechnologies/TowerDefenseTemplate/Models/Player/HeadQuarters_tex_v001.tga using Guid(91ff98883d8094fbbac75c115c18f6e1) Importer(2089858483,b0f066a214c2f5e87bad3c948f4d605d) (ScriptedImporter) -> (artifact id: '5743c6d71c01431246b4a2f1c73fdb07') in 0.0201403 seconds
Number of updated asset objects reloaded before import = 0Number of asset objects unloaded after import = 1

========================================================================
Received Import Request.
  Time since last request: 0.000026 seconds.
  path: Assets/UnityTechnologies/TowerDefenseTemplate/Models/Player/HeadQuarters.fbx
  artifactKey: Guid(71168782495474ac69411fd475ef70e6) Importer(2089858483,b0f066a214c2f5e87bad3c948f4d605d)
Start importing Assets/UnityTechnologies/TowerDefenseTemplate/Models/Player/HeadQuarters.fbx using Guid(71168782495474ac69411fd475ef70e6) Importer(2089858483,b0f066a214c2f5e87bad3c948f4d605d) (ScriptedImporter) -> (artifact id: '168c32356a1874cc6a96fc5d34d9db39') in 0.0168261 seconds
Number of updated asset objects reloaded before import = 0Number of asset objects unloaded after import = 7

========================================================================
Received Import Request.
  Time since last request: 0.000036 seconds.
  path: Assets/UnityTechnologies/TowerDefenseTemplate/Materials/Units/TankBasic_Orange_Albedo_V001.mat
  artifactKey: Guid(7084429b061944eb98d2cb35c262f1b4) Importer(2089858483,b0f066a214c2f5e87bad3c948f4d605d)
Start importing Assets/UnityTechnologies/TowerDefenseTemplate/Materials/Units/TankBasic_Orange_Albedo_V001.mat using Guid(7084429b061944eb98d2cb35c262f1b4) Importer(2089858483,b0f066a214c2f5e87bad3c948f4d605d) (ScriptedImporter) -> (artifact id: '5f66fd9b5a97a6192fde52f332948cbd') in 0.014247 seconds
Number of updated asset objects reloaded before import = 0Number of asset objects unloaded after import = 2

========================================================================
Received Import Request.
  Time since last request: 0.000026 seconds.
  path: Assets/UnityTechnologies/TowerDefenseTemplate/Materials/Projectiles/Enemy_Projectile.mat
  artifactKey: Guid(5fd22cfe457734c8b9840096269b369f) Importer(2089858483,b0f066a214c2f5e87bad3c948f4d605d)
Start importing Assets/UnityTechnologies/TowerDefenseTemplate/Materials/Projectiles/Enemy_Projectile.mat using Guid(5fd22cfe457734c8b9840096269b369f) Importer(2089858483,b0f066a214c2f5e87bad3c948f4d605d) (ScriptedImporter) -> (artifact id: '2ac5b6aa214f95a6f055864282d60766') in 0.0157087 seconds
Number of updated asset objects reloaded before import = 0Number of asset objects unloaded after import = 1

========================================================================
Received Import Request.
  Time since last request: 0.000074 seconds.
  path: Assets/UnityTechnologies/TowerDefenseTemplate/Materials/Particles/AttackLightning.mat
  artifactKey: Guid(407d8b3d1bcc34a20b93b10e98939419) Importer(2089858483,b0f066a214c2f5e87bad3c948f4d605d)
Start importing Assets/UnityTechnologies/TowerDefenseTemplate/Materials/Particles/AttackLightning.mat using Guid(407d8b3d1bcc34a20b93b10e98939419) Importer(2089858483,b0f066a214c2f5e87bad3c948f4d605d) (ScriptedImporter) -> (artifact id: '6ff199abb67541481802d3b0b6c10b49') in 0.0190312 seconds
Number of updated asset objects reloaded before import = 0Number of asset objects unloaded after import = 2

========================================================================
Received Import Request.
  Time since last request: 0.000015 seconds.
  path: Assets/UnityTechnologies/TowerDefenseTemplate/Materials/UI/PlacementAreaMobile.mat
  artifactKey: Guid(2b57c1ce3ed4e4adab78c5c8151fce00) Importer(2089858483,b0f066a214c2f5e87bad3c948f4d605d)
Start importing Assets/UnityTechnologies/TowerDefenseTemplate/Materials/UI/PlacementAreaMobile.mat using Guid(2b57c1ce3ed4e4adab78c5c8151fce00) Importer(2089858483,b0f066a214c2f5e87bad3c948f4d605d) (ScriptedImporter) -> (artifact id: '4fc21be06abaa6333256b93c3a1ac72c') in 0.0168805 seconds
Number of updated asset objects reloaded before import = 0Number of asset objects unloaded after import = 2

========================================================================
Received Import Request.
  Time since last request: 0.000020 seconds.
  path: Assets/UnityTechnologies/TowerDefenseTemplate/Models/Units/TankBoss_Albedo_V001.tiff
  artifactKey: Guid(1994e9b0703b64990950fac39016b391) Importer(2089858483,b0f066a214c2f5e87bad3c948f4d605d)
Start importing Assets/UnityTechnologies/TowerDefenseTemplate/Models/Units/TankBoss_Albedo_V001.tiff using Guid(1994e9b0703b64990950fac39016b391) Importer(2089858483,b0f066a214c2f5e87bad3c948f4d605d) (ScriptedImporter) -> (artifact id: 'e92bc9c6e2a09c10fbd0deae7cf1b9e4') in 0.0290824 seconds
Number of updated asset objects reloaded before import = 0Number of asset objects unloaded after import = 1

========================================================================
Received Import Request.
  Time since last request: 0.000049 seconds.
  path: Assets/UnityTechnologies/TowerDefenseTemplate/Models/Units/Helicopter.fbx
  artifactKey: Guid(990dec5933dcb4fcc964d597b2b43970) Importer(2089858483,b0f066a214c2f5e87bad3c948f4d605d)
Start importing Assets/UnityTechnologies/TowerDefenseTemplate/Models/Units/Helicopter.fbx using Guid(990dec5933dcb4fcc964d597b2b43970) Importer(2089858483,b0f066a214c2f5e87bad3c948f4d605d) (ScriptedImporter) -> (artifact id: 'bad1602794e4cc77a2b375810efff7b6') in 0.0190335 seconds
Number of updated asset objects reloaded before import = 0Number of asset objects unloaded after import = 7

========================================================================
Received Import Request.
  Time since last request: 0.000038 seconds.
  path: Assets/UnityTechnologies/TowerDefenseTemplate/Materials/UI/HomeBaseTargetZone.mat
  artifactKey: Guid(d1c3a235beb7046a69ab15a9d7be2d39) Importer(2089858483,b0f066a214c2f5e87bad3c948f4d605d)
Start importing Assets/UnityTechnologies/TowerDefenseTemplate/Materials/UI/HomeBaseTargetZone.mat using Guid(d1c3a235beb7046a69ab15a9d7be2d39) Importer(2089858483,b0f066a214c2f5e87bad3c948f4d605d) (ScriptedImporter) -> (artifact id: '0b832605ffe7514c24c9e137f455f3dd') in 0.0383599 seconds
Number of updated asset objects reloaded before import = 0Number of asset objects unloaded after import = 2

========================================================================
Received Import Request.
  Time since last request: 0.000020 seconds.
  path: Assets/UnityTechnologies/TowerDefenseTemplate/Models/Levels/Enviro_Level_1_COL.fbx
  artifactKey: Guid(7d5b20c8a4bb94a7faea8717dd4aced1) Importer(2089858483,b0f066a214c2f5e87bad3c948f4d605d)
Start importing Assets/UnityTechnologies/TowerDefenseTemplate/Models/Levels/Enviro_Level_1_COL.fbx using Guid(7d5b20c8a4bb94a7faea8717dd4aced1) Importer(2089858483,b0f066a214c2f5e87bad3c948f4d605d) (ScriptedImporter) -> (artifact id: '844ba79bf09f80c245649445f37f87a6') in 0.0201031 seconds
Number of updated asset objects reloaded before import = 0Number of asset objects unloaded after import = 7

========================================================================
Received Import Request.
  Time since last request: 0.000024 seconds.
  path: Assets/UnityTechnologies/TowerDefenseTemplate/Materials/Player/HeadQuarters_tex_v001.mat
  artifactKey: Guid(19049764cb9244e399c35d55307516bc) Importer(2089858483,b0f066a214c2f5e87bad3c948f4d605d)
Start importing Assets/UnityTechnologies/TowerDefenseTemplate/Materials/Player/HeadQuarters_tex_v001.mat using Guid(19049764cb9244e399c35d55307516bc) Importer(2089858483,b0f066a214c2f5e87bad3c948f4d605d) (ScriptedImporter) -> (artifact id: '21815fb15de6ebc84dd73f5438d945fe') in 0.0459045 seconds
Number of updated asset objects reloaded before import = 0Number of asset objects unloaded after import = 2

========================================================================
Received Import Request.
  Time since last request: 0.000021 seconds.
  path: Assets/UnityTechnologies/TowerDefenseTemplate/Materials/Particles/SlowFx.mat
  artifactKey: Guid(356b96f82f25742778c3132e0efded21) Importer(2089858483,b0f066a214c2f5e87bad3c948f4d605d)
Start importing Assets/UnityTechnologies/TowerDefenseTemplate/Materials/Particles/SlowFx.mat using Guid(356b96f82f25742778c3132e0efded21) Importer(2089858483,b0f066a214c2f5e87bad3c948f4d605d) (ScriptedImporter) -> (artifact id: 'da680e9d499dae488bdfd3d8ff262541') in 0.0186953 seconds
Number of updated asset objects reloaded before import = 0Number of asset objects unloaded after import = 2

========================================================================
Received Import Request.
  Time since last request: 0.000028 seconds.
  path: Assets/UnityTechnologies/TowerDefenseTemplate/Models/Units/HoverTank_Turret.fbx
  artifactKey: Guid(989fb7eab843640c7ada0607778bcf7e) Importer(2089858483,b0f066a214c2f5e87bad3c948f4d605d)
Start importing Assets/UnityTechnologies/TowerDefenseTemplate/Models/Units/HoverTank_Turret.fbx using Guid(989fb7eab843640c7ada0607778bcf7e) Importer(2089858483,b0f066a214c2f5e87bad3c948f4d605d) (ScriptedImporter) -> (artifact id: '395ac8856e2e44c3c93ec44a3dc0f297') in 0.0275537 seconds
Number of updated asset objects reloaded before import = 0Number of asset objects unloaded after import = 10

========================================================================
Received Import Request.
  Time since last request: 0.000024 seconds.
  path: Assets/UnityTechnologies/TowerDefenseTemplate/Materials/Particles/EnergyGainGlow.mat
  artifactKey: Guid(6b6852729eeab45e9bf2fa22196afeea) Importer(2089858483,b0f066a214c2f5e87bad3c948f4d605d)
Start importing Assets/UnityTechnologies/TowerDefenseTemplate/Materials/Particles/EnergyGainGlow.mat using Guid(6b6852729eeab45e9bf2fa22196afeea) Importer(2089858483,b0f066a214c2f5e87bad3c948f4d605d) (ScriptedImporter) -> (artifact id: '645ab5433026394afacda843361346c2') in 0.019267 seconds
Number of updated asset objects reloaded before import = 0Number of asset objects unloaded after import = 2

========================================================================
Received Import Request.
  Time since last request: 0.000025 seconds.
  path: Assets/UnityTechnologies/TowerDefenseTemplate/Materials/UI/SinglePlacementTileMobile.mat
  artifactKey: Guid(f44ec7c6c86744a879f89386693d1c9b) Importer(2089858483,b0f066a214c2f5e87bad3c948f4d605d)
Start importing Assets/UnityTechnologies/TowerDefenseTemplate/Materials/UI/SinglePlacementTileMobile.mat using Guid(f44ec7c6c86744a879f89386693d1c9b) Importer(2089858483,b0f066a214c2f5e87bad3c948f4d605d) (ScriptedImporter) -> (artifact id: '6045e653a8e9ba0465ffe6cae7bc8880') in 0.0178092 seconds
Number of updated asset objects reloaded before import = 0Number of asset objects unloaded after import = 2

========================================================================
Received Import Request.
  Time since last request: 0.000015 seconds.
  path: Assets/UnityTechnologies/TowerDefenseTemplate/Materials/Particles/explosion_Spark_1.mat
  artifactKey: Guid(9eeda62a73aff4818af7e5b2f9126959) Importer(2089858483,b0f066a214c2f5e87bad3c948f4d605d)
Start importing Assets/UnityTechnologies/TowerDefenseTemplate/Materials/Particles/explosion_Spark_1.mat using Guid(9eeda62a73aff4818af7e5b2f9126959) Importer(2089858483,b0f066a214c2f5e87bad3c948f4d605d) (ScriptedImporter) -> (artifact id: 'be65baed8de4fee07f486ada10d680e4') in 0.018617 seconds
Number of updated asset objects reloaded before import = 0Number of asset objects unloaded after import = 2

========================================================================
Received Import Request.
  Time since last request: 0.000020 seconds.
  path: Assets/UnityTechnologies/TowerDefenseTemplate/Materials/Particles/BossHover_sprite.mat
  artifactKey: Guid(7b3ddb10d473c439dae0a10631f93b01) Importer(2089858483,b0f066a214c2f5e87bad3c948f4d605d)
Start importing Assets/UnityTechnologies/TowerDefenseTemplate/Materials/Particles/BossHover_sprite.mat using Guid(7b3ddb10d473c439dae0a10631f93b01) Importer(2089858483,b0f066a214c2f5e87bad3c948f4d605d) (ScriptedImporter) -> (artifact id: '76c498ad320ec03df8762282a150367c') in 0.0144017 seconds
Number of updated asset objects reloaded before import = 0Number of asset objects unloaded after import = 2

========================================================================
Received Import Request.
  Time since last request: 0.000536 seconds.
  path: Assets/UnityTechnologies/TowerDefenseTemplate/Materials/Projectiles/Rocket_Projectile.mat
  artifactKey: Guid(6456fd7e2260b45febee82488eca4496) Importer(2089858483,b0f066a214c2f5e87bad3c948f4d605d)
Start importing Assets/UnityTechnologies/TowerDefenseTemplate/Materials/Projectiles/Rocket_Projectile.mat using Guid(6456fd7e2260b45febee82488eca4496) Importer(2089858483,b0f066a214c2f5e87bad3c948f4d605d) (ScriptedImporter) -> (artifact id: '9a003e59d6974000ecc672bfdec34f53') in 0.0312397 seconds
Number of updated asset objects reloaded before import = 0Number of asset objects unloaded after import = 2

========================================================================
Received Import Request.
  Time since last request: 0.000014 seconds.
  path: Assets/UnityTechnologies/TowerDefenseTemplate/Particles/Textures/EnergyGainLightning.png
  artifactKey: Guid(94633ab8756ce4633a647281533c0c1b) Importer(2089858483,b0f066a214c2f5e87bad3c948f4d605d)
Start importing Assets/UnityTechnologies/TowerDefenseTemplate/Particles/Textures/EnergyGainLightning.png using Guid(94633ab8756ce4633a647281533c0c1b) Importer(2089858483,b0f066a214c2f5e87bad3c948f4d605d) (ScriptedImporter) -> (artifact id: 'f17da307b56e52b2818776a145ab59ef') in 0.0203017 seconds
Number of updated asset objects reloaded before import = 0Number of asset objects unloaded after import = 1

========================================================================
Received Import Request.
  Time since last request: 0.000035 seconds.
  path: Assets/UnityTechnologies/TowerDefenseTemplate/Models/Towers/Laser/LaserTower_L03_Albedo_V001.tiff
  artifactKey: Guid(d7e80cbd04e364360b128effe2033b7e) Importer(2089858483,b0f066a214c2f5e87bad3c948f4d605d)
Start importing Assets/UnityTechnologies/TowerDefenseTemplate/Models/Towers/Laser/LaserTower_L03_Albedo_V001.tiff using Guid(d7e80cbd04e364360b128effe2033b7e) Importer(2089858483,b0f066a214c2f5e87bad3c948f4d605d) (ScriptedImporter) -> (artifact id: '54e03c90468013984af1312407dbc596') in 0.0208272 seconds
Number of updated asset objects reloaded before import = 0Number of asset objects unloaded after import = 1

========================================================================
Received Import Request.
  Time since last request: 0.000019 seconds.
  path: Assets/UnityTechnologies/TowerDefenseTemplate/Prefabs/Audio/MenuMusic.prefab
  artifactKey: Guid(abb1aca7f374d4d518e9857a8a14a963) Importer(2089858483,b0f066a214c2f5e87bad3c948f4d605d)
Start importing Assets/UnityTechnologies/TowerDefenseTemplate/Prefabs/Audio/MenuMusic.prefab using Guid(abb1aca7f374d4d518e9857a8a14a963) Importer(2089858483,b0f066a214c2f5e87bad3c948f4d605d) (ScriptedImporter) -> (artifact id: '39b6415622b32410849154d7bfb009db') in 0.0213637 seconds
Number of updated asset objects reloaded before import = 0Number of asset objects unloaded after import = 7

========================================================================
Received Import Request.
  Time since last request: 0.000014 seconds.
  path: Assets/UnityTechnologies/TowerDefenseTemplate/Models/Towers/EnergyPylon/EnergyPylon_L02.fbx
  artifactKey: Guid(9f90d0f5966744c19881d6ddebe87a58) Importer(2089858483,b0f066a214c2f5e87bad3c948f4d605d)
Start importing Assets/UnityTechnologies/TowerDefenseTemplate/Models/Towers/EnergyPylon/EnergyPylon_L02.fbx using Guid(9f90d0f5966744c19881d6ddebe87a58) Importer(2089858483,b0f066a214c2f5e87bad3c948f4d605d) (ScriptedImporter) -> (artifact id: 'c7044315f9be1a6e2f88d33ef607d9e4') in 0.0221474 seconds
Number of updated asset objects reloaded before import = 0Number of asset objects unloaded after import = 11

========================================================================
Received Import Request.
  Time since last request: 0.000024 seconds.
  path: Assets/UnityTechnologies/TowerDefenseTemplate/Prefabs/Enemies/Enemy Projectile.prefab
  artifactKey: Guid(efcfdd276fd9a4bce9c848912a90dc0b) Importer(2089858483,b0f066a214c2f5e87bad3c948f4d605d)
Start importing Assets/UnityTechnologies/TowerDefenseTemplate/Prefabs/Enemies/Enemy Projectile.prefab using Guid(efcfdd276fd9a4bce9c848912a90dc0b) Importer(2089858483,b0f066a214c2f5e87bad3c948f4d605d) (ScriptedImporter) -> (artifact id: '3f07564ac5c9d24c21d7b7a67253813c') in 0.029503 seconds
Number of updated asset objects reloaded before import = 0Number of asset objects unloaded after import = 9

========================================================================
Received Import Request.
  Time since last request: 0.000039 seconds.
  path: Assets/UnityTechnologies/TowerDefenseTemplate/Particles/Textures/HelicopterHover_sprite.png
  artifactKey: Guid(7f2c9f12f6e3a4814ba939bafefe0fd3) Importer(2089858483,b0f066a214c2f5e87bad3c948f4d605d)
Start importing Assets/UnityTechnologies/TowerDefenseTemplate/Particles/Textures/HelicopterHover_sprite.png using Guid(7f2c9f12f6e3a4814ba939bafefe0fd3) Importer(2089858483,b0f066a214c2f5e87bad3c948f4d605d) (ScriptedImporter) -> (artifact id: '01827fe6fa90c9e07e788fe398d2da08') in 0.0212236 seconds
Number of updated asset objects reloaded before import = 0Number of asset objects unloaded after import = 1

========================================================================
Received Import Request.
  Time since last request: 0.000047 seconds.
  path: Assets/UnityTechnologies/TowerDefenseTemplate/Audio/SFX/Tower Destruction/Destruction 1.wav
  artifactKey: Guid(f82348f044e4641f38816d5c92ce9618) Importer(2089858483,b0f066a214c2f5e87bad3c948f4d605d)
Start importing Assets/UnityTechnologies/TowerDefenseTemplate/Audio/SFX/Tower Destruction/Destruction 1.wav using Guid(f82348f044e4641f38816d5c92ce9618) Importer(2089858483,b0f066a214c2f5e87bad3c948f4d605d) (ScriptedImporter) -> (artifact id: 'a6a69b482902e35ae74adb00384f0fd8') in 0.0311928 seconds
Number of updated asset objects reloaded before import = 0Number of asset objects unloaded after import = 1

========================================================================
Received Import Request.
  Time since last request: 0.000044 seconds.
  path: Assets/UnityTechnologies/TowerDefenseTemplate/Prefabs/Enemies/Hoverbuggy.prefab
  artifactKey: Guid(a7bbeecce72db456b90bfb6b1968ccb8) Importer(2089858483,b0f066a214c2f5e87bad3c948f4d605d)
Start importing Assets/UnityTechnologies/TowerDefenseTemplate/Prefabs/Enemies/Hoverbuggy.prefab using Guid(a7bbeecce72db456b90bfb6b1968ccb8) Importer(2089858483,b0f066a214c2f5e87bad3c948f4d605d) (ScriptedImporter) -> (artifact id: '0a29f93757ce3a878545c0d2c95bd376') in 0.042675 seconds
Number of updated asset objects reloaded before import = 0Number of asset objects unloaded after import = 98

========================================================================
Received Import Request.
  Time since last request: 0.000031 seconds.
  path: Assets/UnityTechnologies/TowerDefenseTemplate/Models/Towers/Laser/LaserTower_TURRET_L01.fbx
  artifactKey: Guid(d158cd1ed36df4fed93c13f4cbf91f99) Importer(2089858483,b0f066a214c2f5e87bad3c948f4d605d)
Start importing Assets/UnityTechnologies/TowerDefenseTemplate/Models/Towers/Laser/LaserTower_TURRET_L01.fbx using Guid(d158cd1ed36df4fed93c13f4cbf91f99) Importer(2089858483,b0f066a214c2f5e87bad3c948f4d605d) (ScriptedImporter) -> (artifact id: '2885557706fab91a134fc64381a68669') in 0.0256448 seconds
Number of updated asset objects reloaded before import = 0Number of asset objects unloaded after import = 10

========================================================================
Received Import Request.
  Time since last request: 0.000036 seconds.
  path: Assets/UnityTechnologies/TowerDefenseTemplate/Prefabs/UI/PlacementTileMobile.prefab
  artifactKey: Guid(18a440af7ac5d46c8af359534286c4bf) Importer(2089858483,b0f066a214c2f5e87bad3c948f4d605d)
Start importing Assets/UnityTechnologies/TowerDefenseTemplate/Prefabs/UI/PlacementTileMobile.prefab using Guid(18a440af7ac5d46c8af359534286c4bf) Importer(2089858483,b0f066a214c2f5e87bad3c948f4d605d) (ScriptedImporter) -> (artifact id: 'd343993a61f70440f3e5bff34c366731') in 0.0172975 seconds
Number of updated asset objects reloaded before import = 0Number of asset objects unloaded after import = 9

========================================================================
Received Import Request.
  Time since last request: 0.000028 seconds.
  path: Assets/UnityTechnologies/TowerDefenseTemplate/Scenes/MainMenu/Lightmap-0_comp_dir.png
  artifactKey: Guid(76e623078b5174c93bfb88746b0bde12) Importer(2089858483,b0f066a214c2f5e87bad3c948f4d605d)
Start importing Assets/UnityTechnologies/TowerDefenseTemplate/Scenes/MainMenu/Lightmap-0_comp_dir.png using Guid(76e623078b5174c93bfb88746b0bde12) Importer(2089858483,b0f066a214c2f5e87bad3c948f4d605d) (ScriptedImporter) -> (artifact id: '32f437a8ba1e9f3b971a77e5dd2edf2a') in 0.0171671 seconds
Number of updated asset objects reloaded before import = 0Number of asset objects unloaded after import = 1

========================================================================
Received Import Request.
  Time since last request: 0.000025 seconds.
  path: Assets/UnityTechnologies/TowerDefenseTemplate/Models/Towers/Laser/LaserTower_TURRET_L02_Shadow.fbx
  artifactKey: Guid(cd4aa88c43e9b4a008ef41890d804843) Importer(2089858483,b0f066a214c2f5e87bad3c948f4d605d)
Start importing Assets/UnityTechnologies/TowerDefenseTemplate/Models/Towers/Laser/LaserTower_TURRET_L02_Shadow.fbx using Guid(cd4aa88c43e9b4a008ef41890d804843) Importer(2089858483,b0f066a214c2f5e87bad3c948f4d605d) (ScriptedImporter) -> (artifact id: '851dc5258bb0f8414f99c6f1f4356722') in 0.0164248 seconds
Number of updated asset objects reloaded before import = 0Number of asset objects unloaded after import = 7

========================================================================
Received Import Request.
  Time since last request: 0.000015 seconds.
  path: Assets/UnityTechnologies/TowerDefenseTemplate/Materials/Towers/Laser/LaserTower_L02_Albedo_V001.mat
  artifactKey: Guid(8eff134bfd79a4eb08e8fca44b80843a) Importer(2089858483,b0f066a214c2f5e87bad3c948f4d605d)
Start importing Assets/UnityTechnologies/TowerDefenseTemplate/Materials/Towers/Laser/LaserTower_L02_Albedo_V001.mat using Guid(8eff134bfd79a4eb08e8fca44b80843a) Importer(2089858483,b0f066a214c2f5e87bad3c948f4d605d) (ScriptedImporter) -> (artifact id: 'a360ff74731fccd6dd2d8effe8348a68') in 0.0201951 seconds
Number of updated asset objects reloaded before import = 0Number of asset objects unloaded after import = 2

========================================================================
Received Import Request.
  Time since last request: 0.000022 seconds.
  path: Assets/UnityTechnologies/TowerDefenseTemplate/Particles/Textures/Rocket Explosion Sprite sheet.png
  artifactKey: Guid(d899526df2f6e4553b0b7eda65da8e2f) Importer(2089858483,b0f066a214c2f5e87bad3c948f4d605d)
Start importing Assets/UnityTechnologies/TowerDefenseTemplate/Particles/Textures/Rocket Explosion Sprite sheet.png using Guid(d899526df2f6e4553b0b7eda65da8e2f) Importer(2089858483,b0f066a214c2f5e87bad3c948f4d605d) (ScriptedImporter) -> (artifact id: '3bf67a76f80b53733b0b3831b72df350') in 0.0258563 seconds
Number of updated asset objects reloaded before import = 0Number of asset objects unloaded after import = 1

========================================================================
Received Import Request.
  Time since last request: 0.000035 seconds.
  path: Assets/UnityTechnologies/TowerDefenseTemplate/Models/Towers/EnergyPylon/EnergyPylon_L01_Shadow.fbx
  artifactKey: Guid(eae20296c1c9b4145bb345e04a908cfc) Importer(2089858483,b0f066a214c2f5e87bad3c948f4d605d)
Start importing Assets/UnityTechnologies/TowerDefenseTemplate/Models/Towers/EnergyPylon/EnergyPylon_L01_Shadow.fbx using Guid(eae20296c1c9b4145bb345e04a908cfc) Importer(2089858483,b0f066a214c2f5e87bad3c948f4d605d) (ScriptedImporter) -> (artifact id: 'b4d40b501f5aef15e13d83b5a29a357f') in 0.0173468 seconds
Number of updated asset objects reloaded before import = 0Number of asset objects unloaded after import = 7

========================================================================
Received Import Request.
  Time since last request: 0.000027 seconds.
  path: Assets/UnityTechnologies/TowerDefenseTemplate/Particles/Prefabs/SupertowerMissileTrail.prefab
  artifactKey: Guid(4e7c4c7a2875746c1966b0cdc6290b82) Importer(2089858483,b0f066a214c2f5e87bad3c948f4d605d)
Start importing Assets/UnityTechnologies/TowerDefenseTemplate/Particles/Prefabs/SupertowerMissileTrail.prefab using Guid(4e7c4c7a2875746c1966b0cdc6290b82) Importer(2089858483,b0f066a214c2f5e87bad3c948f4d605d) (ScriptedImporter) -> (artifact id: '30a1b8a6a82cf3daff9e4cb330a13339') in 0.0176694 seconds
Number of updated asset objects reloaded before import = 0Number of asset objects unloaded after import = 22

========================================================================
Received Import Request.
  Time since last request: 0.000024 seconds.
  path: Assets/UnityTechnologies/TowerDefenseTemplate/PostProcessing/Runtime/PostProcessingContext.cs
  artifactKey: Guid(63da4b6536f11834fa026e327087bd7b) Importer(2089858483,b0f066a214c2f5e87bad3c948f4d605d)
Start importing Assets/UnityTechnologies/TowerDefenseTemplate/PostProcessing/Runtime/PostProcessingContext.cs using Guid(63da4b6536f11834fa026e327087bd7b) Importer(2089858483,b0f066a214c2f5e87bad3c948f4d605d) (ScriptedImporter) -> (artifact id: '305565ec8742ce4368318c8278a157a6') in 0.0123526 seconds
Number of updated asset objects reloaded before import = 0Number of asset objects unloaded after import = 0

========================================================================
Received Import Request.
  Time since last request: 0.000088 seconds.
  path: Assets/UnityTechnologies/TowerDefenseTemplate/Particles/Prefabs/LaserImpactPFX.prefab
  artifactKey: Guid(aeef7b8d79b23415c9c75f54ec09a598) Importer(2089858483,b0f066a214c2f5e87bad3c948f4d605d)
Start importing Assets/UnityTechnologies/TowerDefenseTemplate/Particles/Prefabs/LaserImpactPFX.prefab using Guid(aeef7b8d79b23415c9c75f54ec09a598) Importer(2089858483,b0f066a214c2f5e87bad3c948f4d605d) (ScriptedImporter) -> (artifact id: 'bec8a2de9a8535661e0c6b0367b19d1d') in 0.0325722 seconds
Number of updated asset objects reloaded before import = 0Number of asset objects unloaded after import = 33

========================================================================
Received Import Request.
  Time since last request: 0.000024 seconds.
  path: Assets/UnityTechnologies/TowerDefenseTemplate/Particles/Prefabs/SmallDeathExplosionPfx.prefab
  artifactKey: Guid(10eef6400678c4c75b2ac94e435a2bd5) Importer(2089858483,b0f066a214c2f5e87bad3c948f4d605d)
Start importing Assets/UnityTechnologies/TowerDefenseTemplate/Particles/Prefabs/SmallDeathExplosionPfx.prefab using Guid(10eef6400678c4c75b2ac94e435a2bd5) Importer(2089858483,b0f066a214c2f5e87bad3c948f4d605d) (ScriptedImporter) -> (artifact id: 'd02c6943d383049f68e3627743a98262') in 0.0334158 seconds
Number of updated asset objects reloaded before import = 0Number of asset objects unloaded after import = 48

========================================================================
Received Import Request.
  Time since last request: 0.000029 seconds.
  path: Assets/UnityTechnologies/TowerDefenseTemplate/Materials/Towers/EnergyPylon/EnergyPylon_L02_Albedo_V002.mat
  artifactKey: Guid(65d6cc8eca1be4a9bb2c73168993e39d) Importer(2089858483,b0f066a214c2f5e87bad3c948f4d605d)
Start importing Assets/UnityTechnologies/TowerDefenseTemplate/Materials/Towers/EnergyPylon/EnergyPylon_L02_Albedo_V002.mat using Guid(65d6cc8eca1be4a9bb2c73168993e39d) Importer(2089858483,b0f066a214c2f5e87bad3c948f4d605d) (ScriptedImporter) -> (artifact id: 'eeba34ac1521f633b8bc2b3f6f80b764') in 0.0178517 seconds
Number of updated asset objects reloaded before import = 0Number of asset objects unloaded after import = 2

========================================================================
Received Import Request.
  Time since last request: 0.000029 seconds.
  path: Assets/UnityTechnologies/TowerDefenseTemplate/Prefabs/UI/HealthBar.prefab
  artifactKey: Guid(75f7be9f0c9de487fad3fcb4dcc55702) Importer(2089858483,b0f066a214c2f5e87bad3c948f4d605d)
Start importing Assets/UnityTechnologies/TowerDefenseTemplate/Prefabs/UI/HealthBar.prefab using Guid(75f7be9f0c9de487fad3fcb4dcc55702) Importer(2089858483,b0f066a214c2f5e87bad3c948f4d605d) (ScriptedImporter) -> (artifact id: '31e65133910c1c7275103b0fc6b5b623') in 0.0182414 seconds
Number of updated asset objects reloaded before import = 0Number of asset objects unloaded after import = 19

========================================================================
Received Import Request.
  Time since last request: 0.000026 seconds.
  path: Assets/UnityTechnologies/TowerDefenseTemplate/Prefabs/Health/DamageAudioSource.prefab
  artifactKey: Guid(066eab1c592294c2ebf3967e0c7ea00b) Importer(2089858483,b0f066a214c2f5e87bad3c948f4d605d)
Start importing Assets/UnityTechnologies/TowerDefenseTemplate/Prefabs/Health/DamageAudioSource.prefab using Guid(066eab1c592294c2ebf3967e0c7ea00b) Importer(2089858483,b0f066a214c2f5e87bad3c948f4d605d) (ScriptedImporter) -> (artifact id: '7f358185b37526e037cc91b7b79b184b') in 0.0233816 seconds
Number of updated asset objects reloaded before import = 0Number of asset objects unloaded after import = 6

========================================================================
Received Import Request.
  Time since last request: 0.000024 seconds.
  path: Assets/UnityTechnologies/TowerDefenseTemplate/Particles/Textures/AttackLightning.png
  artifactKey: Guid(36f30b3140b8843c5bc3469e1a5763fe) Importer(2089858483,b0f066a214c2f5e87bad3c948f4d605d)
Start importing Assets/UnityTechnologies/TowerDefenseTemplate/Particles/Textures/AttackLightning.png using Guid(36f30b3140b8843c5bc3469e1a5763fe) Importer(2089858483,b0f066a214c2f5e87bad3c948f4d605d) (ScriptedImporter) -> (artifact id: '2498a625bc5669461f2ab9e065a469c9') in 0.0196002 seconds
Number of updated asset objects reloaded before import = 0Number of asset objects unloaded after import = 1

========================================================================
Received Import Request.
  Time since last request: 0.000062 seconds.
  path: Assets/UnityTechnologies/TowerDefenseTemplate/Models/Towers/EMP Tower/EMP_Tower_level_3_Shadow.fbx
  artifactKey: Guid(8ecaa67fd9e2a495d9ba1343b126c651) Importer(2089858483,b0f066a214c2f5e87bad3c948f4d605d)
Start importing Assets/UnityTechnologies/TowerDefenseTemplate/Models/Towers/EMP Tower/EMP_Tower_level_3_Shadow.fbx using Guid(8ecaa67fd9e2a495d9ba1343b126c651) Importer(2089858483,b0f066a214c2f5e87bad3c948f4d605d) (ScriptedImporter) -> (artifact id: '438950b486de80ccafaba154a9d01dfa') in 0.0196336 seconds
Number of updated asset objects reloaded before import = 0Number of asset objects unloaded after import = 7

========================================================================
Received Import Request.
  Time since last request: 0.000018 seconds.
  path: Assets/UnityTechnologies/TowerDefenseTemplate/PostProcessing/Runtime/PostProcessingModel.cs
  artifactKey: Guid(28413153a26e53342baf1a7b2c3711c3) Importer(2089858483,b0f066a214c2f5e87bad3c948f4d605d)
Start importing Assets/UnityTechnologies/TowerDefenseTemplate/PostProcessing/Runtime/PostProcessingModel.cs using Guid(28413153a26e53342baf1a7b2c3711c3) Importer(2089858483,b0f066a214c2f5e87bad3c948f4d605d) (ScriptedImporter) -> (artifact id: '6b27bdbbf5b41a6e6b39cecc412c154f') in 0.0098934 seconds
Number of updated asset objects reloaded before import = 0Number of asset objects unloaded after import = 0

========================================================================
Received Import Request.
  Time since last request: 0.000083 seconds.
  path: Assets/UnityTechnologies/TowerDefenseTemplate/Prefabs/Enemies/EnemyShootEffect.prefab
  artifactKey: Guid(891051237b74a48fbaee8a137202b0cc) Importer(2089858483,b0f066a214c2f5e87bad3c948f4d605d)
Start importing Assets/UnityTechnologies/TowerDefenseTemplate/Prefabs/Enemies/EnemyShootEffect.prefab using Guid(891051237b74a48fbaee8a137202b0cc) Importer(2089858483,b0f066a214c2f5e87bad3c948f4d605d) (ScriptedImporter) -> (artifact id: 'e65fcaeb4fcd8412835438b38acb7edd') in 0.0370357 seconds
Number of updated asset objects reloaded before import = 0Number of asset objects unloaded after import = 42

========================================================================
Received Import Request.
  Time since last request: 0.000026 seconds.
  path: Assets/UnityTechnologies/TowerDefenseTemplate/Scenes/MainMenu/Lightmap-0_comp_light.exr
  artifactKey: Guid(d37639045ee46436988a6969e7106927) Importer(2089858483,b0f066a214c2f5e87bad3c948f4d605d)
Start importing Assets/UnityTechnologies/TowerDefenseTemplate/Scenes/MainMenu/Lightmap-0_comp_light.exr using Guid(d37639045ee46436988a6969e7106927) Importer(2089858483,b0f066a214c2f5e87bad3c948f4d605d) (ScriptedImporter) -> (artifact id: '0d68062c07b6b7d126e5ffe5e6ce1732') in 0.016669 seconds
Number of updated asset objects reloaded before import = 0Number of asset objects unloaded after import = 1

========================================================================
Received Import Request.
  Time since last request: 0.000035 seconds.
  path: Assets/UnityTechnologies/TowerDefenseTemplate/Models/Towers/EMP Tower/EMP_Tower_level_1_tex_v001.tiff
  artifactKey: Guid(eb03fc59f2ff54c8cb14ed0c1e5e032a) Importer(2089858483,b0f066a214c2f5e87bad3c948f4d605d)
Start importing Assets/UnityTechnologies/TowerDefenseTemplate/Models/Towers/EMP Tower/EMP_Tower_level_1_tex_v001.tiff using Guid(eb03fc59f2ff54c8cb14ed0c1e5e032a) Importer(2089858483,b0f066a214c2f5e87bad3c948f4d605d) (ScriptedImporter) -> (artifact id: 'aaa7bfeb300c586a546265f18fefa049') in 0.0203648 seconds
Number of updated asset objects reloaded before import = 0Number of asset objects unloaded after import = 1

========================================================================
Received Import Request.
  Time since last request: 0.000029 seconds.
  path: Assets/UnityTechnologies/TowerDefenseTemplate/Materials/Towers/Rocket/Rocket_Tower_L02_Texture_V003.mat
  artifactKey: Guid(86203932126304aeead1295fd2bdd303) Importer(2089858483,b0f066a214c2f5e87bad3c948f4d605d)
Start importing Assets/UnityTechnologies/TowerDefenseTemplate/Materials/Towers/Rocket/Rocket_Tower_L02_Texture_V003.mat using Guid(86203932126304aeead1295fd2bdd303) Importer(2089858483,b0f066a214c2f5e87bad3c948f4d605d) (ScriptedImporter) -> (artifact id: '67207b714d4a71ee29d7cd8a9b6552cb') in 0.0140732 seconds
Number of updated asset objects reloaded before import = 0Number of asset objects unloaded after import = 2

========================================================================
Received Import Request.
  Time since last request: 0.000013 seconds.
  path: Assets/UnityTechnologies/TowerDefenseTemplate/Models/Towers/EMP Tower/EMP_Tower_level_3.fbx
  artifactKey: Guid(220c2363b8fb44e4287e83ab206d82d5) Importer(2089858483,b0f066a214c2f5e87bad3c948f4d605d)
Start importing Assets/UnityTechnologies/TowerDefenseTemplate/Models/Towers/EMP Tower/EMP_Tower_level_3.fbx using Guid(220c2363b8fb44e4287e83ab206d82d5) Importer(2089858483,b0f066a214c2f5e87bad3c948f4d605d) (ScriptedImporter) -> (artifact id: 'd3fcdc5b4ff9c4682b8c93c4a278a577') in 0.0226479 seconds
Number of updated asset objects reloaded before import = 0Number of asset objects unloaded after import = 8

========================================================================
Received Import Request.
  Time since last request: 0.000038 seconds.
  path: Assets/UnityTechnologies/TowerDefenseTemplate/PostProcessing/Editor Resources/Monitors/HistogramRender.shader
  artifactKey: Guid(965efa32cf2345647a1c987546e08f86) Importer(2089858483,b0f066a214c2f5e87bad3c948f4d605d)
Start importing Assets/UnityTechnologies/TowerDefenseTemplate/PostProcessing/Editor Resources/Monitors/HistogramRender.shader using Guid(965efa32cf2345647a1c987546e08f86) Importer(2089858483,b0f066a214c2f5e87bad3c948f4d605d) (ScriptedImporter) -> (artifact id: '26a459e12ca9841f23bf664d6f961de4') in 0.0204655 seconds
Number of updated asset objects reloaded before import = 0Number of asset objects unloaded after import = 1

========================================================================
Received Import Request.
  Time since last request: 0.000030 seconds.
  path: Assets/UnityTechnologies/TowerDefenseTemplate/PostProcessing/Resources/Bluenoise64/LDR_LLL1_17.png
  artifactKey: Guid(bf95b6fdc179b0e4f890c841406193fc) Importer(2089858483,b0f066a214c2f5e87bad3c948f4d605d)
Start importing Assets/UnityTechnologies/TowerDefenseTemplate/PostProcessing/Resources/Bluenoise64/LDR_LLL1_17.png using Guid(bf95b6fdc179b0e4f890c841406193fc) Importer(2089858483,b0f066a214c2f5e87bad3c948f4d605d) (ScriptedImporter) -> (artifact id: '213b548e76e1d282fd3b85ad6eb2c9da') in 0.0227472 seconds
Number of updated asset objects reloaded before import = 0Number of asset objects unloaded after import = 1

========================================================================
Received Import Request.
  Time since last request: 0.000032 seconds.
  path: Assets/UnityTechnologies/TowerDefenseTemplate/Models/Towers/SuperTower/SuperTower_Base_Shadow.fbx
  artifactKey: Guid(edbec92379537441bbfdc3eab21363bc) Importer(2089858483,b0f066a214c2f5e87bad3c948f4d605d)
Start importing Assets/UnityTechnologies/TowerDefenseTemplate/Models/Towers/SuperTower/SuperTower_Base_Shadow.fbx using Guid(edbec92379537441bbfdc3eab21363bc) Importer(2089858483,b0f066a214c2f5e87bad3c948f4d605d) (ScriptedImporter) -> (artifact id: 'f2bf22730f6e05b6c8cdef50187e4c6f') in 0.0238027 seconds
Number of updated asset objects reloaded before import = 0Number of asset objects unloaded after import = 7

========================================================================
Received Import Request.
  Time since last request: 0.000017 seconds.
  path: Assets/UnityTechnologies/TowerDefenseTemplate/PostProcessing/Editor/PropertyDrawers/TrackballGroupDrawer.cs
  artifactKey: Guid(a668d493c5ed56d448b53c19b2c3dfd2) Importer(2089858483,b0f066a214c2f5e87bad3c948f4d605d)
Start importing Assets/UnityTechnologies/TowerDefenseTemplate/PostProcessing/Editor/PropertyDrawers/TrackballGroupDrawer.cs using Guid(a668d493c5ed56d448b53c19b2c3dfd2) Importer(2089858483,b0f066a214c2f5e87bad3c948f4d605d) (ScriptedImporter) -> (artifact id: '0c37b1a57d51637c4bd66810d2430831') in 0.0138743 seconds
Number of updated asset objects reloaded before import = 0Number of asset objects unloaded after import = 0

========================================================================
Received Import Request.
  Time since last request: 0.000091 seconds.
  path: Assets/UnityTechnologies/TowerDefenseTemplate/PostProcessing/Editor/Utils/FxStyles.cs
  artifactKey: Guid(8f31cf52f05e80c4ea48570d0c3c8f59) Importer(2089858483,b0f066a214c2f5e87bad3c948f4d605d)
Start importing Assets/UnityTechnologies/TowerDefenseTemplate/PostProcessing/Editor/Utils/FxStyles.cs using Guid(8f31cf52f05e80c4ea48570d0c3c8f59) Importer(2089858483,b0f066a214c2f5e87bad3c948f4d605d) (ScriptedImporter) -> (artifact id: 'fbf6b3974b0d3e82a0a0dde28e38033b') in 0.0135836 seconds
Number of updated asset objects reloaded before import = 0Number of asset objects unloaded after import = 0

========================================================================
Received Import Request.
  Time since last request: 0.000030 seconds.
  path: Assets/UnityTechnologies/TowerDefenseTemplate/Models/Towers/Rocket/Base_RocketTower_L03_Shadow.fbx
  artifactKey: Guid(49ca83f24389b4af09be3adc1de25341) Importer(2089858483,b0f066a214c2f5e87bad3c948f4d605d)
Start importing Assets/UnityTechnologies/TowerDefenseTemplate/Models/Towers/Rocket/Base_RocketTower_L03_Shadow.fbx using Guid(49ca83f24389b4af09be3adc1de25341) Importer(2089858483,b0f066a214c2f5e87bad3c948f4d605d) (ScriptedImporter) -> (artifact id: '12658f9c578c75cbae909ce66b657e7e') in 0.0193455 seconds
Number of updated asset objects reloaded before import = 0Number of asset objects unloaded after import = 7

========================================================================
Received Import Request.
  Time since last request: 0.000025 seconds.
  path: Assets/UnityTechnologies/TowerDefenseTemplate/Models/Towers/Rocket/Turret_RocketTower_L01.fbx
  artifactKey: Guid(67a055578b26444708b7df8956cd1336) Importer(2089858483,b0f066a214c2f5e87bad3c948f4d605d)
Start importing Assets/UnityTechnologies/TowerDefenseTemplate/Models/Towers/Rocket/Turret_RocketTower_L01.fbx using Guid(67a055578b26444708b7df8956cd1336) Importer(2089858483,b0f066a214c2f5e87bad3c948f4d605d) (ScriptedImporter) -> (artifact id: 'adcaaaf98ba35baa98ed5492f792ef66') in 0.0172199 seconds
Number of updated asset objects reloaded before import = 0Number of asset objects unloaded after import = 9

========================================================================
Received Import Request.
  Time since last request: 0.000021 seconds.
  path: Assets/UnityTechnologies/TowerDefenseTemplate/PostProcessing/Editor/Models/ScreenSpaceReflectionModelEditor.cs
  artifactKey: Guid(57bbe1f20eec7bb4d9bc90fc65ef381b) Importer(2089858483,b0f066a214c2f5e87bad3c948f4d605d)
Start importing Assets/UnityTechnologies/TowerDefenseTemplate/PostProcessing/Editor/Models/ScreenSpaceReflectionModelEditor.cs using Guid(57bbe1f20eec7bb4d9bc90fc65ef381b) Importer(2089858483,b0f066a214c2f5e87bad3c948f4d605d) (ScriptedImporter) -> (artifact id: 'f53fefb1991db22244a08f701ea20026') in 0.0128959 seconds
Number of updated asset objects reloaded before import = 0Number of asset objects unloaded after import = 0

========================================================================
Received Import Request.
  Time since last request: 0.000058 seconds.
  path: Assets/UnityTechnologies/TowerDefenseTemplate/PostProcessing/Editor Resources/Monitors/WaveformCompute.compute
  artifactKey: Guid(9d9b886f7a8fe7b4baf56624c42e3420) Importer(2089858483,b0f066a214c2f5e87bad3c948f4d605d)
Start importing Assets/UnityTechnologies/TowerDefenseTemplate/PostProcessing/Editor Resources/Monitors/WaveformCompute.compute using Guid(9d9b886f7a8fe7b4baf56624c42e3420) Importer(2089858483,b0f066a214c2f5e87bad3c948f4d605d) (ScriptedImporter) -> (artifact id: '3816b5fe3d8bc7c293e4848ff9047c17') in 0.0141966 seconds
Number of updated asset objects reloaded before import = 0Number of asset objects unloaded after import = 1

========================================================================
Received Import Request.
  Time since last request: 0.000033 seconds.
  path: Assets/UnityTechnologies/TowerDefenseTemplate/Models/Units/Materials/TankBoss_Albedo_V001.mat
  artifactKey: Guid(b9f2a11f3e13a884998bba58aaa61c4b) Importer(2089858483,b0f066a214c2f5e87bad3c948f4d605d)
Start importing Assets/UnityTechnologies/TowerDefenseTemplate/Models/Units/Materials/TankBoss_Albedo_V001.mat using Guid(b9f2a11f3e13a884998bba58aaa61c4b) Importer(2089858483,b0f066a214c2f5e87bad3c948f4d605d) (ScriptedImporter) -> (artifact id: 'f0e5eb1b81aa33bab34934a861682e7a') in 0.0460969 seconds
Number of updated asset objects reloaded before import = 0Number of asset objects unloaded after import = 1

========================================================================
Received Import Request.
  Time since last request: 0.000018 seconds.
  path: Assets/UnityTechnologies/TowerDefenseTemplate/Models/Towers/MachineGun/Turret_MachineGun_L01.fbx
  artifactKey: Guid(ca1b398fbc1a64abaaf160449dab6c93) Importer(2089858483,b0f066a214c2f5e87bad3c948f4d605d)
Start importing Assets/UnityTechnologies/TowerDefenseTemplate/Models/Towers/MachineGun/Turret_MachineGun_L01.fbx using Guid(ca1b398fbc1a64abaaf160449dab6c93) Importer(2089858483,b0f066a214c2f5e87bad3c948f4d605d) (ScriptedImporter) -> (artifact id: 'b8c68b48963bc66e3c91ded5c9893f7a') in 0.0238736 seconds
Number of updated asset objects reloaded before import = 0Number of asset objects unloaded after import = 9

========================================================================
Received Import Request.
  Time since last request: 0.000031 seconds.
  path: Assets/UnityTechnologies/TowerDefenseTemplate/PostProcessing/Editor Resources/UI/MotionBlendingIcon.png
  artifactKey: Guid(c0fa58091049bd24394fa15b0b6d4c5a) Importer(2089858483,b0f066a214c2f5e87bad3c948f4d605d)
Start importing Assets/UnityTechnologies/TowerDefenseTemplate/PostProcessing/Editor Resources/UI/MotionBlendingIcon.png using Guid(c0fa58091049bd24394fa15b0b6d4c5a) Importer(2089858483,b0f066a214c2f5e87bad3c948f4d605d) (ScriptedImporter) -> (artifact id: 'ec2bec909e69e82900acdc3236896a49') in 0.0184663 seconds
Number of updated asset objects reloaded before import = 0Number of asset objects unloaded after import = 1

========================================================================
Received Import Request.
  Time since last request: 0.000042 seconds.
  path: Assets/UnityTechnologies/TowerDefenseTemplate/PostProcessing/Resources/Bluenoise64/LDR_LLL1_15.png
  artifactKey: Guid(2ee161d8945169243b5698fec114e1b7) Importer(2089858483,b0f066a214c2f5e87bad3c948f4d605d)
Start importing Assets/UnityTechnologies/TowerDefenseTemplate/PostProcessing/Resources/Bluenoise64/LDR_LLL1_15.png using Guid(2ee161d8945169243b5698fec114e1b7) Importer(2089858483,b0f066a214c2f5e87bad3c948f4d605d) (ScriptedImporter) -> (artifact id: '8c0105d8bcc0d609f6f8a95914024c7b') in 0.0159184 seconds
Number of updated asset objects reloaded before import = 0Number of asset objects unloaded after import = 1

========================================================================
Received Import Request.
  Time since last request: 0.000014 seconds.
  path: Assets/UnityTechnologies/TowerDefenseTemplate/Models/Towers/MachineGun/Turret_MachineGun_L02_Shadow.fbx
  artifactKey: Guid(99c42a7789cc340e9ac3292001fe27e3) Importer(2089858483,b0f066a214c2f5e87bad3c948f4d605d)
Start importing Assets/UnityTechnologies/TowerDefenseTemplate/Models/Towers/MachineGun/Turret_MachineGun_L02_Shadow.fbx using Guid(99c42a7789cc340e9ac3292001fe27e3) Importer(2089858483,b0f066a214c2f5e87bad3c948f4d605d) (ScriptedImporter) -> (artifact id: '28ea257ce162a648dbca69c9eea4bd29') in 0.0167614 seconds
Number of updated asset objects reloaded before import = 0Number of asset objects unloaded after import = 7

========================================================================
Received Import Request.
  Time since last request: 0.000023 seconds.
  path: Assets/UnityTechnologies/TowerDefenseTemplate/Models/Towers/Rocket/Base_RocketTower_L01.fbx
  artifactKey: Guid(188f9a8488e154edf8adf142f5696547) Importer(2089858483,b0f066a214c2f5e87bad3c948f4d605d)
Start importing Assets/UnityTechnologies/TowerDefenseTemplate/Models/Towers/Rocket/Base_RocketTower_L01.fbx using Guid(188f9a8488e154edf8adf142f5696547) Importer(2089858483,b0f066a214c2f5e87bad3c948f4d605d) (ScriptedImporter) -> (artifact id: '3e8ae819c485324fa5380668eca18649') in 0.0212592 seconds
Number of updated asset objects reloaded before import = 0Number of asset objects unloaded after import = 9

========================================================================
Received Import Request.
  Time since last request: 0.000027 seconds.
  path: Assets/UnityTechnologies/TowerDefenseTemplate/Models/Towers/Rocket/Turret_RocketTower_L01_Shadow.fbx
  artifactKey: Guid(fb2ca01f402634342831214f5defb063) Importer(2089858483,b0f066a214c2f5e87bad3c948f4d605d)
Start importing Assets/UnityTechnologies/TowerDefenseTemplate/Models/Towers/Rocket/Turret_RocketTower_L01_Shadow.fbx using Guid(fb2ca01f402634342831214f5defb063) Importer(2089858483,b0f066a214c2f5e87bad3c948f4d605d) (ScriptedImporter) -> (artifact id: '6ef9d5bb216a0c29657f3474d2575ba4') in 0.0197801 seconds
Number of updated asset objects reloaded before import = 0Number of asset objects unloaded after import = 7

========================================================================
Received Import Request.
  Time since last request: 0.000020 seconds.
  path: Assets/UnityTechnologies/TowerDefenseTemplate/Models/Towers/Laser/LaserTower_TURRET_L03_Shadow.fbx
  artifactKey: Guid(3fb6ef455a5ff447d88cfd8c44789e06) Importer(2089858483,b0f066a214c2f5e87bad3c948f4d605d)
Start importing Assets/UnityTechnologies/TowerDefenseTemplate/Models/Towers/Laser/LaserTower_TURRET_L03_Shadow.fbx using Guid(3fb6ef455a5ff447d88cfd8c44789e06) Importer(2089858483,b0f066a214c2f5e87bad3c948f4d605d) (ScriptedImporter) -> (artifact id: '561d25bb6444911f81a742b71884ad5a') in 0.0179072 seconds
Number of updated asset objects reloaded before import = 0Number of asset objects unloaded after import = 7

========================================================================
Received Import Request.
  Time since last request: 0.000028 seconds.
  path: Assets/UnityTechnologies/TowerDefenseTemplate/Models/Towers/Rocket/Rocket_Tower_L03_Texture_V003.tif
  artifactKey: Guid(b2321b12dddb84659b9608663218e77b) Importer(2089858483,b0f066a214c2f5e87bad3c948f4d605d)
Start importing Assets/UnityTechnologies/TowerDefenseTemplate/Models/Towers/Rocket/Rocket_Tower_L03_Texture_V003.tif using Guid(b2321b12dddb84659b9608663218e77b) Importer(2089858483,b0f066a214c2f5e87bad3c948f4d605d) (ScriptedImporter) -> (artifact id: '22c27b568604cb2aeb1db480eb4ffce5') in 0.0231379 seconds
Number of updated asset objects reloaded before import = 0Number of asset objects unloaded after import = 1

========================================================================
Received Import Request.
  Time since last request: 0.000034 seconds.
  path: Assets/UnityTechnologies/TowerDefenseTemplate/Models/Towers/MachineGun/Base_MachineGun_L03_Shadow.fbx
  artifactKey: Guid(997285826a7c945008c144da7cdc3689) Importer(2089858483,b0f066a214c2f5e87bad3c948f4d605d)
Start importing Assets/UnityTechnologies/TowerDefenseTemplate/Models/Towers/MachineGun/Base_MachineGun_L03_Shadow.fbx using Guid(997285826a7c945008c144da7cdc3689) Importer(2089858483,b0f066a214c2f5e87bad3c948f4d605d) (ScriptedImporter) -> (artifact id: 'c229be35cbda931d8f1b98d5ef43ea74') in 0.018089 seconds
Number of updated asset objects reloaded before import = 0Number of asset objects unloaded after import = 7

========================================================================
Received Import Request.
  Time since last request: 0.000015 seconds.
  path: Assets/UnityTechnologies/TowerDefenseTemplate/PostProcessing/Editor/Utils/EditorGUIHelper.cs
  artifactKey: Guid(7226e17fa48c86148a3d15584e21b4cb) Importer(2089858483,b0f066a214c2f5e87bad3c948f4d605d)
Start importing Assets/UnityTechnologies/TowerDefenseTemplate/PostProcessing/Editor/Utils/EditorGUIHelper.cs using Guid(7226e17fa48c86148a3d15584e21b4cb) Importer(2089858483,b0f066a214c2f5e87bad3c948f4d605d) (ScriptedImporter) -> (artifact id: 'f069ee517d25c0f1898a708a1173a7ff') in 0.0141927 seconds
Number of updated asset objects reloaded before import = 0Number of asset objects unloaded after import = 0

========================================================================
Received Import Request.
  Time since last request: 0.000120 seconds.
  path: Assets/UnityTechnologies/TowerDefenseTemplate/PostProcessing/Resources/Bluenoise64/COPYING.txt
  artifactKey: Guid(fa3fc398fe396744c9299e70b63bfdd7) Importer(2089858483,b0f066a214c2f5e87bad3c948f4d605d)
Start importing Assets/UnityTechnologies/TowerDefenseTemplate/PostProcessing/Resources/Bluenoise64/COPYING.txt using Guid(fa3fc398fe396744c9299e70b63bfdd7) Importer(2089858483,b0f066a214c2f5e87bad3c948f4d605d) (ScriptedImporter) -> (artifact id: '8ce481ecf79e988a7db9d7d3cbe59275') in 0.0150421 seconds
Number of updated asset objects reloaded before import = 0Number of asset objects unloaded after import = 1

========================================================================
Received Import Request.
  Time since last request: 0.000053 seconds.
  path: Assets/UnityTechnologies/TowerDefenseTemplate/PostProcessing/Runtime/PostProcessingComponent.cs
  artifactKey: Guid(ef3277e9c14f78546a1ecaab0d293b77) Importer(2089858483,b0f066a214c2f5e87bad3c948f4d605d)
Start importing Assets/UnityTechnologies/TowerDefenseTemplate/PostProcessing/Runtime/PostProcessingComponent.cs using Guid(ef3277e9c14f78546a1ecaab0d293b77) Importer(2089858483,b0f066a214c2f5e87bad3c948f4d605d) (ScriptedImporter) -> (artifact id: 'e2f4021152b16154e4e9095afef1ce98') in 0.0145993 seconds
Number of updated asset objects reloaded before import = 0Number of asset objects unloaded after import = 0

========================================================================
Received Import Request.
  Time since last request: 0.000063 seconds.
  path: Assets/UnityTechnologies/TowerDefenseTemplate/Scenes/MainMenu/Lightmap-0_comp_shadowmask.png
  artifactKey: Guid(3dba45fd07e7741dc9225da91ed360db) Importer(2089858483,b0f066a214c2f5e87bad3c948f4d605d)
Start importing Assets/UnityTechnologies/TowerDefenseTemplate/Scenes/MainMenu/Lightmap-0_comp_shadowmask.png using Guid(3dba45fd07e7741dc9225da91ed360db) Importer(2089858483,b0f066a214c2f5e87bad3c948f4d605d) (ScriptedImporter) -> (artifact id: '5b8533e5bb794c747e1560a9dcca9e5b') in 0.0173001 seconds
Number of updated asset objects reloaded before import = 0Number of asset objects unloaded after import = 1

========================================================================
Received Import Request.
  Time since last request: 0.000022 seconds.
  path: Assets/UnityTechnologies/TowerDefenseTemplate/Models/Towers/Laser/LaserTower_BASE_L02.fbx
  artifactKey: Guid(85a7f547df06a4dd0a488c2c45f76e64) Importer(2089858483,b0f066a214c2f5e87bad3c948f4d605d)
Start importing Assets/UnityTechnologies/TowerDefenseTemplate/Models/Towers/Laser/LaserTower_BASE_L02.fbx using Guid(85a7f547df06a4dd0a488c2c45f76e64) Importer(2089858483,b0f066a214c2f5e87bad3c948f4d605d) (ScriptedImporter) -> (artifact id: '4e8c5e07bb8607b0a6f9c3613449febb') in 0.018462 seconds
Number of updated asset objects reloaded before import = 0Number of asset objects unloaded after import = 10

========================================================================
Received Import Request.
  Time since last request: 0.000032 seconds.
  path: Assets/UnityTechnologies/TowerDefenseTemplate/Materials/Towers/MachineGun/MachineGun_Level2_tex_v003.mat
  artifactKey: Guid(1bc90cfbc927b44b4aaabc56a6e0b14c) Importer(2089858483,b0f066a214c2f5e87bad3c948f4d605d)
Start importing Assets/UnityTechnologies/TowerDefenseTemplate/Materials/Towers/MachineGun/MachineGun_Level2_tex_v003.mat using Guid(1bc90cfbc927b44b4aaabc56a6e0b14c) Importer(2089858483,b0f066a214c2f5e87bad3c948f4d605d) (ScriptedImporter) -> (artifact id: '8d193ff08a0416b4ceb4e37ada8cfe8c') in 0.0170009 seconds
Number of updated asset objects reloaded before import = 0Number of asset objects unloaded after import = 2

========================================================================
Received Import Request.
  Time since last request: 0.000038 seconds.
  path: Assets/UnityTechnologies/TowerDefenseTemplate/Scenes/MainMenu/ReflectionProbe-0.exr
  artifactKey: Guid(ac05244f79af94ddc99a8b65aef33828) Importer(2089858483,b0f066a214c2f5e87bad3c948f4d605d)
Start importing Assets/UnityTechnologies/TowerDefenseTemplate/Scenes/MainMenu/ReflectionProbe-0.exr using Guid(ac05244f79af94ddc99a8b65aef33828) Importer(2089858483,b0f066a214c2f5e87bad3c948f4d605d) (ScriptedImporter) -> (artifact id: '2b60452529d918f102f5d6411fe2eed6') in 0.0170255 seconds
Number of updated asset objects reloaded before import = 0Number of asset objects unloaded after import = 1

========================================================================
Received Import Request.
  Time since last request: 0.000030 seconds.
  path: Assets/UnityTechnologies/TowerDefenseTemplate/Particles/Textures/BuggyHover_sprite.png
  artifactKey: Guid(c814a2622f6ef4814ac3535985aa6bdf) Importer(2089858483,b0f066a214c2f5e87bad3c948f4d605d)
Start importing Assets/UnityTechnologies/TowerDefenseTemplate/Particles/Textures/BuggyHover_sprite.png using Guid(c814a2622f6ef4814ac3535985aa6bdf) Importer(2089858483,b0f066a214c2f5e87bad3c948f4d605d) (ScriptedImporter) -> (artifact id: 'a7117ec55f1b28e85d4efbee6388e57b') in 0.0177681 seconds
Number of updated asset objects reloaded before import = 0Number of asset objects unloaded after import = 1

========================================================================
Received Import Request.
  Time since last request: 0.000062 seconds.
  path: Assets/UnityTechnologies/TowerDefenseTemplate/Models/Towers/Laser/LaserTower_L02_Albedo_V001.tiff
  artifactKey: Guid(c61682045d83c4e7ea60f770a7947a71) Importer(2089858483,b0f066a214c2f5e87bad3c948f4d605d)
Start importing Assets/UnityTechnologies/TowerDefenseTemplate/Models/Towers/Laser/LaserTower_L02_Albedo_V001.tiff using Guid(c61682045d83c4e7ea60f770a7947a71) Importer(2089858483,b0f066a214c2f5e87bad3c948f4d605d) (ScriptedImporter) -> (artifact id: 'a7f61ea169efac36999b55f065bc75ea') in 0.0164892 seconds
Number of updated asset objects reloaded before import = 0Number of asset objects unloaded after import = 1

========================================================================
Received Import Request.
  Time since last request: 0.000039 seconds.
  path: Assets/UnityTechnologies/TowerDefenseTemplate/PostProcessing/Resources/Bluenoise64/LDR_LLL1_10.png
  artifactKey: Guid(afe1e502240079342a0a980484b6da8b) Importer(2089858483,b0f066a214c2f5e87bad3c948f4d605d)
Start importing Assets/UnityTechnologies/TowerDefenseTemplate/PostProcessing/Resources/Bluenoise64/LDR_LLL1_10.png using Guid(afe1e502240079342a0a980484b6da8b) Importer(2089858483,b0f066a214c2f5e87bad3c948f4d605d) (ScriptedImporter) -> (artifact id: '971b8622815fc61d3a95f49b0dea4674') in 0.0189947 seconds
Number of updated asset objects reloaded before import = 0Number of asset objects unloaded after import = 1

========================================================================
Received Import Request.
  Time since last request: 0.000146 seconds.
  path: Assets/UnityTechnologies/TowerDefenseTemplate/Models/Towers/MachineGun/MachineGun_Level3_tex_v003.tif
  artifactKey: Guid(f35086d0b6e364570a50a905e1866ca6) Importer(2089858483,b0f066a214c2f5e87bad3c948f4d605d)
Start importing Assets/UnityTechnologies/TowerDefenseTemplate/Models/Towers/MachineGun/MachineGun_Level3_tex_v003.tif using Guid(f35086d0b6e364570a50a905e1866ca6) Importer(2089858483,b0f066a214c2f5e87bad3c948f4d605d) (ScriptedImporter) -> (artifact id: '249aa846d921531dfca4ae6caf903560') in 0.020039 seconds
Number of updated asset objects reloaded before import = 0Number of asset objects unloaded after import = 1

========================================================================
Received Import Request.
  Time since last request: 0.000041 seconds.
  path: Assets/UnityTechnologies/TowerDefenseTemplate/Prefabs/Enemies/Hoverboss.prefab
  artifactKey: Guid(0dba493688cc24e6ebe9988434057079) Importer(2089858483,b0f066a214c2f5e87bad3c948f4d605d)
Start importing Assets/UnityTechnologies/TowerDefenseTemplate/Prefabs/Enemies/Hoverboss.prefab using Guid(0dba493688cc24e6ebe9988434057079) Importer(2089858483,b0f066a214c2f5e87bad3c948f4d605d) (ScriptedImporter) -> (artifact id: '1d6714904a5a5e0f7d8f29bf63bf19d5') in 0.0259933 seconds
Number of updated asset objects reloaded before import = 0Number of asset objects unloaded after import = 113

========================================================================
Received Import Request.
  Time since last request: 0.000013 seconds.
  path: Assets/UnityTechnologies/TowerDefenseTemplate/PostProcessing/Resources/Bluenoise64/LDR_LLL1_54.png
  artifactKey: Guid(936dea238abb0864ab3985a995e16a29) Importer(2089858483,b0f066a214c2f5e87bad3c948f4d605d)
Start importing Assets/UnityTechnologies/TowerDefenseTemplate/PostProcessing/Resources/Bluenoise64/LDR_LLL1_54.png using Guid(936dea238abb0864ab3985a995e16a29) Importer(2089858483,b0f066a214c2f5e87bad3c948f4d605d) (ScriptedImporter) -> (artifact id: 'd9862806c01775373d62bc764cd58b12') in 0.0122286 seconds
Number of updated asset objects reloaded before import = 0Number of asset objects unloaded after import = 1

========================================================================
Received Import Request.
  Time since last request: 0.000024 seconds.
  path: Assets/UnityTechnologies/TowerDefenseTemplate/PostProcessing/Runtime/Components/AmbientOcclusionComponent.cs
  artifactKey: Guid(c6e33ce72d3776b408121f946283403d) Importer(2089858483,b0f066a214c2f5e87bad3c948f4d605d)
Start importing Assets/UnityTechnologies/TowerDefenseTemplate/PostProcessing/Runtime/Components/AmbientOcclusionComponent.cs using Guid(c6e33ce72d3776b408121f946283403d) Importer(2089858483,b0f066a214c2f5e87bad3c948f4d605d) (ScriptedImporter) -> (artifact id: '79c19181827b244a73d0ef9fd80d5bbd') in 0.0119177 seconds
Number of updated asset objects reloaded before import = 0Number of asset objects unloaded after import = 0

========================================================================
Received Import Request.
  Time since last request: 0.000046 seconds.
  path: Assets/UnityTechnologies/TowerDefenseTemplate/PostProcessing/Resources/Bluenoise64/LDR_LLL1_3.png
  artifactKey: Guid(373f9bf6b0841af4ebf26d25e4a3f4e2) Importer(2089858483,b0f066a214c2f5e87bad3c948f4d605d)
Start importing Assets/UnityTechnologies/TowerDefenseTemplate/PostProcessing/Resources/Bluenoise64/LDR_LLL1_3.png using Guid(373f9bf6b0841af4ebf26d25e4a3f4e2) Importer(2089858483,b0f066a214c2f5e87bad3c948f4d605d) (ScriptedImporter) -> (artifact id: '7cb6b60b77204dc8fd5e981c80e63ec9') in 0.0135804 seconds
Number of updated asset objects reloaded before import = 0Number of asset objects unloaded after import = 1

========================================================================
Received Import Request.
  Time since last request: 0.000079 seconds.
  path: Assets/UnityTechnologies/TowerDefenseTemplate/PostProcessing/Resources/Shaders/UberSecondPass.cginc
  artifactKey: Guid(b6e42614562a56445ba4b5d90301f06f) Importer(2089858483,b0f066a214c2f5e87bad3c948f4d605d)
Start importing Assets/UnityTechnologies/TowerDefenseTemplate/PostProcessing/Resources/Shaders/UberSecondPass.cginc using Guid(b6e42614562a56445ba4b5d90301f06f) Importer(2089858483,b0f066a214c2f5e87bad3c948f4d605d) (ScriptedImporter) -> (artifact id: '635873f38a266e59a6a32b29a6ec9f04') in 0.0112529 seconds
Number of updated asset objects reloaded before import = 0Number of asset objects unloaded after import = 1

========================================================================
Received Import Request.
  Time since last request: 0.000017 seconds.
  path: Assets/UnityTechnologies/TowerDefenseTemplate/PostProcessing/Resources/Shaders/FXAA.shader
  artifactKey: Guid(291f0d5b6045f4646847c59b4ce13ac5) Importer(2089858483,b0f066a214c2f5e87bad3c948f4d605d)
Start importing Assets/UnityTechnologies/TowerDefenseTemplate/PostProcessing/Resources/Shaders/FXAA.shader using Guid(291f0d5b6045f4646847c59b4ce13ac5) Importer(2089858483,b0f066a214c2f5e87bad3c948f4d605d) (ScriptedImporter) -> (artifact id: '72ddbda529fe626a5e278a179d7b0b88') in 0.0121522 seconds
Number of updated asset objects reloaded before import = 0Number of asset objects unloaded after import = 1

========================================================================
Received Import Request.
  Time since last request: 0.000018 seconds.
  path: Assets/UnityTechnologies/TowerDefenseTemplate/PostProcessing/Resources/Shaders/Uber.shader
  artifactKey: Guid(8ce0a6f4c8cae334d8a5617f302b6769) Importer(2089858483,b0f066a214c2f5e87bad3c948f4d605d)
Start importing Assets/UnityTechnologies/TowerDefenseTemplate/PostProcessing/Resources/Shaders/Uber.shader using Guid(8ce0a6f4c8cae334d8a5617f302b6769) Importer(2089858483,b0f066a214c2f5e87bad3c948f4d605d) (ScriptedImporter) -> (artifact id: '50d10ba8f54f55e8e5d8cb4c206f6d5a') in 0.0111336 seconds
Number of updated asset objects reloaded before import = 0Number of asset objects unloaded after import = 1

========================================================================
Received Import Request.
  Time since last request: 0.000027 seconds.
  path: Assets/UnityTechnologies/TowerDefenseTemplate/PostProcessing/Resources/Bluenoise64/LDR_LLL1_53.png
  artifactKey: Guid(c94b57b5a32a22d43ade66e09f6a4bd2) Importer(2089858483,b0f066a214c2f5e87bad3c948f4d605d)
Start importing Assets/UnityTechnologies/TowerDefenseTemplate/PostProcessing/Resources/Bluenoise64/LDR_LLL1_53.png using Guid(c94b57b5a32a22d43ade66e09f6a4bd2) Importer(2089858483,b0f066a214c2f5e87bad3c948f4d605d) (ScriptedImporter) -> (artifact id: '118b60f68f8609f9fc64f19d6b91d53c') in 0.0136441 seconds
Number of updated asset objects reloaded before import = 0Number of asset objects unloaded after import = 1

========================================================================
Received Import Request.
  Time since last request: 0.000019 seconds.
  path: Assets/UnityTechnologies/TowerDefenseTemplate/PostProcessing/Resources/Shaders/MotionBlur.shader
  artifactKey: Guid(6ab8493603d8f8e408750b81666a95f1) Importer(2089858483,b0f066a214c2f5e87bad3c948f4d605d)
Start importing Assets/UnityTechnologies/TowerDefenseTemplate/PostProcessing/Resources/Shaders/MotionBlur.shader using Guid(6ab8493603d8f8e408750b81666a95f1) Importer(2089858483,b0f066a214c2f5e87bad3c948f4d605d) (ScriptedImporter) -> (artifact id: '06e2cefa1bb3157da0e999c22daadca4') in 0.0123423 seconds
Number of updated asset objects reloaded before import = 0Number of asset objects unloaded after import = 1

========================================================================
Received Import Request.
  Time since last request: 0.000061 seconds.
  path: Assets/UnityTechnologies/TowerDefenseTemplate/PostProcessing/Resources/Bluenoise64/LDR_LLL1_42.png
  artifactKey: Guid(b266511438fae724f9d3ce6bd26583e8) Importer(2089858483,b0f066a214c2f5e87bad3c948f4d605d)
Start importing Assets/UnityTechnologies/TowerDefenseTemplate/PostProcessing/Resources/Bluenoise64/LDR_LLL1_42.png using Guid(b266511438fae724f9d3ce6bd26583e8) Importer(2089858483,b0f066a214c2f5e87bad3c948f4d605d) (ScriptedImporter) -> (artifact id: 'eeffb6dbc4d3f97d6d9bc9f5997dcb13') in 0.0168876 seconds
Number of updated asset objects reloaded before import = 0Number of asset objects unloaded after import = 1

========================================================================
Received Import Request.
  Time since last request: 0.000035 seconds.
  path: Assets/UnityTechnologies/TowerDefenseTemplate/PostProcessing/Resources/Shaders/Bloom.cginc
  artifactKey: Guid(7d1f4dd94c8e6e940b0730076ea7d6d9) Importer(2089858483,b0f066a214c2f5e87bad3c948f4d605d)
Start importing Assets/UnityTechnologies/TowerDefenseTemplate/PostProcessing/Resources/Shaders/Bloom.cginc using Guid(7d1f4dd94c8e6e940b0730076ea7d6d9) Importer(2089858483,b0f066a214c2f5e87bad3c948f4d605d) (ScriptedImporter) -> (artifact id: 'd1f59202977c2a716d63bb5be3bf6c72') in 0.0126876 seconds
Number of updated asset objects reloaded before import = 0Number of asset objects unloaded after import = 1

========================================================================
Received Import Request.
  Time since last request: 0.000023 seconds.
  path: Assets/UnityTechnologies/TowerDefenseTemplate/PostProcessing/Resources/Bluenoise64/LDR_LLL1_60.png
  artifactKey: Guid(404fa8def46b1c447817e1ebdaa7144e) Importer(2089858483,b0f066a214c2f5e87bad3c948f4d605d)
Start importing Assets/UnityTechnologies/TowerDefenseTemplate/PostProcessing/Resources/Bluenoise64/LDR_LLL1_60.png using Guid(404fa8def46b1c447817e1ebdaa7144e) Importer(2089858483,b0f066a214c2f5e87bad3c948f4d605d) (ScriptedImporter) -> (artifact id: '55204b4676b1dc14443bf6ba41491ac8') in 0.0145752 seconds
Number of updated asset objects reloaded before import = 0Number of asset objects unloaded after import = 1

========================================================================
Received Import Request.
  Time since last request: 0.000013 seconds.
  path: Assets/UnityTechnologies/TowerDefenseTemplate/PostProcessing/Resources/Bluenoise64/LDR_LLL1_47.png
  artifactKey: Guid(1378a33cdd085d64c9da863d2484ff21) Importer(2089858483,b0f066a214c2f5e87bad3c948f4d605d)
Start importing Assets/UnityTechnologies/TowerDefenseTemplate/PostProcessing/Resources/Bluenoise64/LDR_LLL1_47.png using Guid(1378a33cdd085d64c9da863d2484ff21) Importer(2089858483,b0f066a214c2f5e87bad3c948f4d605d) (ScriptedImporter) -> (artifact id: 'b60f35502a9db841b787a94d2a29b20d') in 0.01388 seconds
Number of updated asset objects reloaded before import = 0Number of asset objects unloaded after import = 1

========================================================================
Received Import Request.
  Time since last request: 0.000015 seconds.
  path: Assets/UnityTechnologies/TowerDefenseTemplate/PostProcessing/Resources/Bluenoise64/LDR_LLL1_58.png
  artifactKey: Guid(85a45a6d8b2ffb84987d2b028ecfb220) Importer(2089858483,b0f066a214c2f5e87bad3c948f4d605d)
Start importing Assets/UnityTechnologies/TowerDefenseTemplate/PostProcessing/Resources/Bluenoise64/LDR_LLL1_58.png using Guid(85a45a6d8b2ffb84987d2b028ecfb220) Importer(2089858483,b0f066a214c2f5e87bad3c948f4d605d) (ScriptedImporter) -> (artifact id: '8a102a50fe9ae60d97f7c24ded91fc27') in 0.0143304 seconds
Number of updated asset objects reloaded before import = 0Number of asset objects unloaded after import = 1

========================================================================
Received Import Request.
  Time since last request: 0.000026 seconds.
  path: Assets/UnityTechnologies/TowerDefenseTemplate/PostProcessing/Resources/Bluenoise64/LDR_LLL1_45.png
  artifactKey: Guid(b9960364038cbfa4aa49d7b2032d3110) Importer(2089858483,b0f066a214c2f5e87bad3c948f4d605d)
Start importing Assets/UnityTechnologies/TowerDefenseTemplate/PostProcessing/Resources/Bluenoise64/LDR_LLL1_45.png using Guid(b9960364038cbfa4aa49d7b2032d3110) Importer(2089858483,b0f066a214c2f5e87bad3c948f4d605d) (ScriptedImporter) -> (artifact id: '32ec329073748ccb7dffe44444b413ba') in 0.0176635 seconds
Number of updated asset objects reloaded before import = 0Number of asset objects unloaded after import = 1

========================================================================
Received Import Request.
  Time since last request: 0.000025 seconds.
  path: Assets/UnityTechnologies/TowerDefenseTemplate/PostProcessing/Runtime/Components/FxaaComponent.cs
  artifactKey: Guid(d4e1109c5030ca04e9a28243a35155ff) Importer(2089858483,b0f066a214c2f5e87bad3c948f4d605d)
Start importing Assets/UnityTechnologies/TowerDefenseTemplate/PostProcessing/Runtime/Components/FxaaComponent.cs using Guid(d4e1109c5030ca04e9a28243a35155ff) Importer(2089858483,b0f066a214c2f5e87bad3c948f4d605d) (ScriptedImporter) -> (artifact id: 'a43d2a21681131db9aa78c96d1d97a32') in 0.0125855 seconds
Number of updated asset objects reloaded before import = 0Number of asset objects unloaded after import = 0

========================================================================
Received Import Request.
  Time since last request: 0.000055 seconds.
  path: Assets/UnityTechnologies/TowerDefenseTemplate/PostProcessing/Resources/Shaders/FXAA3.cginc
  artifactKey: Guid(613b4036a9f55c34fb054bde02455e46) Importer(2089858483,b0f066a214c2f5e87bad3c948f4d605d)
Start importing Assets/UnityTechnologies/TowerDefenseTemplate/PostProcessing/Resources/Shaders/FXAA3.cginc using Guid(613b4036a9f55c34fb054bde02455e46) Importer(2089858483,b0f066a214c2f5e87bad3c948f4d605d) (ScriptedImporter) -> (artifact id: 'fd362ef8de96457ffee296a447713126') in 0.0123189 seconds
Number of updated asset objects reloaded before import = 0Number of asset objects unloaded after import = 1

========================================================================
Received Import Request.
  Time since last request: 0.000015 seconds.
  path: Assets/UnityTechnologies/TowerDefenseTemplate/PostProcessing/Resources/Bluenoise64/LDR_LLL1_57.png
  artifactKey: Guid(e138166e7a7c70f49943be7edda35d35) Importer(2089858483,b0f066a214c2f5e87bad3c948f4d605d)
Start importing Assets/UnityTechnologies/TowerDefenseTemplate/PostProcessing/Resources/Bluenoise64/LDR_LLL1_57.png using Guid(e138166e7a7c70f49943be7edda35d35) Importer(2089858483,b0f066a214c2f5e87bad3c948f4d605d) (ScriptedImporter) -> (artifact id: 'f3b8466a032ec60e074f28f6dbbf6ed0') in 0.0153034 seconds
Number of updated asset objects reloaded before import = 0Number of asset objects unloaded after import = 1

========================================================================
Received Import Request.
  Time since last request: 0.000016 seconds.
  path: Assets/UnityTechnologies/TowerDefenseTemplate/PostProcessing/Resources/Shaders/Fog.shader
  artifactKey: Guid(2a72fc91cbae3cc4686a6143e8517993) Importer(2089858483,b0f066a214c2f5e87bad3c948f4d605d)
Start importing Assets/UnityTechnologies/TowerDefenseTemplate/PostProcessing/Resources/Shaders/Fog.shader using Guid(2a72fc91cbae3cc4686a6143e8517993) Importer(2089858483,b0f066a214c2f5e87bad3c948f4d605d) (ScriptedImporter) -> (artifact id: '64d0b56204bea70d540196f3a1f08a8f') in 0.0133378 seconds
Number of updated asset objects reloaded before import = 0Number of asset objects unloaded after import = 1

========================================================================
Received Import Request.
  Time since last request: 0.000028 seconds.
  path: Assets/UnityTechnologies/TowerDefenseTemplate/PostProcessing/Resources/Shaders/EyeHistogram.compute
  artifactKey: Guid(e213272ad8ff213409a6e13b5c26b4e4) Importer(2089858483,b0f066a214c2f5e87bad3c948f4d605d)
Start importing Assets/UnityTechnologies/TowerDefenseTemplate/PostProcessing/Resources/Shaders/EyeHistogram.compute using Guid(e213272ad8ff213409a6e13b5c26b4e4) Importer(2089858483,b0f066a214c2f5e87bad3c948f4d605d) (ScriptedImporter) -> (artifact id: '8e818368455caf14af24913d50a61177') in 0.0130823 seconds
Number of updated asset objects reloaded before import = 0Number of asset objects unloaded after import = 1

========================================================================
Received Import Request.
  Time since last request: 0.000050 seconds.
  path: Assets/UnityTechnologies/TowerDefenseTemplate/PostProcessing/Runtime/Attributes/TrackballGroupAttribute.cs
  artifactKey: Guid(aa62a51ebe4821e4b89a64d267b30a27) Importer(2089858483,b0f066a214c2f5e87bad3c948f4d605d)
Start importing Assets/UnityTechnologies/TowerDefenseTemplate/PostProcessing/Runtime/Attributes/TrackballGroupAttribute.cs using Guid(aa62a51ebe4821e4b89a64d267b30a27) Importer(2089858483,b0f066a214c2f5e87bad3c948f4d605d) (ScriptedImporter) -> (artifact id: '17eb1254f4fb1a9b9c9d811fc979a773') in 0.0116838 seconds
Number of updated asset objects reloaded before import = 0Number of asset objects unloaded after import = 0

========================================================================
Received Import Request.
  Time since last request: 0.000019 seconds.
  path: Assets/UnityTechnologies/TowerDefenseTemplate/PostProcessing/Resources/Bluenoise64/LDR_LLL1_7.png
  artifactKey: Guid(3ac02e7e783571c468f9c086d2384ba7) Importer(2089858483,b0f066a214c2f5e87bad3c948f4d605d)
Start importing Assets/UnityTechnologies/TowerDefenseTemplate/PostProcessing/Resources/Bluenoise64/LDR_LLL1_7.png using Guid(3ac02e7e783571c468f9c086d2384ba7) Importer(2089858483,b0f066a214c2f5e87bad3c948f4d605d) (ScriptedImporter) -> (artifact id: '783b0405fb95cd1bccee133d4d486c8a') in 0.0148047 seconds
Number of updated asset objects reloaded before import = 0Number of asset objects unloaded after import = 1

========================================================================
Received Import Request.
  Time since last request: 0.000060 seconds.
  path: Assets/UnityTechnologies/TowerDefenseTemplate/PostProcessing/Resources/Bluenoise64/LDR_LLL1_43.png
  artifactKey: Guid(71bc1b6b66e8b784b972199b7e90204e) Importer(2089858483,b0f066a214c2f5e87bad3c948f4d605d)
Start importing Assets/UnityTechnologies/TowerDefenseTemplate/PostProcessing/Resources/Bluenoise64/LDR_LLL1_43.png using Guid(71bc1b6b66e8b784b972199b7e90204e) Importer(2089858483,b0f066a214c2f5e87bad3c948f4d605d) (ScriptedImporter) -> (artifact id: 'eb120c06760e3bb28b220c9bc2a374b3') in 0.0140291 seconds
Number of updated asset objects reloaded before import = 0Number of asset objects unloaded after import = 1

========================================================================
Received Import Request.
  Time since last request: 0.000021 seconds.
  path: Assets/UnityTechnologies/TowerDefenseTemplate/PostProcessing/Resources/Bluenoise64/LDR_LLL1_56.png
  artifactKey: Guid(70f23eaf7d8ae9147aa542d20e93733b) Importer(2089858483,b0f066a214c2f5e87bad3c948f4d605d)
Start importing Assets/UnityTechnologies/TowerDefenseTemplate/PostProcessing/Resources/Bluenoise64/LDR_LLL1_56.png using Guid(70f23eaf7d8ae9147aa542d20e93733b) Importer(2089858483,b0f066a214c2f5e87bad3c948f4d605d) (ScriptedImporter) -> (artifact id: '29c4a903adb515bbc9b2bfd7ff5cd985') in 0.014063 seconds
Number of updated asset objects reloaded before import = 0Number of asset objects unloaded after import = 1

========================================================================
Received Import Request.
  Time since last request: 0.000056 seconds.
  path: Assets/UnityTechnologies/TowerDefenseTemplate/PostProcessing/Resources/Bluenoise64/LDR_LLL1_62.png
  artifactKey: Guid(a03c400b0e3959f428ee99dfc6cfc263) Importer(2089858483,b0f066a214c2f5e87bad3c948f4d605d)
Start importing Assets/UnityTechnologies/TowerDefenseTemplate/PostProcessing/Resources/Bluenoise64/LDR_LLL1_62.png using Guid(a03c400b0e3959f428ee99dfc6cfc263) Importer(2089858483,b0f066a214c2f5e87bad3c948f4d605d) (ScriptedImporter) -> (artifact id: 'af14214bace1d9e98144e21adc192823') in 0.0163329 seconds
Number of updated asset objects reloaded before import = 0Number of asset objects unloaded after import = 1

========================================================================
Received Import Request.
  Time since last request: 0.000033 seconds.
  path: Assets/UnityTechnologies/TowerDefenseTemplate/PostProcessing/Editor Resources/Monitors/VectorscopeRender.shader
  artifactKey: Guid(1c4298cd35ef7834e892898e49d61ecd) Importer(2089858483,b0f066a214c2f5e87bad3c948f4d605d)
Start importing Assets/UnityTechnologies/TowerDefenseTemplate/PostProcessing/Editor Resources/Monitors/VectorscopeRender.shader using Guid(1c4298cd35ef7834e892898e49d61ecd) Importer(2089858483,b0f066a214c2f5e87bad3c948f4d605d) (ScriptedImporter) -> (artifact id: 'a569de617e4a9dc64283b6904e23881c') in 0.0111116 seconds
Number of updated asset objects reloaded before import = 0Number of asset objects unloaded after import = 1

========================================================================
Received Import Request.
  Time since last request: 0.000042 seconds.
  path: Assets/UnityTechnologies/TowerDefenseTemplate/Particles/Prefabs/TowerDeathExplosion.prefab
  artifactKey: Guid(7a0476686964e41ac8320b7cf37868c2) Importer(2089858483,b0f066a214c2f5e87bad3c948f4d605d)
Start importing Assets/UnityTechnologies/TowerDefenseTemplate/Particles/Prefabs/TowerDeathExplosion.prefab using Guid(7a0476686964e41ac8320b7cf37868c2) Importer(2089858483,b0f066a214c2f5e87bad3c948f4d605d) (ScriptedImporter) -> (artifact id: '7e185cd95e4d09d689e5808fcee61e72') in 0.0317081 seconds
Number of updated asset objects reloaded before import = 0Number of asset objects unloaded after import = 56

========================================================================
Received Import Request.
  Time since last request: 0.000017 seconds.
  path: Assets/UnityTechnologies/TowerDefenseTemplate/Models/Towers/EMP Tower/EMP_Tower_level_2_Shadow.fbx
  artifactKey: Guid(46e42d258343c40dd887fb4b272e1e4d) Importer(2089858483,b0f066a214c2f5e87bad3c948f4d605d)
Start importing Assets/UnityTechnologies/TowerDefenseTemplate/Models/Towers/EMP Tower/EMP_Tower_level_2_Shadow.fbx using Guid(46e42d258343c40dd887fb4b272e1e4d) Importer(2089858483,b0f066a214c2f5e87bad3c948f4d605d) (ScriptedImporter) -> (artifact id: 'ae826dc6ae783041e36ce5c2bdf5e69d') in 0.0142406 seconds
Number of updated asset objects reloaded before import = 0Number of asset objects unloaded after import = 7

========================================================================
Received Import Request.
  Time since last request: 0.000017 seconds.
  path: Assets/UnityTechnologies/TowerDefenseTemplate/PostProcessing/Resources/Bluenoise64/LDR_LLL1_33.png
  artifactKey: Guid(b71bb466b71fd13449dd736f63caeb67) Importer(2089858483,b0f066a214c2f5e87bad3c948f4d605d)
Start importing Assets/UnityTechnologies/TowerDefenseTemplate/PostProcessing/Resources/Bluenoise64/LDR_LLL1_33.png using Guid(b71bb466b71fd13449dd736f63caeb67) Importer(2089858483,b0f066a214c2f5e87bad3c948f4d605d) (ScriptedImporter) -> (artifact id: 'a4eccfaf18e306259ea91d9987ab29f4') in 0.0146967 seconds
Number of updated asset objects reloaded before import = 0Number of asset objects unloaded after import = 1

========================================================================
Received Import Request.
  Time since last request: 0.000030 seconds.
  path: Assets/UnityTechnologies/TowerDefenseTemplate/PostProcessing/Resources/Bluenoise64/LDR_LLL1_41.png
  artifactKey: Guid(cd9006dc442cc244e89b3f492384d46a) Importer(2089858483,b0f066a214c2f5e87bad3c948f4d605d)
Start importing Assets/UnityTechnologies/TowerDefenseTemplate/PostProcessing/Resources/Bluenoise64/LDR_LLL1_41.png using Guid(cd9006dc442cc244e89b3f492384d46a) Importer(2089858483,b0f066a214c2f5e87bad3c948f4d605d) (ScriptedImporter) -> (artifact id: '185801935bc4ef405e5e5cfce16354bc') in 0.0175945 seconds
Number of updated asset objects reloaded before import = 0Number of asset objects unloaded after import = 1

========================================================================
Received Import Request.
  Time since last request: 0.000042 seconds.
  path: Assets/UnityTechnologies/TowerDefenseTemplate/PostProcessing/Editor/Utils/EditorResources.cs
  artifactKey: Guid(a66d7b0165140a1439be89b5afc000fb) Importer(2089858483,b0f066a214c2f5e87bad3c948f4d605d)
Start importing Assets/UnityTechnologies/TowerDefenseTemplate/PostProcessing/Editor/Utils/EditorResources.cs using Guid(a66d7b0165140a1439be89b5afc000fb) Importer(2089858483,b0f066a214c2f5e87bad3c948f4d605d) (ScriptedImporter) -> (artifact id: '9b380b9b26dcf7ff57d86d88b4ac675b') in 0.0113374 seconds
Number of updated asset objects reloaded before import = 0Number of asset objects unloaded after import = 0

========================================================================
Received Import Request.
  Time since last request: 0.000071 seconds.
  path: Assets/UnityTechnologies/TowerDefenseTemplate/Materials/Particles/explosion_Smoke_1.mat
  artifactKey: Guid(538648978bbe842cc86a9bb06f0f1bc7) Importer(2089858483,b0f066a214c2f5e87bad3c948f4d605d)
Start importing Assets/UnityTechnologies/TowerDefenseTemplate/Materials/Particles/explosion_Smoke_1.mat using Guid(538648978bbe842cc86a9bb06f0f1bc7) Importer(2089858483,b0f066a214c2f5e87bad3c948f4d605d) (ScriptedImporter) -> (artifact id: '7ced9bc3e0a358d058b277b72c9d7fb5') in 0.0125818 seconds
Number of updated asset objects reloaded before import = 0Number of asset objects unloaded after import = 2

========================================================================
Received Import Request.
  Time since last request: 0.000017 seconds.
  path: Assets/UnityTechnologies/TowerDefenseTemplate/Particles/Prefabs/BuildPfx.prefab
  artifactKey: Guid(c559c1920b5d04e6d83aa4464fba5c68) Importer(2089858483,b0f066a214c2f5e87bad3c948f4d605d)
Start importing Assets/UnityTechnologies/TowerDefenseTemplate/Particles/Prefabs/BuildPfx.prefab using Guid(c559c1920b5d04e6d83aa4464fba5c68) Importer(2089858483,b0f066a214c2f5e87bad3c948f4d605d) (ScriptedImporter) -> (artifact id: '86f4610abb9b08135e2ffe17a46d5230') in 0.0335451 seconds
Number of updated asset objects reloaded before import = 0Number of asset objects unloaded after import = 10

========================================================================
Received Import Request.
  Time since last request: 0.000027 seconds.
  path: Assets/UnityTechnologies/TowerDefenseTemplate/PostProcessing/Runtime/Components/UserLutComponent.cs
  artifactKey: Guid(63cb071fb8442a14f85c02e6ddba9b72) Importer(2089858483,b0f066a214c2f5e87bad3c948f4d605d)
Start importing Assets/UnityTechnologies/TowerDefenseTemplate/PostProcessing/Runtime/Components/UserLutComponent.cs using Guid(63cb071fb8442a14f85c02e6ddba9b72) Importer(2089858483,b0f066a214c2f5e87bad3c948f4d605d) (ScriptedImporter) -> (artifact id: '035a44f5c67c1d613969571d9800f5b2') in 0.0133638 seconds
Number of updated asset objects reloaded before import = 0Number of asset objects unloaded after import = 0

========================================================================
Received Import Request.
  Time since last request: 0.000050 seconds.
  path: Assets/UnityTechnologies/TowerDefenseTemplate/Prefabs/Towers/EMP/EMP_0.prefab
  artifactKey: Guid(ec315e78452fd456db9e789f88989b97) Importer(2089858483,b0f066a214c2f5e87bad3c948f4d605d)
Start importing Assets/UnityTechnologies/TowerDefenseTemplate/Prefabs/Towers/EMP/EMP_0.prefab using Guid(ec315e78452fd456db9e789f88989b97) Importer(2089858483,b0f066a214c2f5e87bad3c948f4d605d) (ScriptedImporter) -> (artifact id: '2dc2fd3f5e4d42a5632fad9374ef0c6e') in 0.0140627 seconds
Number of updated asset objects reloaded before import = 0Number of asset objects unloaded after import = 25

========================================================================
Received Import Request.
  Time since last request: 0.000016 seconds.
  path: Assets/UnityTechnologies/TowerDefenseTemplate/PostProcessing/Runtime/Models/ScreenSpaceReflectionModel.cs
  artifactKey: Guid(e841012229e57cd408a146561435e90d) Importer(2089858483,b0f066a214c2f5e87bad3c948f4d605d)
Start importing Assets/UnityTechnologies/TowerDefenseTemplate/PostProcessing/Runtime/Models/ScreenSpaceReflectionModel.cs using Guid(e841012229e57cd408a146561435e90d) Importer(2089858483,b0f066a214c2f5e87bad3c948f4d605d) (ScriptedImporter) -> (artifact id: 'f1b8766b6882719b446c6527facb454c') in 0.0121856 seconds
Number of updated asset objects reloaded before import = 0Number of asset objects unloaded after import = 0

========================================================================
Received Import Request.
  Time since last request: 0.000070 seconds.
  path: Assets/UnityTechnologies/TowerDefenseTemplate/Scenes/Levels/Level1_Prototype/Prototype.unity
  artifactKey: Guid(7bc42fcc9882e4d6481d296b96346475) Importer(2089858483,b0f066a214c2f5e87bad3c948f4d605d)
Start importing Assets/UnityTechnologies/TowerDefenseTemplate/Scenes/Levels/Level1_Prototype/Prototype.unity using Guid(7bc42fcc9882e4d6481d296b96346475) Importer(2089858483,b0f066a214c2f5e87bad3c948f4d605d) (ScriptedImporter) -> (artifact id: 'fe7b8fafc9e815305d79ea80b10b9c9d') in 0.0321201 seconds
Number of updated asset objects reloaded before import = 0Number of asset objects unloaded after import = 1

========================================================================
Received Import Request.
  Time since last request: 0.000031 seconds.
  path: Assets/UnityTechnologies/TowerDefenseTemplate/Prefabs/Towers/MachineGun/MachineGunTower_2.prefab
  artifactKey: Guid(4c8e6569a85a64ba4b2c7687a7fa0a04) Importer(2089858483,b0f066a214c2f5e87bad3c948f4d605d)
Start importing Assets/UnityTechnologies/TowerDefenseTemplate/Prefabs/Towers/MachineGun/MachineGunTower_2.prefab using Guid(4c8e6569a85a64ba4b2c7687a7fa0a04) Importer(2089858483,b0f066a214c2f5e87bad3c948f4d605d) (ScriptedImporter) -> (artifact id: '0a307f0048791a78e569e04c2ad44f1c') in 0.0239011 seconds
Number of updated asset objects reloaded before import = 0Number of asset objects unloaded after import = 76

========================================================================
Received Import Request.
  Time since last request: 0.000023 seconds.
  path: Assets/UnityTechnologies/TowerDefenseTemplate/PostProcessing/Textures/Lens Dirt/LensDirt02.png
  artifactKey: Guid(a2960ffde020f27409e070d92fb2e00b) Importer(2089858483,b0f066a214c2f5e87bad3c948f4d605d)
Start importing Assets/UnityTechnologies/TowerDefenseTemplate/PostProcessing/Textures/Lens Dirt/LensDirt02.png using Guid(a2960ffde020f27409e070d92fb2e00b) Importer(2089858483,b0f066a214c2f5e87bad3c948f4d605d) (ScriptedImporter) -> (artifact id: '4ecc7425d17e1c5396e67952abe545d3') in 0.0139561 seconds
Number of updated asset objects reloaded before import = 0Number of asset objects unloaded after import = 1

========================================================================
Received Import Request.
  Time since last request: 0.000089 seconds.
  path: Assets/UnityTechnologies/TowerDefenseTemplate/Prefabs/UI/HUD/TowerPlaceConfirmationUI.prefab
  artifactKey: Guid(2eae42b6767cf447fa8afb98ead633dd) Importer(2089858483,b0f066a214c2f5e87bad3c948f4d605d)
Start importing Assets/UnityTechnologies/TowerDefenseTemplate/Prefabs/UI/HUD/TowerPlaceConfirmationUI.prefab using Guid(2eae42b6767cf447fa8afb98ead633dd) Importer(2089858483,b0f066a214c2f5e87bad3c948f4d605d) (ScriptedImporter) -> (artifact id: '3080e00c95b14e19244f60191df20bf5') in 0.0136793 seconds
Number of updated asset objects reloaded before import = 0Number of asset objects unloaded after import = 32

========================================================================
Received Import Request.
  Time since last request: 0.000022 seconds.
  path: Assets/UnityTechnologies/TowerDefenseTemplate/Prefabs/Towers/Supertower/SuperTower_0.prefab
  artifactKey: Guid(06f0112fbf82244059dd2f2738a29a93) Importer(2089858483,b0f066a214c2f5e87bad3c948f4d605d)
Start importing Assets/UnityTechnologies/TowerDefenseTemplate/Prefabs/Towers/Supertower/SuperTower_0.prefab using Guid(06f0112fbf82244059dd2f2738a29a93) Importer(2089858483,b0f066a214c2f5e87bad3c948f4d605d) (ScriptedImporter) -> (artifact id: 'c3d05fc217fd5210ad73552b5f29b399') in 0.0124861 seconds
Number of updated asset objects reloaded before import = 0Number of asset objects unloaded after import = 45

========================================================================
Received Import Request.
  Time since last request: 0.000016 seconds.
  path: Assets/UnityTechnologies/TowerDefenseTemplate/PostProcessing/Runtime/Utils/MaterialFactory.cs
  artifactKey: Guid(594fad000c373f746864717c588e1815) Importer(2089858483,b0f066a214c2f5e87bad3c948f4d605d)
Start importing Assets/UnityTechnologies/TowerDefenseTemplate/PostProcessing/Runtime/Utils/MaterialFactory.cs using Guid(594fad000c373f746864717c588e1815) Importer(2089858483,b0f066a214c2f5e87bad3c948f4d605d) (ScriptedImporter) -> (artifact id: '1597c2bae05ce6d63112aaba4e11b02c') in 0.0098131 seconds
Number of updated asset objects reloaded before import = 0Number of asset objects unloaded after import = 0

========================================================================
Received Import Request.
  Time since last request: 0.000050 seconds.
  path: Assets/UnityTechnologies/TowerDefenseTemplate/PostProcessing/Runtime/Models/FogModel.cs
  artifactKey: Guid(1e20e66aa2deb7943993c444137d9acd) Importer(2089858483,b0f066a214c2f5e87bad3c948f4d605d)
Start importing Assets/UnityTechnologies/TowerDefenseTemplate/PostProcessing/Runtime/Models/FogModel.cs using Guid(1e20e66aa2deb7943993c444137d9acd) Importer(2089858483,b0f066a214c2f5e87bad3c948f4d605d) (ScriptedImporter) -> (artifact id: 'd0922c10f8354e300e73c28f8ff3b1f3') in 0.0101344 seconds
Number of updated asset objects reloaded before import = 0Number of asset objects unloaded after import = 0

========================================================================
Received Import Request.
  Time since last request: 0.000019 seconds.
  path: Assets/UnityTechnologies/TowerDefenseTemplate/PostProcessing/Utilities/CustomMotionTexture/ExampleScene.unity
  artifactKey: Guid(ed3a9f41209f84f6db99e07013da9628) Importer(2089858483,b0f066a214c2f5e87bad3c948f4d605d)
Start importing Assets/UnityTechnologies/TowerDefenseTemplate/PostProcessing/Utilities/CustomMotionTexture/ExampleScene.unity using Guid(ed3a9f41209f84f6db99e07013da9628) Importer(2089858483,b0f066a214c2f5e87bad3c948f4d605d) (ScriptedImporter) -> (artifact id: 'f11301016fd4c783d2d32c2e2c4ebdc7') in 0.0105252 seconds
Number of updated asset objects reloaded before import = 0Number of asset objects unloaded after import = 1

========================================================================
Received Import Request.
  Time since last request: 0.000046 seconds.
  path: Assets/UnityTechnologies/TowerDefenseTemplate/PostProcessing/Utilities/CustomMotionTexture/CustomMotionVectorDebugProfile.asset
  artifactKey: Guid(d982e879ff67b4d3fb6522d08c3cd5af) Importer(2089858483,b0f066a214c2f5e87bad3c948f4d605d)
Start importing Assets/UnityTechnologies/TowerDefenseTemplate/PostProcessing/Utilities/CustomMotionTexture/CustomMotionVectorDebugProfile.asset using Guid(d982e879ff67b4d3fb6522d08c3cd5af) Importer(2089858483,b0f066a214c2f5e87bad3c948f4d605d) (ScriptedImporter) -> (artifact id: '08b1e53e89e7477425b4d8a95afc187b') in 0.0129789 seconds
Number of updated asset objects reloaded before import = 0Number of asset objects unloaded after import = 1

========================================================================
Received Import Request.
  Time since last request: 0.000021 seconds.
  path: Assets/UnityTechnologies/TowerDefenseTemplate/Prefabs/Towers/MachineGun/MachineGunTower_0.prefab
  artifactKey: Guid(639c49a7820a549c5822f7b768abc5ac) Importer(2089858483,b0f066a214c2f5e87bad3c948f4d605d)
Start importing Assets/UnityTechnologies/TowerDefenseTemplate/Prefabs/Towers/MachineGun/MachineGunTower_0.prefab using Guid(639c49a7820a549c5822f7b768abc5ac) Importer(2089858483,b0f066a214c2f5e87bad3c948f4d605d) (ScriptedImporter) -> (artifact id: 'c1f7b2749a1a14f2620212791d5b4cea') in 0.018952 seconds
Number of updated asset objects reloaded before import = 0Number of asset objects unloaded after import = 74

========================================================================
Received Import Request.
  Time since last request: 0.000024 seconds.
  path: Assets/UnityTechnologies/TowerDefenseTemplate/PostProcessing/Runtime/Utils/GraphicsUtils.cs
  artifactKey: Guid(f40f0a1acf6ce2f419f2b71c667e8973) Importer(2089858483,b0f066a214c2f5e87bad3c948f4d605d)
Start importing Assets/UnityTechnologies/TowerDefenseTemplate/PostProcessing/Runtime/Utils/GraphicsUtils.cs using Guid(f40f0a1acf6ce2f419f2b71c667e8973) Importer(2089858483,b0f066a214c2f5e87bad3c948f4d605d) (ScriptedImporter) -> (artifact id: '0809748d4190e2568b4ea87f734bf61b') in 0.0111698 seconds
Number of updated asset objects reloaded before import = 0Number of asset objects unloaded after import = 0

========================================================================
Received Import Request.
  Time since last request: 0.000079 seconds.
  path: Assets/UnityTechnologies/TowerDefenseTemplate/Prefabs/Towers/Rocket/RocketGhost.prefab
  artifactKey: Guid(a97cb849a741c434a91e947709d0fb71) Importer(2089858483,b0f066a214c2f5e87bad3c948f4d605d)
Start importing Assets/UnityTechnologies/TowerDefenseTemplate/Prefabs/Towers/Rocket/RocketGhost.prefab using Guid(a97cb849a741c434a91e947709d0fb71) Importer(2089858483,b0f066a214c2f5e87bad3c948f4d605d) (ScriptedImporter) -> (artifact id: '9b4ebf328a99b63ff24b23d4c55da4a3') in 0.0131424 seconds
Number of updated asset objects reloaded before import = 0Number of asset objects unloaded after import = 17

========================================================================
Received Import Request.
  Time since last request: 0.000021 seconds.
  path: Assets/UnityTechnologies/TowerDefenseTemplate/Scripts/ActionGameFramework/Health/Damager.cs
  artifactKey: Guid(fedeb0b3c5e104ea19d0d4599d22ab97) Importer(2089858483,b0f066a214c2f5e87bad3c948f4d605d)
Start importing Assets/UnityTechnologies/TowerDefenseTemplate/Scripts/ActionGameFramework/Health/Damager.cs using Guid(fedeb0b3c5e104ea19d0d4599d22ab97) Importer(2089858483,b0f066a214c2f5e87bad3c948f4d605d) (ScriptedImporter) -> (artifact id: 'aaf96d7e6d4b1e6b23d87bdcff36ef4a') in 0.0117103 seconds
Number of updated asset objects reloaded before import = 0Number of asset objects unloaded after import = 0

========================================================================
Received Import Request.
  Time since last request: 0.000099 seconds.
  path: Assets/UnityTechnologies/TowerDefenseTemplate/PostProcessing/Textures/LUTs/NeutralLUT_32.png
  artifactKey: Guid(4f98e9c96c8a48541b5eb704e92d99b8) Importer(2089858483,b0f066a214c2f5e87bad3c948f4d605d)
Start importing Assets/UnityTechnologies/TowerDefenseTemplate/PostProcessing/Textures/LUTs/NeutralLUT_32.png using Guid(4f98e9c96c8a48541b5eb704e92d99b8) Importer(2089858483,b0f066a214c2f5e87bad3c948f4d605d) (ScriptedImporter) -> (artifact id: 'f9c0221dd780926324a3bd7bd0aef4b4') in 0.01464 seconds
Number of updated asset objects reloaded before import = 0Number of asset objects unloaded after import = 1

========================================================================
Received Import Request.
  Time since last request: 0.000030 seconds.
  path: Assets/UnityTechnologies/TowerDefenseTemplate/PostProcessing/Textures/Spectral LUTs/SpectralLut_RedBlue.tga
  artifactKey: Guid(ff5f3317371838d4fa16ac6c2acf2040) Importer(2089858483,b0f066a214c2f5e87bad3c948f4d605d)
Start importing Assets/UnityTechnologies/TowerDefenseTemplate/PostProcessing/Textures/Spectral LUTs/SpectralLut_RedBlue.tga using Guid(ff5f3317371838d4fa16ac6c2acf2040) Importer(2089858483,b0f066a214c2f5e87bad3c948f4d605d) (ScriptedImporter) -> (artifact id: 'bcbb2158fb922278e83a16e94f6ff350') in 0.0136707 seconds
Number of updated asset objects reloaded before import = 0Number of asset objects unloaded after import = 1

========================================================================
Received Import Request.
  Time since last request: 0.000036 seconds.
  path: Assets/UnityTechnologies/TowerDefenseTemplate/Scripts/ActionGameFramework/Audio/HealthChangeSoundSelector.cs
  artifactKey: Guid(a5ec12e3495214186b313c8d82aca45c) Importer(2089858483,b0f066a214c2f5e87bad3c948f4d605d)
Start importing Assets/UnityTechnologies/TowerDefenseTemplate/Scripts/ActionGameFramework/Audio/HealthChangeSoundSelector.cs using Guid(a5ec12e3495214186b313c8d82aca45c) Importer(2089858483,b0f066a214c2f5e87bad3c948f4d605d) (ScriptedImporter) -> (artifact id: 'b5fb8236b354fe7e1b156923df2124a6') in 0.011912 seconds
Number of updated asset objects reloaded before import = 0Number of asset objects unloaded after import = 0

========================================================================
Received Import Request.
  Time since last request: 0.000036 seconds.
  path: Assets/UnityTechnologies/TowerDefenseTemplate/Prefabs/Towers/MachineGun/MachineGunProjectile_2.prefab
  artifactKey: Guid(9a969581f91304a83a4e17feada0ea86) Importer(2089858483,b0f066a214c2f5e87bad3c948f4d605d)
Start importing Assets/UnityTechnologies/TowerDefenseTemplate/Prefabs/Towers/MachineGun/MachineGunProjectile_2.prefab using Guid(9a969581f91304a83a4e17feada0ea86) Importer(2089858483,b0f066a214c2f5e87bad3c948f4d605d) (ScriptedImporter) -> (artifact id: '1488b7509e0bef702c635514ca45683f') in 0.0103817 seconds
Number of updated asset objects reloaded before import = 0Number of asset objects unloaded after import = 7

========================================================================
Received Import Request.
  Time since last request: 0.000015 seconds.
  path: Assets/UnityTechnologies/TowerDefenseTemplate/Prefabs/Towers/EMP/EMP_1.prefab
  artifactKey: Guid(c9e418a92827544b2a387ff2938291ec) Importer(2089858483,b0f066a214c2f5e87bad3c948f4d605d)
Start importing Assets/UnityTechnologies/TowerDefenseTemplate/Prefabs/Towers/EMP/EMP_1.prefab using Guid(c9e418a92827544b2a387ff2938291ec) Importer(2089858483,b0f066a214c2f5e87bad3c948f4d605d) (ScriptedImporter) -> (artifact id: 'ccf7266f312c4c60208f782f92be7276') in 0.0115569 seconds
Number of updated asset objects reloaded before import = 0Number of asset objects unloaded after import = 25

========================================================================
Received Import Request.
  Time since last request: 0.000017 seconds.
  path: Assets/UnityTechnologies/TowerDefenseTemplate/Prefabs/UI/HUD/TowerPlaceInvalid.prefab
  artifactKey: Guid(c94607a99a082461d80493e632de2280) Importer(2089858483,b0f066a214c2f5e87bad3c948f4d605d)
Start importing Assets/UnityTechnologies/TowerDefenseTemplate/Prefabs/UI/HUD/TowerPlaceInvalid.prefab using Guid(c94607a99a082461d80493e632de2280) Importer(2089858483,b0f066a214c2f5e87bad3c948f4d605d) (ScriptedImporter) -> (artifact id: '79e0ebf01a6d1030b596a2d6795d2ba8') in 0.0143706 seconds
Number of updated asset objects reloaded before import = 0Number of asset objects unloaded after import = 22

========================================================================
Received Import Request.
  Time since last request: 0.000020 seconds.
  path: Assets/UnityTechnologies/TowerDefenseTemplate/PostProcessing/Textures/Spectral LUTs/SpectralLut_PurpleGreen.tga
  artifactKey: Guid(42183971d24cfe443a346e7ec6e83bbb) Importer(2089858483,b0f066a214c2f5e87bad3c948f4d605d)
Start importing Assets/UnityTechnologies/TowerDefenseTemplate/PostProcessing/Textures/Spectral LUTs/SpectralLut_PurpleGreen.tga using Guid(42183971d24cfe443a346e7ec6e83bbb) Importer(2089858483,b0f066a214c2f5e87bad3c948f4d605d) (ScriptedImporter) -> (artifact id: '75cabe254f4a7bd1bf442f32cc7f7ca8') in 0.0144715 seconds
Number of updated asset objects reloaded before import = 0Number of asset objects unloaded after import = 1

========================================================================
Received Import Request.
  Time since last request: 0.000022 seconds.
  path: Assets/UnityTechnologies/TowerDefenseTemplate/Prefabs/Towers/Pylon/EnergyPylon_0.prefab
  artifactKey: Guid(ae2c948b2373c4a01bf645a32b1ed505) Importer(2089858483,b0f066a214c2f5e87bad3c948f4d605d)
Start importing Assets/UnityTechnologies/TowerDefenseTemplate/Prefabs/Towers/Pylon/EnergyPylon_0.prefab using Guid(ae2c948b2373c4a01bf645a32b1ed505) Importer(2089858483,b0f066a214c2f5e87bad3c948f4d605d) (ScriptedImporter) -> (artifact id: '226630565ab87befdeea8265f15a4767') in 0.015224 seconds
Number of updated asset objects reloaded before import = 0Number of asset objects unloaded after import = 29

========================================================================
Received Import Request.
  Time since last request: 0.000013 seconds.
  path: Assets/UnityTechnologies/TowerDefenseTemplate/Prefabs/Towers/Laser/LaserProjectile_0.prefab
  artifactKey: Guid(72e1e24ef8fb946919c36d00b92365eb) Importer(2089858483,b0f066a214c2f5e87bad3c948f4d605d)
Start importing Assets/UnityTechnologies/TowerDefenseTemplate/Prefabs/Towers/Laser/LaserProjectile_0.prefab using Guid(72e1e24ef8fb946919c36d00b92365eb) Importer(2089858483,b0f066a214c2f5e87bad3c948f4d605d) (ScriptedImporter) -> (artifact id: 'bd3f05b6a52656cfb937e1cfa7c1b791') in 0.0109667 seconds
Number of updated asset objects reloaded before import = 0Number of asset objects unloaded after import = 7

========================================================================
Received Import Request.
  Time since last request: 0.000024 seconds.
  path: Assets/UnityTechnologies/TowerDefenseTemplate/Prefabs/Towers/MachineGun/MachineGunProjectile_1.prefab
  artifactKey: Guid(d4adf9c8934b64b29944074ece71bf10) Importer(2089858483,b0f066a214c2f5e87bad3c948f4d605d)
Start importing Assets/UnityTechnologies/TowerDefenseTemplate/Prefabs/Towers/MachineGun/MachineGunProjectile_1.prefab using Guid(d4adf9c8934b64b29944074ece71bf10) Importer(2089858483,b0f066a214c2f5e87bad3c948f4d605d) (ScriptedImporter) -> (artifact id: '4954a2b4ed078bb79014d7f26cc75e40') in 0.014518 seconds
Number of updated asset objects reloaded before import = 0Number of asset objects unloaded after import = 7

========================================================================
Received Import Request.
  Time since last request: 0.000025 seconds.
  path: Assets/UnityTechnologies/TowerDefenseTemplate/Prefabs/UI/HUD/PlayerBaseLife.prefab
  artifactKey: Guid(80da3f8dc23874ebc825599fe17540e7) Importer(2089858483,b0f066a214c2f5e87bad3c948f4d605d)
Start importing Assets/UnityTechnologies/TowerDefenseTemplate/Prefabs/UI/HUD/PlayerBaseLife.prefab using Guid(80da3f8dc23874ebc825599fe17540e7) Importer(2089858483,b0f066a214c2f5e87bad3c948f4d605d) (ScriptedImporter) -> (artifact id: '490335955970a0ceb9404ef29a11ddcc') in 0.0167474 seconds
Number of updated asset objects reloaded before import = 0Number of asset objects unloaded after import = 31

========================================================================
Received Import Request.
  Time since last request: 0.000016 seconds.
  path: Assets/UnityTechnologies/TowerDefenseTemplate/Prefabs/Towers/Laser/LaserTower_2.prefab
  artifactKey: Guid(44a5e9d3e0fb149659199dc573e7b5a4) Importer(2089858483,b0f066a214c2f5e87bad3c948f4d605d)
Start importing Assets/UnityTechnologies/TowerDefenseTemplate/Prefabs/Towers/Laser/LaserTower_2.prefab using Guid(44a5e9d3e0fb149659199dc573e7b5a4) Importer(2089858483,b0f066a214c2f5e87bad3c948f4d605d) (ScriptedImporter) -> (artifact id: '82265af841e44f15053119fd3806685e') in 0.022641 seconds
Number of updated asset objects reloaded before import = 0Number of asset objects unloaded after import = 70

========================================================================
Received Import Request.
  Time since last request: 0.000018 seconds.
  path: Assets/UnityTechnologies/TowerDefenseTemplate/PostProcessing/Textures/Spectral LUTs/SpectralLut_BlueRed.tga
  artifactKey: Guid(318cbcd94840f1d48aca4d86234dc2e7) Importer(2089858483,b0f066a214c2f5e87bad3c948f4d605d)
Start importing Assets/UnityTechnologies/TowerDefenseTemplate/PostProcessing/Textures/Spectral LUTs/SpectralLut_BlueRed.tga using Guid(318cbcd94840f1d48aca4d86234dc2e7) Importer(2089858483,b0f066a214c2f5e87bad3c948f4d605d) (ScriptedImporter) -> (artifact id: '4dc168cad48a59d170513b30b83c95ef') in 0.0168758 seconds
Number of updated asset objects reloaded before import = 0Number of asset objects unloaded after import = 1

========================================================================
Received Import Request.
  Time since last request: 0.000109 seconds.
  path: Assets/UnityTechnologies/TowerDefenseTemplate/Prefabs/Towers/Supertower/SuperTowerProjectile_0.prefab
  artifactKey: Guid(81918ce99085f4a88b647234fc0f40f1) Importer(2089858483,b0f066a214c2f5e87bad3c948f4d605d)
Start importing Assets/UnityTechnologies/TowerDefenseTemplate/Prefabs/Towers/Supertower/SuperTowerProjectile_0.prefab using Guid(81918ce99085f4a88b647234fc0f40f1) Importer(2089858483,b0f066a214c2f5e87bad3c948f4d605d) (ScriptedImporter) -> (artifact id: '11fa9f0103798801918a33d26e5ce5c6') in 0.0134373 seconds
Number of updated asset objects reloaded before import = 0Number of asset objects unloaded after import = 20

========================================================================
Received Import Request.
  Time since last request: 0.000015 seconds.
  path: Assets/UnityTechnologies/TowerDefenseTemplate/Prefabs/Towers/Laser/LaserProjectile_2.prefab
  artifactKey: Guid(ddccf3367b3504f2599443e994c1464a) Importer(2089858483,b0f066a214c2f5e87bad3c948f4d605d)
Start importing Assets/UnityTechnologies/TowerDefenseTemplate/Prefabs/Towers/Laser/LaserProjectile_2.prefab using Guid(ddccf3367b3504f2599443e994c1464a) Importer(2089858483,b0f066a214c2f5e87bad3c948f4d605d) (ScriptedImporter) -> (artifact id: '11f0d580093673ff89e184b9f19b20cb') in 0.0116223 seconds
Number of updated asset objects reloaded before import = 0Number of asset objects unloaded after import = 7

========================================================================
Received Import Request.
  Time since last request: 0.000016 seconds.
  path: Assets/UnityTechnologies/TowerDefenseTemplate/PostProcessing/Editor Resources/Monitors/ParadeRender.shader
  artifactKey: Guid(5ae1bfc1dd20ac04e8b74aa0f2f12eea) Importer(2089858483,b0f066a214c2f5e87bad3c948f4d605d)
Start importing Assets/UnityTechnologies/TowerDefenseTemplate/PostProcessing/Editor Resources/Monitors/ParadeRender.shader using Guid(5ae1bfc1dd20ac04e8b74aa0f2f12eea) Importer(2089858483,b0f066a214c2f5e87bad3c948f4d605d) (ScriptedImporter) -> (artifact id: '94738aeecfdd2429e7ec308abcb2e7c9') in 0.0125656 seconds
Number of updated asset objects reloaded before import = 0Number of asset objects unloaded after import = 1

========================================================================
Received Import Request.
  Time since last request: 0.000041 seconds.
  path: Assets/UnityTechnologies/TowerDefenseTemplate/Materials/UI/PlacementAreaMobileFillled.mat
  artifactKey: Guid(b4e5a88efb50046ce888a30e73866d58) Importer(2089858483,b0f066a214c2f5e87bad3c948f4d605d)
Start importing Assets/UnityTechnologies/TowerDefenseTemplate/Materials/UI/PlacementAreaMobileFillled.mat using Guid(b4e5a88efb50046ce888a30e73866d58) Importer(2089858483,b0f066a214c2f5e87bad3c948f4d605d) (ScriptedImporter) -> (artifact id: '5ec5d70678a6f6e16f1b6f48d4279623') in 0.0135872 seconds
Number of updated asset objects reloaded before import = 0Number of asset objects unloaded after import = 2

========================================================================
Received Import Request.
  Time since last request: 0.000016 seconds.
  path: Assets/UnityTechnologies/TowerDefenseTemplate/Scripts/Core/Health/IAlignmentProvider.cs
  artifactKey: Guid(a962fc8f8ccd4a7d917f7c9b3735f447) Importer(2089858483,b0f066a214c2f5e87bad3c948f4d605d)
Start importing Assets/UnityTechnologies/TowerDefenseTemplate/Scripts/Core/Health/IAlignmentProvider.cs using Guid(a962fc8f8ccd4a7d917f7c9b3735f447) Importer(2089858483,b0f066a214c2f5e87bad3c948f4d605d) (ScriptedImporter) -> (artifact id: '0d0a3b18f5cb9dc841384ebac0e2f096') in 0.0118671 seconds
Number of updated asset objects reloaded before import = 0Number of asset objects unloaded after import = 0

========================================================================
Received Import Request.
  Time since last request: 0.000030 seconds.
  path: Assets/UnityTechnologies/TowerDefenseTemplate/PostProcessing/Runtime/Utils/RenderTextureFactory.cs
  artifactKey: Guid(aec5694806c4d75449e231cfae69c329) Importer(2089858483,b0f066a214c2f5e87bad3c948f4d605d)
Start importing Assets/UnityTechnologies/TowerDefenseTemplate/PostProcessing/Runtime/Utils/RenderTextureFactory.cs using Guid(aec5694806c4d75449e231cfae69c329) Importer(2089858483,b0f066a214c2f5e87bad3c948f4d605d) (ScriptedImporter) -> (artifact id: 'c79d8753b1bf175164f79fe9598ffbd9') in 0.0107029 seconds
Number of updated asset objects reloaded before import = 0Number of asset objects unloaded after import = 0

========================================================================
Received Import Request.
  Time since last request: 0.000021 seconds.
  path: Assets/UnityTechnologies/TowerDefenseTemplate/Scripts/Core/Utilities/TimedBehaviour.cs
  artifactKey: Guid(0ab41790de51247f5a784709775ee201) Importer(2089858483,b0f066a214c2f5e87bad3c948f4d605d)
Start importing Assets/UnityTechnologies/TowerDefenseTemplate/Scripts/Core/Utilities/TimedBehaviour.cs using Guid(0ab41790de51247f5a784709775ee201) Importer(2089858483,b0f066a214c2f5e87bad3c948f4d605d) (ScriptedImporter) -> (artifact id: '37757134faae07bd3e114707fca89efb') in 0.0115941 seconds
Number of updated asset objects reloaded before import = 0Number of asset objects unloaded after import = 0

========================================================================
Received Import Request.
  Time since last request: 0.000015 seconds.
  path: Assets/UnityTechnologies/TowerDefenseTemplate/Scripts/Core/Effects/PoolableEffect.cs
  artifactKey: Guid(c761263c94b743e1b1027bb706ab9af5) Importer(2089858483,b0f066a214c2f5e87bad3c948f4d605d)
Start importing Assets/UnityTechnologies/TowerDefenseTemplate/Scripts/Core/Effects/PoolableEffect.cs using Guid(c761263c94b743e1b1027bb706ab9af5) Importer(2089858483,b0f066a214c2f5e87bad3c948f4d605d) (ScriptedImporter) -> (artifact id: '86e252cbd19d1b7fc62b3ceb5f374705') in 0.0100662 seconds
Number of updated asset objects reloaded before import = 0Number of asset objects unloaded after import = 0

========================================================================
Received Import Request.
  Time since last request: 0.000051 seconds.
  path: Assets/UnityTechnologies/TowerDefenseTemplate/Scripts/Core/Health/DeathEffect.cs
  artifactKey: Guid(abee75620e9f84f14a9452041dd7a6da) Importer(2089858483,b0f066a214c2f5e87bad3c948f4d605d)
Start importing Assets/UnityTechnologies/TowerDefenseTemplate/Scripts/Core/Health/DeathEffect.cs using Guid(abee75620e9f84f14a9452041dd7a6da) Importer(2089858483,b0f066a214c2f5e87bad3c948f4d605d) (ScriptedImporter) -> (artifact id: '5471e981a034891e58f1cd67a4ec8381') in 0.0108637 seconds
Number of updated asset objects reloaded before import = 0Number of asset objects unloaded after import = 0

========================================================================
Received Import Request.
  Time since last request: 0.000057 seconds.
  path: Assets/UnityTechnologies/TowerDefenseTemplate/Scripts/ActionGameFramework/Projectiles/WobblingHomingProjectile.cs
  artifactKey: Guid(1614fe95a3e24059b1657fde1d84573c) Importer(2089858483,b0f066a214c2f5e87bad3c948f4d605d)
Start importing Assets/UnityTechnologies/TowerDefenseTemplate/Scripts/ActionGameFramework/Projectiles/WobblingHomingProjectile.cs using Guid(1614fe95a3e24059b1657fde1d84573c) Importer(2089858483,b0f066a214c2f5e87bad3c948f4d605d) (ScriptedImporter) -> (artifact id: '8d708eace331d2a2dcffbb676f4595bd') in 0.0102224 seconds
Number of updated asset objects reloaded before import = 0Number of asset objects unloaded after import = 0

========================================================================
Received Import Request.
  Time since last request: 0.000013 seconds.
  path: Assets/UnityTechnologies/TowerDefenseTemplate/Scripts/TowerDefense/Level/LevelManager.cs
  artifactKey: Guid(2606dbebfdb6b46c589727f8cd7021ef) Importer(2089858483,b0f066a214c2f5e87bad3c948f4d605d)
Start importing Assets/UnityTechnologies/TowerDefenseTemplate/Scripts/TowerDefense/Level/LevelManager.cs using Guid(2606dbebfdb6b46c589727f8cd7021ef) Importer(2089858483,b0f066a214c2f5e87bad3c948f4d605d) (ScriptedImporter) -> (artifact id: '85d32aa38952b211acd0cdd0cf816992') in 0.010526 seconds
Number of updated asset objects reloaded before import = 0Number of asset objects unloaded after import = 0

========================================================================
Received Import Request.
  Time since last request: 0.000066 seconds.
  path: Assets/UnityTechnologies/TowerDefenseTemplate/Scripts/Core/Utilities/HexPoint.cs
  artifactKey: Guid(a620e61fa6a0493cad482b6d7ff8f274) Importer(2089858483,b0f066a214c2f5e87bad3c948f4d605d)
Start importing Assets/UnityTechnologies/TowerDefenseTemplate/Scripts/Core/Utilities/HexPoint.cs using Guid(a620e61fa6a0493cad482b6d7ff8f274) Importer(2089858483,b0f066a214c2f5e87bad3c948f4d605d) (ScriptedImporter) -> (artifact id: '272ac5da44c45f20407f1167f7c6310e') in 0.009974 seconds
Number of updated asset objects reloaded before import = 0Number of asset objects unloaded after import = 0

========================================================================
Received Import Request.
  Time since last request: 0.000017 seconds.
  path: Assets/UnityTechnologies/TowerDefenseTemplate/Scripts/Core/Input/PointerActionInfo.cs
  artifactKey: Guid(e53abf9752684905a3a0d81c8b0a0a4f) Importer(2089858483,b0f066a214c2f5e87bad3c948f4d605d)
Start importing Assets/UnityTechnologies/TowerDefenseTemplate/Scripts/Core/Input/PointerActionInfo.cs using Guid(e53abf9752684905a3a0d81c8b0a0a4f) Importer(2089858483,b0f066a214c2f5e87bad3c948f4d605d) (ScriptedImporter) -> (artifact id: 'a66ea6f2801f94e8fb6f2c3306e0c57a') in 0.0107462 seconds
Number of updated asset objects reloaded before import = 0Number of asset objects unloaded after import = 0

========================================================================
Received Import Request.
  Time since last request: 0.000056 seconds.
  path: Assets/UnityTechnologies/TowerDefenseTemplate/Scripts/TowerDefense/Agents/AgentSlower.cs
  artifactKey: Guid(9d537e04c29c4370b84693bfcaf3f66b) Importer(2089858483,b0f066a214c2f5e87bad3c948f4d605d)
Start importing Assets/UnityTechnologies/TowerDefenseTemplate/Scripts/TowerDefense/Agents/AgentSlower.cs using Guid(9d537e04c29c4370b84693bfcaf3f66b) Importer(2089858483,b0f066a214c2f5e87bad3c948f4d605d) (ScriptedImporter) -> (artifact id: 'e7d81e63cbbf27efd3e987b9f71b64f6') in 0.0122477 seconds
Number of updated asset objects reloaded before import = 0Number of asset objects unloaded after import = 0

========================================================================
Received Import Request.
  Time since last request: 0.000062 seconds.
  path: Assets/UnityTechnologies/TowerDefenseTemplate/Scripts/Core/Data/FileSaver.cs
  artifactKey: Guid(b54aeb3e7d6aa4c3ea9126767133d276) Importer(2089858483,b0f066a214c2f5e87bad3c948f4d605d)
Start importing Assets/UnityTechnologies/TowerDefenseTemplate/Scripts/Core/Data/FileSaver.cs using Guid(b54aeb3e7d6aa4c3ea9126767133d276) Importer(2089858483,b0f066a214c2f5e87bad3c948f4d605d) (ScriptedImporter) -> (artifact id: '1aaa18232199236ac54d2e647a3567e2') in 0.0101922 seconds
Number of updated asset objects reloaded before import = 0Number of asset objects unloaded after import = 0

========================================================================
Received Import Request.
  Time since last request: 0.000101 seconds.
  path: Assets/UnityTechnologies/TowerDefenseTemplate/Scripts/TowerDefense/Cameras/PostProcessorConfigurationSelector.cs
  artifactKey: Guid(472ad35a535c40fcbe21e6ab8e0e9d5c) Importer(2089858483,b0f066a214c2f5e87bad3c948f4d605d)
Start importing Assets/UnityTechnologies/TowerDefenseTemplate/Scripts/TowerDefense/Cameras/PostProcessorConfigurationSelector.cs using Guid(472ad35a535c40fcbe21e6ab8e0e9d5c) Importer(2089858483,b0f066a214c2f5e87bad3c948f4d605d) (ScriptedImporter) -> (artifact id: '0f8b9f2cabe76eb94355b57e4550e376') in 0.0097128 seconds
Number of updated asset objects reloaded before import = 0Number of asset objects unloaded after import = 0

========================================================================
Received Import Request.
  Time since last request: 0.000069 seconds.
  path: Assets/UnityTechnologies/TowerDefenseTemplate/Scripts/Core/Extensions/IListExtensions.cs
  artifactKey: Guid(20ce3ba0df1fa403fb9d50b8a754a617) Importer(2089858483,b0f066a214c2f5e87bad3c948f4d605d)
Start importing Assets/UnityTechnologies/TowerDefenseTemplate/Scripts/Core/Extensions/IListExtensions.cs using Guid(20ce3ba0df1fa403fb9d50b8a754a617) Importer(2089858483,b0f066a214c2f5e87bad3c948f4d605d) (ScriptedImporter) -> (artifact id: '0b6c28676c9d0f7379415e2ee0cb6f85') in 0.0102761 seconds
Number of updated asset objects reloaded before import = 0Number of asset objects unloaded after import = 0

========================================================================
Received Import Request.
  Time since last request: 0.000039 seconds.
  path: Assets/UnityTechnologies/TowerDefenseTemplate/Scripts/ActionGameFramework/Spawning/WeightedObjectList.cs
  artifactKey: Guid(d51dc9e57cf464a1aacc0590e3387c73) Importer(2089858483,b0f066a214c2f5e87bad3c948f4d605d)
Start importing Assets/UnityTechnologies/TowerDefenseTemplate/Scripts/ActionGameFramework/Spawning/WeightedObjectList.cs using Guid(d51dc9e57cf464a1aacc0590e3387c73) Importer(2089858483,b0f066a214c2f5e87bad3c948f4d605d) (ScriptedImporter) -> (artifact id: '72b193b1c6d4620222884628a01210f2') in 0.0098834 seconds
Number of updated asset objects reloaded before import = 0Number of asset objects unloaded after import = 0

========================================================================
Received Import Request.
  Time since last request: 0.000026 seconds.
  path: Assets/UnityTechnologies/TowerDefenseTemplate/Scenes/Levels/Level3/Level3.unity
  artifactKey: Guid(5a958d11acaa34c4a9dff40362183e28) Importer(2089858483,b0f066a214c2f5e87bad3c948f4d605d)
Start importing Assets/UnityTechnologies/TowerDefenseTemplate/Scenes/Levels/Level3/Level3.unity using Guid(5a958d11acaa34c4a9dff40362183e28) Importer(2089858483,b0f066a214c2f5e87bad3c948f4d605d) (ScriptedImporter) -> (artifact id: '601d8ffc919592585178794294e2ee59') in 0.0334731 seconds
Number of updated asset objects reloaded before import = 0Number of asset objects unloaded after import = 1

========================================================================
Received Import Request.
  Time since last request: 0.000022 seconds.
  path: Assets/UnityTechnologies/TowerDefenseTemplate/Scripts/ActionGameFramework/Health/Targetable.cs
  artifactKey: Guid(11408266ec724d198cb402b1cddb1d65) Importer(2089858483,b0f066a214c2f5e87bad3c948f4d605d)
Start importing Assets/UnityTechnologies/TowerDefenseTemplate/Scripts/ActionGameFramework/Health/Targetable.cs using Guid(11408266ec724d198cb402b1cddb1d65) Importer(2089858483,b0f066a214c2f5e87bad3c948f4d605d) (ScriptedImporter) -> (artifact id: '6c4b7a04e5f889712f09477c1cad88ec') in 0.0095452 seconds
Number of updated asset objects reloaded before import = 0Number of asset objects unloaded after import = 0

========================================================================
Received Import Request.
  Time since last request: 0.000029 seconds.
  path: Assets/UnityTechnologies/TowerDefenseTemplate/Scripts/Core/Economy/Currency.cs
  artifactKey: Guid(8d6f53351a83f485d93729f4f14aa2f7) Importer(2089858483,b0f066a214c2f5e87bad3c948f4d605d)
Start importing Assets/UnityTechnologies/TowerDefenseTemplate/Scripts/Core/Economy/Currency.cs using Guid(8d6f53351a83f485d93729f4f14aa2f7) Importer(2089858483,b0f066a214c2f5e87bad3c948f4d605d) (ScriptedImporter) -> (artifact id: '7329e64e8fe7d2ad43af5ddf5226f4ba') in 0.0093667 seconds
Number of updated asset objects reloaded before import = 0Number of asset objects unloaded after import = 0

========================================================================
Received Import Request.
  Time since last request: 0.000034 seconds.
  path: Assets/UnityTechnologies/TowerDefenseTemplate/Scripts/Core/Input/InputController.cs
  artifactKey: Guid(63976be1194ac47c6931b989bc8c2de8) Importer(2089858483,b0f066a214c2f5e87bad3c948f4d605d)
Start importing Assets/UnityTechnologies/TowerDefenseTemplate/Scripts/Core/Input/InputController.cs using Guid(63976be1194ac47c6931b989bc8c2de8) Importer(2089858483,b0f066a214c2f5e87bad3c948f4d605d) (ScriptedImporter) -> (artifact id: '868e5f0d6c33199278808f1f59f133cb') in 0.0101106 seconds
Number of updated asset objects reloaded before import = 0Number of asset objects unloaded after import = 0

========================================================================
Received Import Request.
  Time since last request: 0.000048 seconds.
  path: Assets/UnityTechnologies/TowerDefenseTemplate/Scripts/Core/Health/HealthChangeInfo.cs
  artifactKey: Guid(0836b0ccf215140f8a32e38c7440d291) Importer(2089858483,b0f066a214c2f5e87bad3c948f4d605d)
Start importing Assets/UnityTechnologies/TowerDefenseTemplate/Scripts/Core/Health/HealthChangeInfo.cs using Guid(0836b0ccf215140f8a32e38c7440d291) Importer(2089858483,b0f066a214c2f5e87bad3c948f4d605d) (ScriptedImporter) -> (artifact id: '0023a3155a9e339e3231fbd0ff22f16f') in 0.0123516 seconds
Number of updated asset objects reloaded before import = 0Number of asset objects unloaded after import = 0

========================================================================
Received Import Request.
  Time since last request: 0.000053 seconds.
  path: Assets/UnityTechnologies/TowerDefenseTemplate/Scripts/Core/Data/EncryptedJsonSaver.cs
  artifactKey: Guid(d38fbb1a937694b68bbe5ca68bf8aedd) Importer(2089858483,b0f066a214c2f5e87bad3c948f4d605d)
Start importing Assets/UnityTechnologies/TowerDefenseTemplate/Scripts/Core/Data/EncryptedJsonSaver.cs using Guid(d38fbb1a937694b68bbe5ca68bf8aedd) Importer(2089858483,b0f066a214c2f5e87bad3c948f4d605d) (ScriptedImporter) -> (artifact id: '9400e7e67a6904f645740539a9ca5a60') in 0.0101952 seconds
Number of updated asset objects reloaded before import = 0Number of asset objects unloaded after import = 0

========================================================================
Received Import Request.
  Time since last request: 0.000065 seconds.
  path: Assets/UnityTechnologies/TowerDefenseTemplate/Scripts/Core/Utilities/RepeatingTimer.cs
  artifactKey: Guid(6fabee2f64d14421ab15a9c34f1f0f82) Importer(2089858483,b0f066a214c2f5e87bad3c948f4d605d)
Start importing Assets/UnityTechnologies/TowerDefenseTemplate/Scripts/Core/Utilities/RepeatingTimer.cs using Guid(6fabee2f64d14421ab15a9c34f1f0f82) Importer(2089858483,b0f066a214c2f5e87bad3c948f4d605d) (ScriptedImporter) -> (artifact id: '0c6c26c59d455048e6a0d3ef8a55ba01') in 0.0097396 seconds
Number of updated asset objects reloaded before import = 0Number of asset objects unloaded after import = 0

========================================================================
Received Import Request.
  Time since last request: 0.000032 seconds.
  path: Assets/UnityTechnologies/TowerDefenseTemplate/Scripts/Core/UI/AnimatingMainMenuPage.cs
  artifactKey: Guid(efb10d7ff0ce740ddbe3917f7d378877) Importer(2089858483,b0f066a214c2f5e87bad3c948f4d605d)
Start importing Assets/UnityTechnologies/TowerDefenseTemplate/Scripts/Core/UI/AnimatingMainMenuPage.cs using Guid(efb10d7ff0ce740ddbe3917f7d378877) Importer(2089858483,b0f066a214c2f5e87bad3c948f4d605d) (ScriptedImporter) -> (artifact id: 'b83e99cde477abefd5d8710e8e4b9eae') in 0.0099063 seconds
Number of updated asset objects reloaded before import = 0Number of asset objects unloaded after import = 0

========================================================================
Received Import Request.
  Time since last request: 0.000035 seconds.
  path: Assets/UnityTechnologies/TowerDefenseTemplate/Scripts/ActionGameFramework/Projectiles/BallisticArcHeight.cs
  artifactKey: Guid(44de1a3f4d2164c64b3e58e943456294) Importer(2089858483,b0f066a214c2f5e87bad3c948f4d605d)
Start importing Assets/UnityTechnologies/TowerDefenseTemplate/Scripts/ActionGameFramework/Projectiles/BallisticArcHeight.cs using Guid(44de1a3f4d2164c64b3e58e943456294) Importer(2089858483,b0f066a214c2f5e87bad3c948f4d605d) (ScriptedImporter) -> (artifact id: 'be693310bd87be7dd24bb16e32166d5a') in 0.0101006 seconds
Number of updated asset objects reloaded before import = 0Number of asset objects unloaded after import = 0

========================================================================
Received Import Request.
  Time since last request: 0.000021 seconds.
  path: Assets/UnityTechnologies/TowerDefenseTemplate/Scripts/Core/Game/LevelItem.cs
  artifactKey: Guid(090be29ae49846c6b55cb3da7ab6af6a) Importer(2089858483,b0f066a214c2f5e87bad3c948f4d605d)
Start importing Assets/UnityTechnologies/TowerDefenseTemplate/Scripts/Core/Game/LevelItem.cs using Guid(090be29ae49846c6b55cb3da7ab6af6a) Importer(2089858483,b0f066a214c2f5e87bad3c948f4d605d) (ScriptedImporter) -> (artifact id: '8327444b926ae0d2385648ec1d17e7d1') in 0.0100739 seconds
Number of updated asset objects reloaded before import = 0Number of asset objects unloaded after import = 0

========================================================================
Received Import Request.
  Time since last request: 0.000013 seconds.
  path: Assets/UnityTechnologies/TowerDefenseTemplate/Scripts/Core/Input/PointerInfo.cs
  artifactKey: Guid(547509bc1b6945e0a3d7ef8631b7ede9) Importer(2089858483,b0f066a214c2f5e87bad3c948f4d605d)
Start importing Assets/UnityTechnologies/TowerDefenseTemplate/Scripts/Core/Input/PointerInfo.cs using Guid(547509bc1b6945e0a3d7ef8631b7ede9) Importer(2089858483,b0f066a214c2f5e87bad3c948f4d605d) (ScriptedImporter) -> (artifact id: '8ce1ce97e3ea38cec54e45bde9c7d38b') in 0.0102101 seconds
Number of updated asset objects reloaded before import = 0Number of asset objects unloaded after import = 0

========================================================================
Received Import Request.
  Time since last request: 0.000023 seconds.
  path: Assets/UnityTechnologies/TowerDefenseTemplate/Scripts/Core/Health/SimpleAlignment.cs
  artifactKey: Guid(a6f1be0453c54638b1c63e16bf45d671) Importer(2089858483,b0f066a214c2f5e87bad3c948f4d605d)
Start importing Assets/UnityTechnologies/TowerDefenseTemplate/Scripts/Core/Health/SimpleAlignment.cs using Guid(a6f1be0453c54638b1c63e16bf45d671) Importer(2089858483,b0f066a214c2f5e87bad3c948f4d605d) (ScriptedImporter) -> (artifact id: '5fbe79fc51ad42f6ef12aa51a6d4d0da') in 0.0122491 seconds
Number of updated asset objects reloaded before import = 0Number of asset objects unloaded after import = 0

========================================================================
Received Import Request.
  Time since last request: 0.000102 seconds.
  path: Assets/UnityTechnologies/TowerDefenseTemplate/Scripts/Core/Utilities/Poolable.cs
  artifactKey: Guid(59d007c1fe5e41c1888e4af3392f8676) Importer(2089858483,b0f066a214c2f5e87bad3c948f4d605d)
Start importing Assets/UnityTechnologies/TowerDefenseTemplate/Scripts/Core/Utilities/Poolable.cs using Guid(59d007c1fe5e41c1888e4af3392f8676) Importer(2089858483,b0f066a214c2f5e87bad3c948f4d605d) (ScriptedImporter) -> (artifact id: 'e51f7f4fd0a55e960a5986a02510f2d7') in 0.0112512 seconds
Number of updated asset objects reloaded before import = 0Number of asset objects unloaded after import = 0

========================================================================
Received Import Request.
  Time since last request: 0.000038 seconds.
  path: Assets/UnityTechnologies/TowerDefenseTemplate/Scripts/TowerDefense/Agents/AgentEffect.cs
  artifactKey: Guid(cf276737129b4d048366b820752e2886) Importer(2089858483,b0f066a214c2f5e87bad3c948f4d605d)
Start importing Assets/UnityTechnologies/TowerDefenseTemplate/Scripts/TowerDefense/Agents/AgentEffect.cs using Guid(cf276737129b4d048366b820752e2886) Importer(2089858483,b0f066a214c2f5e87bad3c948f4d605d) (ScriptedImporter) -> (artifact id: '57da5ede0819a06c9af08b7b21bfb7be') in 0.0112794 seconds
Number of updated asset objects reloaded before import = 0Number of asset objects unloaded after import = 0

========================================================================
Received Import Request.
  Time since last request: 0.000050 seconds.
  path: Assets/UnityTechnologies/TowerDefenseTemplate/Scripts/Core/Utilities/Timer.cs
  artifactKey: Guid(6a34e73e32589463d876694f8f66ba58) Importer(2089858483,b0f066a214c2f5e87bad3c948f4d605d)
Start importing Assets/UnityTechnologies/TowerDefenseTemplate/Scripts/Core/Utilities/Timer.cs using Guid(6a34e73e32589463d876694f8f66ba58) Importer(2089858483,b0f066a214c2f5e87bad3c948f4d605d) (ScriptedImporter) -> (artifact id: '243330bb75175760d21696f9e13c23af') in 0.010445 seconds
Number of updated asset objects reloaded before import = 0Number of asset objects unloaded after import = 0

========================================================================
Received Import Request.
  Time since last request: 0.000048 seconds.
  path: Assets/UnityTechnologies/TowerDefenseTemplate/Scripts/Core/Utilities/PersistentSingleton.cs
  artifactKey: Guid(83c35537f010c49b4b202d8cd10272d4) Importer(2089858483,b0f066a214c2f5e87bad3c948f4d605d)
Start importing Assets/UnityTechnologies/TowerDefenseTemplate/Scripts/Core/Utilities/PersistentSingleton.cs using Guid(83c35537f010c49b4b202d8cd10272d4) Importer(2089858483,b0f066a214c2f5e87bad3c948f4d605d) (ScriptedImporter) -> (artifact id: '3a223f60dd4f216d382ec19b8bc01d83') in 0.0093776 seconds
Number of updated asset objects reloaded before import = 0Number of asset objects unloaded after import = 0

========================================================================
Received Import Request.
  Time since last request: 0.000017 seconds.
  path: Assets/UnityTechnologies/TowerDefenseTemplate/Scripts/Core/Input/KeyboardMouseInput.cs
  artifactKey: Guid(2cdab6f24b744f379fc187567cd32270) Importer(2089858483,b0f066a214c2f5e87bad3c948f4d605d)
Start importing Assets/UnityTechnologies/TowerDefenseTemplate/Scripts/Core/Input/KeyboardMouseInput.cs using Guid(2cdab6f24b744f379fc187567cd32270) Importer(2089858483,b0f066a214c2f5e87bad3c948f4d605d) (ScriptedImporter) -> (artifact id: '87ba58036dce3311414e5085109a45fd') in 0.0103384 seconds
Number of updated asset objects reloaded before import = 0Number of asset objects unloaded after import = 0

========================================================================
Received Import Request.
  Time since last request: 0.000046 seconds.
  path: Assets/UnityTechnologies/TowerDefenseTemplate/Materials/Particles/LaserMuzzleFlashMaterial.mat
  artifactKey: Guid(14c1ded5940d444d888803bc9cad78a6) Importer(2089858483,b0f066a214c2f5e87bad3c948f4d605d)
Start importing Assets/UnityTechnologies/TowerDefenseTemplate/Materials/Particles/LaserMuzzleFlashMaterial.mat using Guid(14c1ded5940d444d888803bc9cad78a6) Importer(2089858483,b0f066a214c2f5e87bad3c948f4d605d) (ScriptedImporter) -> (artifact id: 'b4763ac179526840c8270cf96767bc4e') in 0.0129012 seconds
Number of updated asset objects reloaded before import = 0Number of asset objects unloaded after import = 2

========================================================================
Received Import Request.
  Time since last request: 0.000032 seconds.
  path: Assets/UnityTechnologies/TowerDefenseTemplate/PostProcessing/Resources/Bluenoise64/LDR_LLL1_30.png
  artifactKey: Guid(0fa10b21877c61b4db40ba5708815f81) Importer(2089858483,b0f066a214c2f5e87bad3c948f4d605d)
Start importing Assets/UnityTechnologies/TowerDefenseTemplate/PostProcessing/Resources/Bluenoise64/LDR_LLL1_30.png using Guid(0fa10b21877c61b4db40ba5708815f81) Importer(2089858483,b0f066a214c2f5e87bad3c948f4d605d) (ScriptedImporter) -> (artifact id: '0122e99d5c80d06d619cd076696d367c') in 0.0159695 seconds
Number of updated asset objects reloaded before import = 0Number of asset objects unloaded after import = 1

========================================================================
Received Import Request.
  Time since last request: 0.000016 seconds.
  path: Assets/UnityTechnologies/TowerDefenseTemplate/Materials/UI/SinglePlacementTileMobileFilled.mat
  artifactKey: Guid(f3b509a92e9a44eeabdb0559c0710b2b) Importer(2089858483,b0f066a214c2f5e87bad3c948f4d605d)
Start importing Assets/UnityTechnologies/TowerDefenseTemplate/Materials/UI/SinglePlacementTileMobileFilled.mat using Guid(f3b509a92e9a44eeabdb0559c0710b2b) Importer(2089858483,b0f066a214c2f5e87bad3c948f4d605d) (ScriptedImporter) -> (artifact id: 'a57cb9965411ee93e6ee23d012eace40') in 0.0128944 seconds
Number of updated asset objects reloaded before import = 0Number of asset objects unloaded after import = 2

========================================================================
Received Import Request.
  Time since last request: 0.000017 seconds.
  path: Assets/UnityTechnologies/TowerDefenseTemplate/Models/Towers/Laser/LaserTower_BASE_L03_Shadow.fbx
  artifactKey: Guid(2cae8e904154e4fff85163cc3c6f4180) Importer(2089858483,b0f066a214c2f5e87bad3c948f4d605d)
Start importing Assets/UnityTechnologies/TowerDefenseTemplate/Models/Towers/Laser/LaserTower_BASE_L03_Shadow.fbx using Guid(2cae8e904154e4fff85163cc3c6f4180) Importer(2089858483,b0f066a214c2f5e87bad3c948f4d605d) (ScriptedImporter) -> (artifact id: '04e793347057bdda942acd0e76d18874') in 0.013103 seconds
Number of updated asset objects reloaded before import = 0Number of asset objects unloaded after import = 7

========================================================================
Received Import Request.
  Time since last request: 0.000042 seconds.
  path: Assets/UnityTechnologies/TowerDefenseTemplate/PostProcessing/Resources/Bluenoise64/LDR_LLL1_23.png
  artifactKey: Guid(bfe953600e8fb1849a804ee08ace7b4c) Importer(2089858483,b0f066a214c2f5e87bad3c948f4d605d)
Start importing Assets/UnityTechnologies/TowerDefenseTemplate/PostProcessing/Resources/Bluenoise64/LDR_LLL1_23.png using Guid(bfe953600e8fb1849a804ee08ace7b4c) Importer(2089858483,b0f066a214c2f5e87bad3c948f4d605d) (ScriptedImporter) -> (artifact id: 'e6f4a1a3066d72696bf59eb4369b2f72') in 0.013361 seconds
Number of updated asset objects reloaded before import = 0Number of asset objects unloaded after import = 1

========================================================================
Received Import Request.
  Time since last request: 0.000013 seconds.
  path: Assets/UnityTechnologies/TowerDefenseTemplate/Particles/Textures/explosion_Flame_3.png
  artifactKey: Guid(c721d873238d143c0bf8d5e11b570896) Importer(2089858483,b0f066a214c2f5e87bad3c948f4d605d)
Start importing Assets/UnityTechnologies/TowerDefenseTemplate/Particles/Textures/explosion_Flame_3.png using Guid(c721d873238d143c0bf8d5e11b570896) Importer(2089858483,b0f066a214c2f5e87bad3c948f4d605d) (ScriptedImporter) -> (artifact id: 'c2ccf4f47ebee7d0575eee51062d0393') in 0.0142179 seconds
Number of updated asset objects reloaded before import = 0Number of asset objects unloaded after import = 1

========================================================================
Received Import Request.
  Time since last request: 0.000026 seconds.
  path: Assets/UnityTechnologies/TowerDefenseTemplate/Scripts/Core/Input/TouchInfo.cs
  artifactKey: Guid(7ef5614a62af4dafa10e8bc70fc9b4ef) Importer(2089858483,b0f066a214c2f5e87bad3c948f4d605d)
Start importing Assets/UnityTechnologies/TowerDefenseTemplate/Scripts/Core/Input/TouchInfo.cs using Guid(7ef5614a62af4dafa10e8bc70fc9b4ef) Importer(2089858483,b0f066a214c2f5e87bad3c948f4d605d) (ScriptedImporter) -> (artifact id: '9329986de9f7270eb7efc5ab37a7dcda') in 0.0095918 seconds
Number of updated asset objects reloaded before import = 0Number of asset objects unloaded after import = 0

========================================================================
Received Import Request.
  Time since last request: 0.000033 seconds.
  path: Assets/UnityTechnologies/TowerDefenseTemplate/Audio/SFX/Tower Destruction/Destruction 5.wav
  artifactKey: Guid(dbb5d987bb85a4b84aa3a9e48e093e7c) Importer(2089858483,b0f066a214c2f5e87bad3c948f4d605d)
Start importing Assets/UnityTechnologies/TowerDefenseTemplate/Audio/SFX/Tower Destruction/Destruction 5.wav using Guid(dbb5d987bb85a4b84aa3a9e48e093e7c) Importer(2089858483,b0f066a214c2f5e87bad3c948f4d605d) (ScriptedImporter) -> (artifact id: '5b896a3af31c0e664338716de7894575') in 0.0200475 seconds
Number of updated asset objects reloaded before import = 0Number of asset objects unloaded after import = 1

========================================================================
Received Import Request.
  Time since last request: 0.000026 seconds.
  path: Assets/UnityTechnologies/TowerDefenseTemplate/PostProcessing/Runtime/Attributes/GetSetAttribute.cs
  artifactKey: Guid(f17e8602928ea02419dae051ec79c5a2) Importer(2089858483,b0f066a214c2f5e87bad3c948f4d605d)
Start importing Assets/UnityTechnologies/TowerDefenseTemplate/PostProcessing/Runtime/Attributes/GetSetAttribute.cs using Guid(f17e8602928ea02419dae051ec79c5a2) Importer(2089858483,b0f066a214c2f5e87bad3c948f4d605d) (ScriptedImporter) -> (artifact id: '1f67ef38e3159431d3891936afc393ba') in 0.0113727 seconds
Number of updated asset objects reloaded before import = 0Number of asset objects unloaded after import = 0

========================================================================
Received Import Request.
  Time since last request: 0.000083 seconds.
  path: Assets/UnityTechnologies/TowerDefenseTemplate/Particles/Textures/LaserImpact.png
  artifactKey: Guid(9bed81abda7f94105b1115af45d355a5) Importer(2089858483,b0f066a214c2f5e87bad3c948f4d605d)
Start importing Assets/UnityTechnologies/TowerDefenseTemplate/Particles/Textures/LaserImpact.png using Guid(9bed81abda7f94105b1115af45d355a5) Importer(2089858483,b0f066a214c2f5e87bad3c948f4d605d) (ScriptedImporter) -> (artifact id: '2ea843ad6cf8a6a8664351f027177774') in 0.0198705 seconds
Number of updated asset objects reloaded before import = 0Number of asset objects unloaded after import = 1

========================================================================
Received Import Request.
  Time since last request: 0.000024 seconds.
  path: Assets/UnityTechnologies/TowerDefenseTemplate/Scenes/Levels/Level4/Level4/NavMesh.asset
  artifactKey: Guid(819d91436a0114062afc13cf1d95ec8f) Importer(2089858483,b0f066a214c2f5e87bad3c948f4d605d)
Start importing Assets/UnityTechnologies/TowerDefenseTemplate/Scenes/Levels/Level4/Level4/NavMesh.asset using Guid(819d91436a0114062afc13cf1d95ec8f) Importer(2089858483,b0f066a214c2f5e87bad3c948f4d605d) (ScriptedImporter) -> (artifact id: 'ce7e0bdaf91655430fd60dfa7b25b5a0') in 0.0133851 seconds
Number of updated asset objects reloaded before import = 0Number of asset objects unloaded after import = 1

========================================================================
Received Import Request.
  Time since last request: 0.000066 seconds.
  path: Assets/UnityTechnologies/TowerDefenseTemplate/Models/Towers/EMP Tower/Materials/EMP_Tower_level_2_tex_v001.mat
  artifactKey: Guid(0cada90001ebfe6418122d4488ae5535) Importer(2089858483,b0f066a214c2f5e87bad3c948f4d605d)
Start importing Assets/UnityTechnologies/TowerDefenseTemplate/Models/Towers/EMP Tower/Materials/EMP_Tower_level_2_tex_v001.mat using Guid(0cada90001ebfe6418122d4488ae5535) Importer(2089858483,b0f066a214c2f5e87bad3c948f4d605d) (ScriptedImporter) -> (artifact id: '6107b08ef558f32097c17aaa9eaaf307') in 0.014531 seconds
Number of updated asset objects reloaded before import = 0Number of asset objects unloaded after import = 1

========================================================================
Received Import Request.
  Time since last request: 0.000038 seconds.
  path: Assets/UnityTechnologies/TowerDefenseTemplate/Scripts/TowerDefense/UI/LevelSelectScreen.cs
  artifactKey: Guid(2c31b16bc28843488196c2ddee7de1a4) Importer(2089858483,b0f066a214c2f5e87bad3c948f4d605d)
Start importing Assets/UnityTechnologies/TowerDefenseTemplate/Scripts/TowerDefense/UI/LevelSelectScreen.cs using Guid(2c31b16bc28843488196c2ddee7de1a4) Importer(2089858483,b0f066a214c2f5e87bad3c948f4d605d) (ScriptedImporter) -> (artifact id: 'f32bff77dcac68fd5d141c0c8917b8c6') in 0.0113648 seconds
Number of updated asset objects reloaded before import = 0Number of asset objects unloaded after import = 0

========================================================================
Received Import Request.
  Time since last request: 0.000062 seconds.
  path: Assets/UnityTechnologies/TowerDefenseTemplate/Scripts/TowerDefense/UI/PauseMenu.cs
  artifactKey: Guid(93bda8565a3a4288be224798494ffc99) Importer(2089858483,b0f066a214c2f5e87bad3c948f4d605d)
Start importing Assets/UnityTechnologies/TowerDefenseTemplate/Scripts/TowerDefense/UI/PauseMenu.cs using Guid(93bda8565a3a4288be224798494ffc99) Importer(2089858483,b0f066a214c2f5e87bad3c948f4d605d) (ScriptedImporter) -> (artifact id: '222b01f14eab707793479302e8ebb6da') in 0.0108196 seconds
Number of updated asset objects reloaded before import = 0Number of asset objects unloaded after import = 0

========================================================================
Received Import Request.
  Time since last request: 0.000058 seconds.
  path: Assets/UnityTechnologies/TowerDefenseTemplate/Scenes/Levels/Level4/Level4/Lightmap-0_comp_dir.png
  artifactKey: Guid(df2cb41853ec144579317ff479bd6fa0) Importer(2089858483,b0f066a214c2f5e87bad3c948f4d605d)
Start importing Assets/UnityTechnologies/TowerDefenseTemplate/Scenes/Levels/Level4/Level4/Lightmap-0_comp_dir.png using Guid(df2cb41853ec144579317ff479bd6fa0) Importer(2089858483,b0f066a214c2f5e87bad3c948f4d605d) (ScriptedImporter) -> (artifact id: 'ee4e052a52cc4c34457598186a4b237c') in 0.0671166 seconds
Number of updated asset objects reloaded before import = 0Number of asset objects unloaded after import = 1

========================================================================
Received Import Request.
  Time since last request: 0.000042 seconds.
  path: Assets/UnityTechnologies/TowerDefenseTemplate/Audio/SFX/Towers/SuperTower/Super Tower Shot 2.wav
  artifactKey: Guid(bfc83a94c61ea44ccb7a2470d50b5f10) Importer(2089858483,b0f066a214c2f5e87bad3c948f4d605d)
Start importing Assets/UnityTechnologies/TowerDefenseTemplate/Audio/SFX/Towers/SuperTower/Super Tower Shot 2.wav using Guid(bfc83a94c61ea44ccb7a2470d50b5f10) Importer(2089858483,b0f066a214c2f5e87bad3c948f4d605d) (ScriptedImporter) -> (artifact id: '6f22fecb0a7bf74fb997f449461e45b2') in 0.0272666 seconds
Number of updated asset objects reloaded before import = 0Number of asset objects unloaded after import = 1

========================================================================
Received Import Request.
  Time since last request: 0.000024 seconds.
  path: Assets/UnityTechnologies/TowerDefenseTemplate/Audio/SFX/Towers/MachineGun/MG 10.wav
  artifactKey: Guid(e893433625bae4c0584daccfde0c2866) Importer(2089858483,b0f066a214c2f5e87bad3c948f4d605d)
Start importing Assets/UnityTechnologies/TowerDefenseTemplate/Audio/SFX/Towers/MachineGun/MG 10.wav using Guid(e893433625bae4c0584daccfde0c2866) Importer(2089858483,b0f066a214c2f5e87bad3c948f4d605d) (ScriptedImporter) -> (artifact id: 'dcf299d7ea06545e7dc4973beab06194') in 0.0220133 seconds
Number of updated asset objects reloaded before import = 0Number of asset objects unloaded after import = 1

========================================================================
Received Import Request.
  Time since last request: 0.000019 seconds.
  path: Assets/UnityTechnologies/TowerDefenseTemplate/Audio/SFX/Towers/MachineGun/MG 5.wav
  artifactKey: Guid(dc29f7080efef42e4bffce14778bca99) Importer(2089858483,b0f066a214c2f5e87bad3c948f4d605d)
Start importing Assets/UnityTechnologies/TowerDefenseTemplate/Audio/SFX/Towers/MachineGun/MG 5.wav using Guid(dc29f7080efef42e4bffce14778bca99) Importer(2089858483,b0f066a214c2f5e87bad3c948f4d605d) (ScriptedImporter) -> (artifact id: '44d84e1346201db7a8701f9d2362e17e') in 0.0238421 seconds
Number of updated asset objects reloaded before import = 0Number of asset objects unloaded after import = 1

========================================================================
Received Import Request.
  Time since last request: 0.000029 seconds.
  path: Assets/UnityTechnologies/TowerDefenseTemplate/Scripts/TowerDefense/Agents/Data/AgentConfiguration.cs
  artifactKey: Guid(910bcb715cd3344619df786cb0658efb) Importer(2089858483,b0f066a214c2f5e87bad3c948f4d605d)
Start importing Assets/UnityTechnologies/TowerDefenseTemplate/Scripts/TowerDefense/Agents/Data/AgentConfiguration.cs using Guid(910bcb715cd3344619df786cb0658efb) Importer(2089858483,b0f066a214c2f5e87bad3c948f4d605d) (ScriptedImporter) -> (artifact id: '0cb63fdb0cab63976b7a3297d1dcc03c') in 0.0127788 seconds
Number of updated asset objects reloaded before import = 0Number of asset objects unloaded after import = 0

========================================================================
Received Import Request.
  Time since last request: 0.000056 seconds.
  path: Assets/UnityTechnologies/TowerDefenseTemplate/PostProcessing/Utilities/CustomMotionTexture/Textures/UVChecker.png
  artifactKey: Guid(a08960dd6e8274e7f8fca616e09c48ed) Importer(2089858483,b0f066a214c2f5e87bad3c948f4d605d)
Start importing Assets/UnityTechnologies/TowerDefenseTemplate/PostProcessing/Utilities/CustomMotionTexture/Textures/UVChecker.png using Guid(a08960dd6e8274e7f8fca616e09c48ed) Importer(2089858483,b0f066a214c2f5e87bad3c948f4d605d) (ScriptedImporter) -> (artifact id: '07a7f5035898159185a92a41b624e37d') in 0.0154398 seconds
Number of updated asset objects reloaded before import = 0Number of asset objects unloaded after import = 1

========================================================================
Received Import Request.
  Time since last request: 0.000050 seconds.
  path: Assets/UnityTechnologies/TowerDefenseTemplate/Scenes/Levels/Level1/Level1/Lightmap-0_comp_shadowmask.png
  artifactKey: Guid(fa2bf6ac6ad2e4374b685c3cdf078285) Importer(2089858483,b0f066a214c2f5e87bad3c948f4d605d)
Start importing Assets/UnityTechnologies/TowerDefenseTemplate/Scenes/Levels/Level1/Level1/Lightmap-0_comp_shadowmask.png using Guid(fa2bf6ac6ad2e4374b685c3cdf078285) Importer(2089858483,b0f066a214c2f5e87bad3c948f4d605d) (ScriptedImporter) -> (artifact id: 'a851c2dca6cd14602c0975a256a4442f') in 0.0517806 seconds
Number of updated asset objects reloaded before import = 0Number of asset objects unloaded after import = 1

========================================================================
Received Import Request.
  Time since last request: 0.000032 seconds.
  path: Assets/UnityTechnologies/TowerDefenseTemplate/Scenes/Levels/Level1_Prototype/Prototype/ReflectionProbe-0.exr
  artifactKey: Guid(aadbf258592f97b419cdef8b1c256236) Importer(2089858483,b0f066a214c2f5e87bad3c948f4d605d)
Start importing Assets/UnityTechnologies/TowerDefenseTemplate/Scenes/Levels/Level1_Prototype/Prototype/ReflectionProbe-0.exr using Guid(aadbf258592f97b419cdef8b1c256236) Importer(2089858483,b0f066a214c2f5e87bad3c948f4d605d) (ScriptedImporter) -> (artifact id: 'f2a301d1ffc05802193a7fbb64047803') in 0.0151191 seconds
Number of updated asset objects reloaded before import = 0Number of asset objects unloaded after import = 1

========================================================================
Received Import Request.
  Time since last request: 0.000041 seconds.
  path: Assets/UnityTechnologies/TowerDefenseTemplate/Audio/SFX/Towers/MachineGun/MG 2.wav
  artifactKey: Guid(d88fd5368c36748d684ff9e8db416da9) Importer(2089858483,b0f066a214c2f5e87bad3c948f4d605d)
Start importing Assets/UnityTechnologies/TowerDefenseTemplate/Audio/SFX/Towers/MachineGun/MG 2.wav using Guid(d88fd5368c36748d684ff9e8db416da9) Importer(2089858483,b0f066a214c2f5e87bad3c948f4d605d) (ScriptedImporter) -> (artifact id: 'def9615bb7c915dc379d6f05c57810e1') in 0.0188466 seconds
Number of updated asset objects reloaded before import = 0Number of asset objects unloaded after import = 1

========================================================================
Received Import Request.
  Time since last request: 0.000018 seconds.
  path: Assets/UnityTechnologies/TowerDefenseTemplate/Scripts/TowerDefense/Level/LevelState.cs
  artifactKey: Guid(9da67c390eb3c4207ad63333f3c9f5d4) Importer(2089858483,b0f066a214c2f5e87bad3c948f4d605d)
Start importing Assets/UnityTechnologies/TowerDefenseTemplate/Scripts/TowerDefense/Level/LevelState.cs using Guid(9da67c390eb3c4207ad63333f3c9f5d4) Importer(2089858483,b0f066a214c2f5e87bad3c948f4d605d) (ScriptedImporter) -> (artifact id: '785d43199e1aad9cd53b1894a7d28e93') in 0.0102133 seconds
Number of updated asset objects reloaded before import = 0Number of asset objects unloaded after import = 0

========================================================================
Received Import Request.
  Time since last request: 0.000056 seconds.
  path: Assets/UnityTechnologies/TowerDefenseTemplate/Models/Towers/EMP Tower/Materials/EMP_Tower_level_3_tex_v001.mat
  artifactKey: Guid(58ecb9799c1d20e4c893d2b251ece2ac) Importer(2089858483,b0f066a214c2f5e87bad3c948f4d605d)
Start importing Assets/UnityTechnologies/TowerDefenseTemplate/Models/Towers/EMP Tower/Materials/EMP_Tower_level_3_tex_v001.mat using Guid(58ecb9799c1d20e4c893d2b251ece2ac) Importer(2089858483,b0f066a214c2f5e87bad3c948f4d605d) (ScriptedImporter) -> (artifact id: '9d1a66d74c03d6600128c6751dcf0e2f') in 0.0100271 seconds
Number of updated asset objects reloaded before import = 0Number of asset objects unloaded after import = 1

========================================================================
Received Import Request.
  Time since last request: 0.000051 seconds.
  path: Assets/UnityTechnologies/TowerDefenseTemplate/Scenes/Levels/Level3/Level3/ReflectionProbe-0.exr
  artifactKey: Guid(b6e98a6f13b144a2686a5a26ea2ac998) Importer(2089858483,b0f066a214c2f5e87bad3c948f4d605d)
Start importing Assets/UnityTechnologies/TowerDefenseTemplate/Scenes/Levels/Level3/Level3/ReflectionProbe-0.exr using Guid(b6e98a6f13b144a2686a5a26ea2ac998) Importer(2089858483,b0f066a214c2f5e87bad3c948f4d605d) (ScriptedImporter) -> (artifact id: '39bfbdd26ff3e4ae2f4fe8b244da0be0') in 0.0116077 seconds
Number of updated asset objects reloaded before import = 0Number of asset objects unloaded after import = 1

========================================================================
Received Import Request.
  Time since last request: 0.000051 seconds.
  path: Assets/UnityTechnologies/TowerDefenseTemplate/Audio/SFX/Towers/SuperTower/Super Tower Shot 1.wav
  artifactKey: Guid(ad00705ac426345289f10c69b726d683) Importer(2089858483,b0f066a214c2f5e87bad3c948f4d605d)
Start importing Assets/UnityTechnologies/TowerDefenseTemplate/Audio/SFX/Towers/SuperTower/Super Tower Shot 1.wav using Guid(ad00705ac426345289f10c69b726d683) Importer(2089858483,b0f066a214c2f5e87bad3c948f4d605d) (ScriptedImporter) -> (artifact id: '7c1242f6ae9c40d77cb9a55091eef631') in 0.0231294 seconds
Number of updated asset objects reloaded before import = 0Number of asset objects unloaded after import = 1

========================================================================
Received Import Request.
  Time since last request: 0.000040 seconds.
  path: Assets/UnityTechnologies/TowerDefenseTemplate/Scripts/TowerDefense/Level/TimedLevelIntro.cs
  artifactKey: Guid(1e63bc83a198441a486e431e5e3ce61a) Importer(2089858483,b0f066a214c2f5e87bad3c948f4d605d)
Start importing Assets/UnityTechnologies/TowerDefenseTemplate/Scripts/TowerDefense/Level/TimedLevelIntro.cs using Guid(1e63bc83a198441a486e431e5e3ce61a) Importer(2089858483,b0f066a214c2f5e87bad3c948f4d605d) (ScriptedImporter) -> (artifact id: '0409cf6c2bbdbfc8882c966362d37f55') in 0.0144837 seconds
Number of updated asset objects reloaded before import = 0Number of asset objects unloaded after import = 0

========================================================================
Received Import Request.
  Time since last request: 0.000113 seconds.
  path: Assets/UnityTechnologies/TowerDefenseTemplate/Audio/SFX/Towers/MachineGun/MG 7.wav
  artifactKey: Guid(4442df31c446a4ff4ac434e95e5de866) Importer(2089858483,b0f066a214c2f5e87bad3c948f4d605d)
Start importing Assets/UnityTechnologies/TowerDefenseTemplate/Audio/SFX/Towers/MachineGun/MG 7.wav using Guid(4442df31c446a4ff4ac434e95e5de866) Importer(2089858483,b0f066a214c2f5e87bad3c948f4d605d) (ScriptedImporter) -> (artifact id: 'bb519d6ac6c718940a7aa67aef8bb445') in 0.0230798 seconds
Number of updated asset objects reloaded before import = 0Number of asset objects unloaded after import = 1

========================================================================
Received Import Request.
  Time since last request: 0.000030 seconds.
  path: Assets/UnityTechnologies/TowerDefenseTemplate/Scenes/Levels/Level3/Level3/Lightmap-0_comp_shadowmask.png
  artifactKey: Guid(10c254b0bb10447b2b33495f091a107b) Importer(2089858483,b0f066a214c2f5e87bad3c948f4d605d)
Start importing Assets/UnityTechnologies/TowerDefenseTemplate/Scenes/Levels/Level3/Level3/Lightmap-0_comp_shadowmask.png using Guid(10c254b0bb10447b2b33495f091a107b) Importer(2089858483,b0f066a214c2f5e87bad3c948f4d605d) (ScriptedImporter) -> (artifact id: '64d5b432d71cb25118b4af774ee4ee9d') in 0.0438688 seconds
Number of updated asset objects reloaded before import = 0Number of asset objects unloaded after import = 1

========================================================================
Received Import Request.
  Time since last request: 0.000033 seconds.
  path: Assets/UnityTechnologies/TowerDefenseTemplate/Scripts/TowerDefense/UI/SceneLoader.cs
  artifactKey: Guid(87b166d0838cb4fc0b77377ac9c57d6f) Importer(2089858483,b0f066a214c2f5e87bad3c948f4d605d)
Start importing Assets/UnityTechnologies/TowerDefenseTemplate/Scripts/TowerDefense/UI/SceneLoader.cs using Guid(87b166d0838cb4fc0b77377ac9c57d6f) Importer(2089858483,b0f066a214c2f5e87bad3c948f4d605d) (ScriptedImporter) -> (artifact id: 'c7eab12ab646a524c06747a4a697a7a4') in 0.0108991 seconds
Number of updated asset objects reloaded before import = 0Number of asset objects unloaded after import = 0

========================================================================
Received Import Request.
  Time since last request: 0.000016 seconds.
  path: Assets/UnityTechnologies/TowerDefenseTemplate/Audio/SFX/Towers/MachineGun/MG 12.wav
  artifactKey: Guid(ebde808a5205d444193394a272542f85) Importer(2089858483,b0f066a214c2f5e87bad3c948f4d605d)
Start importing Assets/UnityTechnologies/TowerDefenseTemplate/Audio/SFX/Towers/MachineGun/MG 12.wav using Guid(ebde808a5205d444193394a272542f85) Importer(2089858483,b0f066a214c2f5e87bad3c948f4d605d) (ScriptedImporter) -> (artifact id: 'b27fffed5a15cc9d6932bbac0e7f241a') in 0.0267298 seconds
Number of updated asset objects reloaded before import = 0Number of asset objects unloaded after import = 1

========================================================================
Received Import Request.
  Time since last request: 0.000022 seconds.
  path: Assets/UnityTechnologies/TowerDefenseTemplate/Scripts/TowerDefense/Towers/TowerLaunchers/HomingLauncher.cs
  artifactKey: Guid(a2bff70a93c8466da986491f17cdf89f) Importer(2089858483,b0f066a214c2f5e87bad3c948f4d605d)
Start importing Assets/UnityTechnologies/TowerDefenseTemplate/Scripts/TowerDefense/Towers/TowerLaunchers/HomingLauncher.cs using Guid(a2bff70a93c8466da986491f17cdf89f) Importer(2089858483,b0f066a214c2f5e87bad3c948f4d605d) (ScriptedImporter) -> (artifact id: 'd96aaa8341f88270d296950d242bc6ee') in 0.0116448 seconds
Number of updated asset objects reloaded before import = 0Number of asset objects unloaded after import = 0

========================================================================
Received Import Request.
  Time since last request: 0.000041 seconds.
  path: Assets/UnityTechnologies/TowerDefenseTemplate/Scripts/TowerDefense/Towers/Projectiles/ContactDestroyer.cs
  artifactKey: Guid(1374c840df7846c285e765e84bbae920) Importer(2089858483,b0f066a214c2f5e87bad3c948f4d605d)
Start importing Assets/UnityTechnologies/TowerDefenseTemplate/Scripts/TowerDefense/Towers/Projectiles/ContactDestroyer.cs using Guid(1374c840df7846c285e765e84bbae920) Importer(2089858483,b0f066a214c2f5e87bad3c948f4d605d) (ScriptedImporter) -> (artifact id: '0e24e82568a82e6bd2ec6175c8dfadc2') in 0.0088524 seconds
Number of updated asset objects reloaded before import = 0Number of asset objects unloaded after import = 0

========================================================================
Received Import Request.
  Time since last request: 0.000037 seconds.
  path: Assets/UnityTechnologies/TowerDefenseTemplate/Scripts/TowerDefense/Towers/TowerLaunchers/BallisticLauncher.cs
  artifactKey: Guid(60237945a79b432f872d1c8c9d7c74a7) Importer(2089858483,b0f066a214c2f5e87bad3c948f4d605d)
Start importing Assets/UnityTechnologies/TowerDefenseTemplate/Scripts/TowerDefense/Towers/TowerLaunchers/BallisticLauncher.cs using Guid(60237945a79b432f872d1c8c9d7c74a7) Importer(2089858483,b0f066a214c2f5e87bad3c948f4d605d) (ScriptedImporter) -> (artifact id: 'b455d8b4a3c1c10aa06f3c11dc7a3b1d') in 0.0105149 seconds
Number of updated asset objects reloaded before import = 0Number of asset objects unloaded after import = 0

========================================================================
Received Import Request.
  Time since last request: 0.000039 seconds.
  path: Assets/UnityTechnologies/TowerDefenseTemplate/Scripts/TowerDefense/UI/HUD/BuildInfoUI.cs
  artifactKey: Guid(4856e607ac3a4750bc5c57af015e618c) Importer(2089858483,b0f066a214c2f5e87bad3c948f4d605d)
Start importing Assets/UnityTechnologies/TowerDefenseTemplate/Scripts/TowerDefense/UI/HUD/BuildInfoUI.cs using Guid(4856e607ac3a4750bc5c57af015e618c) Importer(2089858483,b0f066a214c2f5e87bad3c948f4d605d) (ScriptedImporter) -> (artifact id: '129dbe459994965568fba7e8bb60bac4') in 0.0109067 seconds
Number of updated asset objects reloaded before import = 0Number of asset objects unloaded after import = 0

========================================================================
Received Import Request.
  Time since last request: 0.000087 seconds.
  path: Assets/UnityTechnologies/TowerDefenseTemplate/Scripts/TowerDefense/UI/HUD/TowerSpawnButton.cs
  artifactKey: Guid(48b593ac399c34fe5b61ba9493ed7668) Importer(2089858483,b0f066a214c2f5e87bad3c948f4d605d)
Start importing Assets/UnityTechnologies/TowerDefenseTemplate/Scripts/TowerDefense/UI/HUD/TowerSpawnButton.cs using Guid(48b593ac399c34fe5b61ba9493ed7668) Importer(2089858483,b0f066a214c2f5e87bad3c948f4d605d) (ScriptedImporter) -> (artifact id: '0abc2eeda783b0cb6e992f06c4915f8d') in 0.0114425 seconds
Number of updated asset objects reloaded before import = 0Number of asset objects unloaded after import = 0

========================================================================
Received Import Request.
  Time since last request: 0.000096 seconds.
  path: Assets/UnityTechnologies/TowerDefenseTemplate/Scripts/TowerDefense/Targetting/Targetter.cs
  artifactKey: Guid(d0e4035901ee40bba7c0866d2c6338a1) Importer(2089858483,b0f066a214c2f5e87bad3c948f4d605d)
Start importing Assets/UnityTechnologies/TowerDefenseTemplate/Scripts/TowerDefense/Targetting/Targetter.cs using Guid(d0e4035901ee40bba7c0866d2c6338a1) Importer(2089858483,b0f066a214c2f5e87bad3c948f4d605d) (ScriptedImporter) -> (artifact id: '546fe50464223c404297a9ef3e454a86') in 0.0100006 seconds
Number of updated asset objects reloaded before import = 0Number of asset objects unloaded after import = 0

========================================================================
Received Import Request.
  Time since last request: 0.000060 seconds.
  path: Assets/UnityTechnologies/TowerDefenseTemplate/Scripts/TowerDefense/Towers/Tower.cs
  artifactKey: Guid(4ef49f7917004103834ac7530eb81c64) Importer(2089858483,b0f066a214c2f5e87bad3c948f4d605d)
Start importing Assets/UnityTechnologies/TowerDefenseTemplate/Scripts/TowerDefense/Towers/Tower.cs using Guid(4ef49f7917004103834ac7530eb81c64) Importer(2089858483,b0f066a214c2f5e87bad3c948f4d605d) (ScriptedImporter) -> (artifact id: '9d169ce03af3a3d1f9f8ac1142d475b5') in 0.0080242 seconds
Number of updated asset objects reloaded before import = 0Number of asset objects unloaded after import = 0

========================================================================
Received Import Request.
  Time since last request: 0.000022 seconds.
  path: Assets/UnityTechnologies/TowerDefenseTemplate/Audio/SFX/Towers/MachineGun/MG 3.wav
  artifactKey: Guid(5bf7c957d8f4a40ff9977d85be58d48f) Importer(2089858483,b0f066a214c2f5e87bad3c948f4d605d)
Start importing Assets/UnityTechnologies/TowerDefenseTemplate/Audio/SFX/Towers/MachineGun/MG 3.wav using Guid(5bf7c957d8f4a40ff9977d85be58d48f) Importer(2089858483,b0f066a214c2f5e87bad3c948f4d605d) (ScriptedImporter) -> (artifact id: 'd1aaefe77c81b6db21f7db2209e43b3f') in 0.0189958 seconds
Number of updated asset objects reloaded before import = 0Number of asset objects unloaded after import = 1

========================================================================
Received Import Request.
  Time since last request: 0.000024 seconds.
  path: Assets/UnityTechnologies/TowerDefenseTemplate/Scripts/TowerDefense/Towers/SelfDestroyTimer.cs
  artifactKey: Guid(2952db25fdd244f4a9981e4350b798e2) Importer(2089858483,b0f066a214c2f5e87bad3c948f4d605d)
Start importing Assets/UnityTechnologies/TowerDefenseTemplate/Scripts/TowerDefense/Towers/SelfDestroyTimer.cs using Guid(2952db25fdd244f4a9981e4350b798e2) Importer(2089858483,b0f066a214c2f5e87bad3c948f4d605d) (ScriptedImporter) -> (artifact id: 'ebde97387cc206c4e49c441808576ebc') in 0.0134471 seconds
Number of updated asset objects reloaded before import = 0Number of asset objects unloaded after import = 0

========================================================================
Received Import Request.
  Time since last request: 0.000070 seconds.
  path: Assets/UnityTechnologies/TowerDefenseTemplate/Scripts/TowerDefense/UI/MouseScroll.cs
  artifactKey: Guid(a369de68c1e3344039aa479d145fd018) Importer(2089858483,b0f066a214c2f5e87bad3c948f4d605d)
Start importing Assets/UnityTechnologies/TowerDefenseTemplate/Scripts/TowerDefense/UI/MouseScroll.cs using Guid(a369de68c1e3344039aa479d145fd018) Importer(2089858483,b0f066a214c2f5e87bad3c948f4d605d) (ScriptedImporter) -> (artifact id: '3ae7ffb5f28c64113ce9eb81220cf2d1') in 0.0134182 seconds
Number of updated asset objects reloaded before import = 0Number of asset objects unloaded after import = 0

========================================================================
Received Import Request.
  Time since last request: 0.000025 seconds.
  path: Assets/UnityTechnologies/TowerDefenseTemplate/Scenes/Levels/Level2/Level2/Lightmap-0_comp_light.exr
  artifactKey: Guid(49428a403616940c0ae259322c1afa6b) Importer(2089858483,b0f066a214c2f5e87bad3c948f4d605d)
Start importing Assets/UnityTechnologies/TowerDefenseTemplate/Scenes/Levels/Level2/Level2/Lightmap-0_comp_light.exr using Guid(49428a403616940c0ae259322c1afa6b) Importer(2089858483,b0f066a214c2f5e87bad3c948f4d605d) (ScriptedImporter) -> (artifact id: 'e1cddd0539bc0e5ccfd9e27e263870d3') in 0.0300726 seconds
Number of updated asset objects reloaded before import = 0Number of asset objects unloaded after import = 1

========================================================================
Received Import Request.
  Time since last request: 0.000074 seconds.
  path: Assets/UnityTechnologies/TowerDefenseTemplate/Scenes/Levels/Level5/Level5/Lightmap-0_comp_light.exr
  artifactKey: Guid(f7c6acd7c0a654223ad0f3d46d4511e9) Importer(2089858483,b0f066a214c2f5e87bad3c948f4d605d)
Start importing Assets/UnityTechnologies/TowerDefenseTemplate/Scenes/Levels/Level5/Level5/Lightmap-0_comp_light.exr using Guid(f7c6acd7c0a654223ad0f3d46d4511e9) Importer(2089858483,b0f066a214c2f5e87bad3c948f4d605d) (ScriptedImporter) -> (artifact id: 'd2fcc94eeda1c296d2fd0dbba44b609d') in 0.0281437 seconds
Number of updated asset objects reloaded before import = 0Number of asset objects unloaded after import = 1

========================================================================
Received Import Request.
  Time since last request: 0.000034 seconds.
  path: Assets/UnityTechnologies/TowerDefenseTemplate/Scenes/Levels/Level2/Level2/LightingData.asset
  artifactKey: Guid(be7aa0ed75cb94133b36c8126cc10667) Importer(2089858483,b0f066a214c2f5e87bad3c948f4d605d)
Start importing Assets/UnityTechnologies/TowerDefenseTemplate/Scenes/Levels/Level2/Level2/LightingData.asset using Guid(be7aa0ed75cb94133b36c8126cc10667) Importer(2089858483,b0f066a214c2f5e87bad3c948f4d605d) (ScriptedImporter) -> (artifact id: '29191c0c36013c5158ac2f31756a3e1f') in 0.0180695 seconds
Number of updated asset objects reloaded before import = 0Number of asset objects unloaded after import = 2

========================================================================
Received Import Request.
  Time since last request: 0.000026 seconds.
  path: Assets/UnityTechnologies/TowerDefenseTemplate/Scripts/TowerDefense/Towers/Placement/TowerPlacementGrid.cs
  artifactKey: Guid(d6047b4caea1744b999805dd16c51366) Importer(2089858483,b0f066a214c2f5e87bad3c948f4d605d)
Start importing Assets/UnityTechnologies/TowerDefenseTemplate/Scripts/TowerDefense/Towers/Placement/TowerPlacementGrid.cs using Guid(d6047b4caea1744b999805dd16c51366) Importer(2089858483,b0f066a214c2f5e87bad3c948f4d605d) (ScriptedImporter) -> (artifact id: '588221b0ae4a092815ad676c07059b7d') in 0.0160692 seconds
Number of updated asset objects reloaded before import = 0Number of asset objects unloaded after import = 0

========================================================================
Received Import Request.
  Time since last request: 0.000069 seconds.
  path: Assets/UnityTechnologies/TowerDefenseTemplate/Scripts/TowerDefense/Level/SpawnInstruction.cs
  artifactKey: Guid(e5c4bd225d4214408b42f4011678a7d9) Importer(2089858483,b0f066a214c2f5e87bad3c948f4d605d)
Start importing Assets/UnityTechnologies/TowerDefenseTemplate/Scripts/TowerDefense/Level/SpawnInstruction.cs using Guid(e5c4bd225d4214408b42f4011678a7d9) Importer(2089858483,b0f066a214c2f5e87bad3c948f4d605d) (ScriptedImporter) -> (artifact id: '788c479d76dc7b54b314bf36ed7a7395') in 0.012757 seconds
Number of updated asset objects reloaded before import = 0Number of asset objects unloaded after import = 0

========================================================================
Received Import Request.
  Time since last request: 0.000079 seconds.
  path: Assets/UnityTechnologies/TowerDefenseTemplate/Scenes/Levels/Level5/Level5/Lightmap-1_comp_shadowmask.png
  artifactKey: Guid(53271f126e25e444f8899aea2b123c0c) Importer(2089858483,b0f066a214c2f5e87bad3c948f4d605d)
Start importing Assets/UnityTechnologies/TowerDefenseTemplate/Scenes/Levels/Level5/Level5/Lightmap-1_comp_shadowmask.png using Guid(53271f126e25e444f8899aea2b123c0c) Importer(2089858483,b0f066a214c2f5e87bad3c948f4d605d) (ScriptedImporter) -> (artifact id: 'b93cf66932f02134f7271dcefebca846') in 0.0186775 seconds
Number of updated asset objects reloaded before import = 0Number of asset objects unloaded after import = 1

========================================================================
Received Import Request.
  Time since last request: 0.000016 seconds.
  path: Assets/UnityTechnologies/TowerDefenseTemplate/Scripts/TowerDefense/UI/ScorePanel.cs
  artifactKey: Guid(f13782b2af64488fa11f380f08dfab63) Importer(2089858483,b0f066a214c2f5e87bad3c948f4d605d)
Start importing Assets/UnityTechnologies/TowerDefenseTemplate/Scripts/TowerDefense/UI/ScorePanel.cs using Guid(f13782b2af64488fa11f380f08dfab63) Importer(2089858483,b0f066a214c2f5e87bad3c948f4d605d) (ScriptedImporter) -> (artifact id: 'b327b54995b279ff426250a0f0c43133') in 0.0119528 seconds
Number of updated asset objects reloaded before import = 0Number of asset objects unloaded after import = 0

========================================================================
Received Import Request.
  Time since last request: 0.000033 seconds.
  path: Assets/UnityTechnologies/TowerDefenseTemplate/Audio/SFX/Towers/MachineGun/MG 1.wav
  artifactKey: Guid(d440c9f7407a04474bf738520785306b) Importer(2089858483,b0f066a214c2f5e87bad3c948f4d605d)
Start importing Assets/UnityTechnologies/TowerDefenseTemplate/Audio/SFX/Towers/MachineGun/MG 1.wav using Guid(d440c9f7407a04474bf738520785306b) Importer(2089858483,b0f066a214c2f5e87bad3c948f4d605d) (ScriptedImporter) -> (artifact id: 'b76cf03897173ae16c96d40532819a14') in 0.0190389 seconds
Number of updated asset objects reloaded before import = 0Number of asset objects unloaded after import = 1

========================================================================
Received Import Request.
  Time since last request: 0.000013 seconds.
  path: Assets/UnityTechnologies/TowerDefenseTemplate/Scripts/TowerDefense/UI/HUD/PlacementTile.cs
  artifactKey: Guid(d06238ca2d764f9f83038ae27a1aea89) Importer(2089858483,b0f066a214c2f5e87bad3c948f4d605d)
Start importing Assets/UnityTechnologies/TowerDefenseTemplate/Scripts/TowerDefense/UI/HUD/PlacementTile.cs using Guid(d06238ca2d764f9f83038ae27a1aea89) Importer(2089858483,b0f066a214c2f5e87bad3c948f4d605d) (ScriptedImporter) -> (artifact id: '229ee8b4a1ae8b4ae5571de66315a1fc') in 0.011104 seconds
Number of updated asset objects reloaded before import = 0Number of asset objects unloaded after import = 0

========================================================================
Received Import Request.
  Time since last request: 0.000082 seconds.
  path: Assets/UnityTechnologies/TowerDefenseTemplate/Scripts/TowerDefense/Level/Editor/WaveEditor.cs
  artifactKey: Guid(4e6be80d4c964848a5fc4c6adb5ef8ed) Importer(2089858483,b0f066a214c2f5e87bad3c948f4d605d)
Start importing Assets/UnityTechnologies/TowerDefenseTemplate/Scripts/TowerDefense/Level/Editor/WaveEditor.cs using Guid(4e6be80d4c964848a5fc4c6adb5ef8ed) Importer(2089858483,b0f066a214c2f5e87bad3c948f4d605d) (ScriptedImporter) -> (artifact id: 'da3126b489c0d41e840cd9fdb1a69d68') in 0.0116022 seconds
Number of updated asset objects reloaded before import = 0Number of asset objects unloaded after import = 0

========================================================================
Received Import Request.
  Time since last request: 0.000060 seconds.
  path: Assets/UnityTechnologies/TowerDefenseTemplate/Audio/SFX/Towers/MachineGun/MG 9.wav
  artifactKey: Guid(eed58edbe19094382b8536c1405fed61) Importer(2089858483,b0f066a214c2f5e87bad3c948f4d605d)
Start importing Assets/UnityTechnologies/TowerDefenseTemplate/Audio/SFX/Towers/MachineGun/MG 9.wav using Guid(eed58edbe19094382b8536c1405fed61) Importer(2089858483,b0f066a214c2f5e87bad3c948f4d605d) (ScriptedImporter) -> (artifact id: '3d0f5391058004227335005b4003a7ce') in 0.02058 seconds
Number of updated asset objects reloaded before import = 0Number of asset objects unloaded after import = 1

========================================================================
Received Import Request.
  Time since last request: 0.000021 seconds.
  path: Assets/UnityTechnologies/TowerDefenseTemplate/Scripts/TowerDefense/Towers/TowerLaunchers/Launcher.cs
  artifactKey: Guid(14c70f2703884e95af9717f6c52dacb4) Importer(2089858483,b0f066a214c2f5e87bad3c948f4d605d)
Start importing Assets/UnityTechnologies/TowerDefenseTemplate/Scripts/TowerDefense/Towers/TowerLaunchers/Launcher.cs using Guid(14c70f2703884e95af9717f6c52dacb4) Importer(2089858483,b0f066a214c2f5e87bad3c948f4d605d) (ScriptedImporter) -> (artifact id: '3df2687b74b4a7dd5d6c2d3c93c47488') in 0.0131314 seconds
Number of updated asset objects reloaded before import = 0Number of asset objects unloaded after import = 0

========================================================================
Received Import Request.
  Time since last request: 0.000085 seconds.
  path: Assets/UnityTechnologies/TowerDefenseTemplate/Scenes/Levels/Level2/Level2/Lightmap-1_comp_shadowmask.png
  artifactKey: Guid(574619132a14a4ccf9ce8a021354f7a9) Importer(2089858483,b0f066a214c2f5e87bad3c948f4d605d)
Start importing Assets/UnityTechnologies/TowerDefenseTemplate/Scenes/Levels/Level2/Level2/Lightmap-1_comp_shadowmask.png using Guid(574619132a14a4ccf9ce8a021354f7a9) Importer(2089858483,b0f066a214c2f5e87bad3c948f4d605d) (ScriptedImporter) -> (artifact id: '324c795eaf68887d2b8e5e7f01717314') in 0.0156149 seconds
Number of updated asset objects reloaded before import = 0Number of asset objects unloaded after import = 1

========================================================================
Received Import Request.
  Time since last request: 0.000064 seconds.
  path: Assets/UnityTechnologies/TowerDefenseTemplate/Scenes/Levels/Level2/Level2/Lightmap-1_comp_dir.png
  artifactKey: Guid(17e73664f58a6484e963caa86ac0d9da) Importer(2089858483,b0f066a214c2f5e87bad3c948f4d605d)
Start importing Assets/UnityTechnologies/TowerDefenseTemplate/Scenes/Levels/Level2/Level2/Lightmap-1_comp_dir.png using Guid(17e73664f58a6484e963caa86ac0d9da) Importer(2089858483,b0f066a214c2f5e87bad3c948f4d605d) (ScriptedImporter) -> (artifact id: '057fad5725c4ec7413a5862b6712e75d') in 0.0145642 seconds
Number of updated asset objects reloaded before import = 0Number of asset objects unloaded after import = 1

========================================================================
Received Import Request.
  Time since last request: 0.000014 seconds.
  path: Assets/UnityTechnologies/TowerDefenseTemplate/Scenes/Levels/Level2/Level2/ReflectionProbe-0.exr
  artifactKey: Guid(f91a18724ee934b48a0d1436188f655a) Importer(2089858483,b0f066a214c2f5e87bad3c948f4d605d)
Start importing Assets/UnityTechnologies/TowerDefenseTemplate/Scenes/Levels/Level2/Level2/ReflectionProbe-0.exr using Guid(f91a18724ee934b48a0d1436188f655a) Importer(2089858483,b0f066a214c2f5e87bad3c948f4d605d) (ScriptedImporter) -> (artifact id: '75096677fa1b49e30de496fd80c95499') in 0.0136206 seconds
Number of updated asset objects reloaded before import = 0Number of asset objects unloaded after import = 1

========================================================================
Received Import Request.
  Time since last request: 0.000099 seconds.
  path: Assets/UnityTechnologies/TowerDefenseTemplate/Scripts/TowerDefense/Towers/Placement/TowerFitStatus.cs
  artifactKey: Guid(eb0f40551aa9458b8cc7154559891f03) Importer(2089858483,b0f066a214c2f5e87bad3c948f4d605d)
Start importing Assets/UnityTechnologies/TowerDefenseTemplate/Scripts/TowerDefense/Towers/Placement/TowerFitStatus.cs using Guid(eb0f40551aa9458b8cc7154559891f03) Importer(2089858483,b0f066a214c2f5e87bad3c948f4d605d) (ScriptedImporter) -> (artifact id: '264c9c8e6bc316a518f212187f0b582d') in 0.0112847 seconds
Number of updated asset objects reloaded before import = 0Number of asset objects unloaded after import = 0

========================================================================
Received Import Request.
  Time since last request: 0.000016 seconds.
  path: Assets/UnityTechnologies/TowerDefenseTemplate/PostProcessing/Resources/Shaders/ScreenSpaceRaytrace.cginc
  artifactKey: Guid(a92d6fdbe2c35f94190497c18b88f9af) Importer(2089858483,b0f066a214c2f5e87bad3c948f4d605d)
Start importing Assets/UnityTechnologies/TowerDefenseTemplate/PostProcessing/Resources/Shaders/ScreenSpaceRaytrace.cginc using Guid(a92d6fdbe2c35f94190497c18b88f9af) Importer(2089858483,b0f066a214c2f5e87bad3c948f4d605d) (ScriptedImporter) -> (artifact id: '6130dafc0025e1b6883045e989228210') in 0.0120095 seconds
Number of updated asset objects reloaded before import = 0Number of asset objects unloaded after import = 1

========================================================================
Received Import Request.
  Time since last request: 0.000033 seconds.
  path: Assets/UnityTechnologies/TowerDefenseTemplate/PostProcessing/Resources/Shaders/DepthOfField.cginc
  artifactKey: Guid(ddc2c19b8a216d748a357ffe32ba4dc1) Importer(2089858483,b0f066a214c2f5e87bad3c948f4d605d)
Start importing Assets/UnityTechnologies/TowerDefenseTemplate/PostProcessing/Resources/Shaders/DepthOfField.cginc using Guid(ddc2c19b8a216d748a357ffe32ba4dc1) Importer(2089858483,b0f066a214c2f5e87bad3c948f4d605d) (ScriptedImporter) -> (artifact id: '24243c7dadc99ee9a8df7bc707d9b9a9') in 0.0107121 seconds
Number of updated asset objects reloaded before import = 0Number of asset objects unloaded after import = 1

========================================================================
Received Import Request.
  Time since last request: 0.000013 seconds.
  path: Assets/UnityTechnologies/TowerDefenseTemplate/PostProcessing/Editor Resources/Monitors/HistogramCompute.compute
  artifactKey: Guid(51b7e4b4448c98f4a849081110fd6212) Importer(2089858483,b0f066a214c2f5e87bad3c948f4d605d)
Start importing Assets/UnityTechnologies/TowerDefenseTemplate/PostProcessing/Editor Resources/Monitors/HistogramCompute.compute using Guid(51b7e4b4448c98f4a849081110fd6212) Importer(2089858483,b0f066a214c2f5e87bad3c948f4d605d) (ScriptedImporter) -> (artifact id: 'be57f3b0d9ec3b924caeeca68b8042b8') in 0.0109875 seconds
Number of updated asset objects reloaded before import = 0Number of asset objects unloaded after import = 1

========================================================================
Received Import Request.
  Time since last request: 0.000046 seconds.
  path: Assets/UnityTechnologies/TowerDefenseTemplate/PostProcessing/Editor Resources/Monitors/VectorscopeCompute.compute
  artifactKey: Guid(45de9ff58691e934c9810dc23de2ba50) Importer(2089858483,b0f066a214c2f5e87bad3c948f4d605d)
Start importing Assets/UnityTechnologies/TowerDefenseTemplate/PostProcessing/Editor Resources/Monitors/VectorscopeCompute.compute using Guid(45de9ff58691e934c9810dc23de2ba50) Importer(2089858483,b0f066a214c2f5e87bad3c948f4d605d) (ScriptedImporter) -> (artifact id: '6f4024d6b6d945abee79baf51c380309') in 0.0125428 seconds
Number of updated asset objects reloaded before import = 0Number of asset objects unloaded after import = 1

========================================================================
Received Import Request.
  Time since last request: 0.000030 seconds.
  path: Assets/UnityTechnologies/TowerDefenseTemplate/Materials/Towers/EnergyPylon/EnergyPylon_L01_Albedo_V001.mat
  artifactKey: Guid(47fc7f40915844782be68fcc221f57d6) Importer(2089858483,b0f066a214c2f5e87bad3c948f4d605d)
Start importing Assets/UnityTechnologies/TowerDefenseTemplate/Materials/Towers/EnergyPylon/EnergyPylon_L01_Albedo_V001.mat using Guid(47fc7f40915844782be68fcc221f57d6) Importer(2089858483,b0f066a214c2f5e87bad3c948f4d605d) (ScriptedImporter) -> (artifact id: 'cdd88a277efdd21b20b804f13daa5dfb') in 0.0158472 seconds
Number of updated asset objects reloaded before import = 0Number of asset objects unloaded after import = 2

========================================================================
Received Import Request.
  Time since last request: 0.000020 seconds.
  path: Assets/UnityTechnologies/TowerDefenseTemplate/PostProcessing/Editor/Monitors/HistogramMonitor.cs
  artifactKey: Guid(4581c45ac4aa2264187087659a4cc252) Importer(2089858483,b0f066a214c2f5e87bad3c948f4d605d)
Start importing Assets/UnityTechnologies/TowerDefenseTemplate/PostProcessing/Editor/Monitors/HistogramMonitor.cs using Guid(4581c45ac4aa2264187087659a4cc252) Importer(2089858483,b0f066a214c2f5e87bad3c948f4d605d) (ScriptedImporter) -> (artifact id: 'db8ce1960bffb99b90ea258fe96d711d') in 0.009624 seconds
Number of updated asset objects reloaded before import = 0Number of asset objects unloaded after import = 0

========================================================================
Received Import Request.
  Time since last request: 0.000069 seconds.
  path: Assets/UnityTechnologies/TowerDefenseTemplate/PostProcessing/Resources/Bluenoise64/LDR_LLL1_16.png
  artifactKey: Guid(153f7d6dfbe713d4884df0f1e243ba92) Importer(2089858483,b0f066a214c2f5e87bad3c948f4d605d)
Start importing Assets/UnityTechnologies/TowerDefenseTemplate/PostProcessing/Resources/Bluenoise64/LDR_LLL1_16.png using Guid(153f7d6dfbe713d4884df0f1e243ba92) Importer(2089858483,b0f066a214c2f5e87bad3c948f4d605d) (ScriptedImporter) -> (artifact id: 'cbd52ab93c932864ce4b3f4ab7faf506') in 0.0136152 seconds
Number of updated asset objects reloaded before import = 0Number of asset objects unloaded after import = 1

========================================================================
Received Import Request.
  Time since last request: 0.000028 seconds.
  path: Assets/UnityTechnologies/TowerDefenseTemplate/PostProcessing/Resources/Shaders/Blit.shader
  artifactKey: Guid(7d89469544dfa214eabdbf37fca76f40) Importer(2089858483,b0f066a214c2f5e87bad3c948f4d605d)
Start importing Assets/UnityTechnologies/TowerDefenseTemplate/PostProcessing/Resources/Shaders/Blit.shader using Guid(7d89469544dfa214eabdbf37fca76f40) Importer(2089858483,b0f066a214c2f5e87bad3c948f4d605d) (ScriptedImporter) -> (artifact id: '91d806977765d990f5db9e02247aee08') in 0.0113124 seconds
Number of updated asset objects reloaded before import = 0Number of asset objects unloaded after import = 1

Editor requested this worker to shutdown with reason: Scaling down because of idle timeout
AssetImportWorker is now disconnected from the server
Process exiting
Exiting without the bug reporter. Application will terminate with return code 0